age,gender,race,income,credit_score,debt_to_income_ratio,loan_amount,loan_term,employment_years,savings_amount,num_credit_accounts,num_late_payments,has_mortgage,has_auto_loan,education,income_to_loan_ratio,monthly_payment,payment_to_income_ratio,loan_approved
56,Male,White,63765.19421544827,341,0.5791546813514674,156645.28279246067,10,9.340141682869854,25300.3407610046,5,0,1,0,Bachelor,0.4070674397513187,1305.377356603839,0.24565954000420895,1
69,Male,White,60954.779574751214,785,0.5467603772945205,181886.3237007318,10,0.10082565545787903,30526.4787235646,2,1,1,1,High School,0.3351256891367142,1515.719364172765,0.2983955072426725,1
46,Male,Black,35889.24105443078,472,0.3169774601247589,222612.30385482716,10,22.934558125828676,40751.71445325041,9,1,1,1,Bachelor,0.16121858690180638,1855.1025321235597,0.6202758746477981,1
32,Female,Black,33079.206547447306,549,0.3866642463055817,178942.2038463049,10,8.309948400421641,44048.092114440995,8,4,0,0,High School,0.18485972474028173,1491.185032052541,0.5409507135234286,0
60,Male,White,63137.974126392946,809,0.5837595939026203,340100.20564491564,15,9.890336861560122,37778.951527068835,8,1,0,1,High School,0.18564521008350304,1889.445586916198,0.35910792762538857,1
25,Female,Hispanic,35553.05190769941,801,0.5912801809632351,243537.3467267978,20,25.304436745411316,14308.707693137098,3,4,0,0,High School,0.14598603616874875,1014.7389446949909,0.3424985109000686,0
78,Male,Black,51198.19548159007,492,0.32491163785897614,248398.9464639973,20,1.5675347136786189,23507.075005577397,9,4,1,0,High School,0.2061127722577144,1034.9956102666554,0.24258564596609367,0
38,Female,White,52475.09285048554,464,0.5236750140715443,246234.58158727735,20,27.82860994372316,11565.781984920539,5,0,0,0,PhD,0.21311016719187287,1025.9774232803222,0.23462043439242716,1
56,Female,White,56241.24263453477,389,0.2509901134769682,71159.9866457473,20,0.0408576731551924,23759.6702173749,4,0,0,1,Master,0.7903492578563587,296.4999443572804,0.06326317068432954,0
75,Female,Hispanic,67165.40860363744,357,0.2859064364653323,220196.61426173398,20,28.175073444762184,17589.774025292187,3,1,1,0,PhD,0.3050247108877074,917.4858927572249,0.16392114545239952,0
36,Male,Hispanic,24740.741262653544,562,0.18241094149511314,223646.66759310436,30,13.64275473250249,2865.527089926076,1,1,0,0,High School,0.11062423388157101,621.2407433141788,0.30132035417319497,0
40,Male,Hispanic,11776.813494790244,542,0.20459229638836515,87569.25936786464,30,3.063678754554587,41779.378677426335,3,4,0,1,Bachelor,0.13448570399936477,243.2479426885129,0.24785781939685414,1
28,Male,White,38651.05437543297,518,0.42843665112967944,288599.9974774835,10,20.224841017235622,45621.11810545769,6,2,1,0,High School,0.1339260385074969,2404.9999789790295,0.7466807882501669,1
28,Female,Asian,86030.56815664371,308,0.3553908090035405,-3741.365335365699,30,26.875692771636654,8628.818753215983,2,0,0,1,High School,-22.9944312958239,-10.392681487126943,-0.0014496263423304197,1
41,Male,White,90443.48200174757,729,0.21556593031280144,451970.80773763073,20,13.1421845054286,27811.326302127145,2,3,1,1,Bachelor,0.2001091230968396,1883.2116989067947,0.24986367051242986,1
70,Male,White,86623.54271131774,312,0.30145480818082626,196247.1034874357,10,20.740737120919988,9277.125964953653,2,2,0,0,Bachelor,0.44140036297077695,1635.392529061964,0.22655169408327044,0
53,Male,Asian,46140.37264478621,524,0.2865917299318409,114454.82882310996,20,29.38088160567882,18811.418107430163,8,0,0,0,High School,0.40313172558316607,476.89512009629146,0.12402893850061177,1
57,Male,White,14357.698360303424,366,0.5936801022676671,261772.82421009958,20,7.221024711390152,12025.253280227835,0,0,0,1,Bachelor,0.05484793314060705,1090.720100875415,0.9116113796270321,0
41,Female,Black,3139.2179669631805,802,0.5267829186056897,262615.3713823183,10,24.613483707680643,10592.549698631043,4,1,0,0,High School,0.011953671829791991,2188.461428185986,8.365630362276736,0
20,Male,White,37719.236769011775,483,0.29398316669191216,404611.4197668432,20,8.857113280415298,22852.484440008524,8,3,1,1,Bachelor,0.09322336178931241,1685.88091569518,0.536346244549746,0
39,Female,Black,46038.5273970128,507,0.5569582894480165,378217.6215668243,30,12.790127999704799,-7230.393169927822,6,3,1,0,Bachelor,0.1217249667170217,1050.6045043522897,0.2738413838372575,0
70,Male,Asian,76012.50802111917,827,0.2713176958140856,67016.71695435923,10,8.452976054917825,12156.297417451044,0,0,1,0,Bachelor,1.134232046503955,558.472641286327,0.0881653805393968,1
19,Male,White,67356.10919084892,599,0.43395075636742975,172995.40554439623,15,13.380352453023672,80233.66381353323,3,4,0,0,Bachelor,0.3893520118576973,961.0855863577568,0.17122466209583218,0
41,Male,Black,54548.101579832415,540,0.5833249983410562,109034.56519793517,15,0.15267097284847542,-3116.54207623655,5,3,0,1,Bachelor,0.5002826533109834,605.7475844329731,0.1332580017025408,0
61,Male,White,32203.104581177166,754,0.29513943199427617,274215.5174278172,15,9.103165419908144,14295.613393877276,4,2,0,1,Bachelor,0.11743720735882174,1523.4195412656513,0.5676792574177195,1
47,Male,Black,30784.408835102196,829,0.43994248255246693,341500.5752824045,20,13.358821918130873,24321.62263543085,1,4,0,0,Bachelor,0.09014452994594511,1422.9190636766855,0.5546648258078705,0
55,Female,White,55082.55374142871,543,0.2479619055313166,68341.46140969743,20,18.967205511182883,17305.943628666584,0,1,0,0,Bachelor,0.8059902818176007,284.7560892070726,0.06203548743446913,1
19,Male,White,63941.01957679453,537,0.23315615779898732,193679.54655477626,20,19.120841735277267,8541.641117476378,3,0,0,0,Bachelor,0.33013821394253834,806.9981106449011,0.1514517189721717,1
77,Female,White,57837.62524491169,545,0.387078333215776,136813.53951853278,20,17.513568554114784,34520.284846494964,9,0,0,1,Master,0.42274781756579727,570.0564146605533,0.11827382170274105,1
38,Male,White,29308.040807866902,644,0.5896322990166091,284443.99482528877,10,8.790954887768907,22240.670768009535,4,2,0,0,High School,0.10303624383375888,2370.3666235440733,0.9705322736855817,1
50,Male,Asian,63013.35257584172,783,0.32656692436008494,240948.5457883598,15,28.422129478072364,10648.285787917473,3,2,1,1,Master,0.26152202898618154,1338.6030321575545,0.25491797736927635,1
29,Female,White,58518.21934202823,609,0.5688184851582904,317581.42234156345,30,11.75909471223298,32859.04313283766,2,1,1,1,Bachelor,0.1842620985527643,882.170617615454,0.1809017350564266,1
75,Male,White,28586.671876196433,583,0.5571817601223809,157893.72504189904,10,6.506818237171734,12089.889867058391,9,1,0,1,Master,0.18105008206380974,1315.7810420158253,0.5523333591462043,0
39,Male,White,34313.580593994884,337,0.22688130617249738,188335.07531109432,15,16.63538819003962,6876.635813305924,7,3,0,1,Master,0.18219431795864507,1046.305973950524,0.36590969144163343,1
78,Male,White,63769.91949123133,331,0.30090970354216373,239411.49744146093,15,22.467860096427408,28816.99246088195,5,4,0,0,Master,0.26636114043279757,1330.063874674783,0.2502867593911903,0
61,Male,Hispanic,45309.84929708218,542,0.4216512392470916,172894.98304641226,10,0.36700718466798676,394.2040465965183,2,0,0,0,Bachelor,0.26206572625024704,1440.7915253867689,0.3815836638802199,1
42,Female,Asian,81782.94603272915,591,0.35902294220569586,229900.15362163485,10,8.290320221866423,46367.73267794881,5,3,0,0,High School,0.3557324549131268,1915.8346135136237,0.28111013942886076,1
66,Male,White,60022.58552129153,591,0.14797926493158717,327014.84219664463,10,24.749335578000895,42741.33090210396,9,1,0,0,Bachelor,0.18354697639441697,2725.1236849720385,0.5448196530631694,1
44,Female,Hispanic,40267.376236214615,681,0.5968490150635791,413359.72795408114,30,15.210632801567947,28203.397527472604,7,2,1,0,High School,0.09741485082622223,1148.2214665391143,0.34217917546059246,0
76,Female,Black,49795.88799218135,437,0.47632700060564004,151166.9220655952,15,12.25464913739742,11267.241823612596,6,3,1,1,Master,0.3294099483653814,839.816233697751,0.20238206829357813,0
59,Male,White,51267.66785275436,499,0.3188470191123559,414753.3132779986,30,27.927038387469356,3982.8405143532273,0,2,0,0,Master,0.12361002603586424,1152.0925368833293,0.2696652885071151,1
45,Female,Black,35432.1937351658,634,0.4090842748331457,149770.73299229227,30,2.6860529136851605,-18591.496021854284,5,4,0,1,Master,0.23657621904667625,416.02981386747854,0.1408989181907447,0
77,Male,Black,31748.23603644747,746,0.14378640863311506,286892.6562284506,30,18.46710602333547,44239.57466745541,0,2,0,0,Bachelor,0.11066242145691793,796.9240450790294,0.30121637403633317,1
33,Female,Black,64027.79787618999,647,0.34765082684480497,150560.39319172347,30,10.26566148731331,5458.443239501117,3,0,1,1,Bachelor,0.4252632217468843,418.2233144214541,0.07838282651485264,0
32,Male,Hispanic,66905.46594084191,577,0.5654162079087439,97040.71397435416,30,2.124701948787772,25311.50288039312,9,4,1,0,High School,0.6894576843130362,269.5575388176504,0.048347177922233316,0
79,Female,White,62075.62939105917,831,0.5483004790274891,322272.6010085264,10,6.412335258324605,22984.71097809484,2,2,0,1,Bachelor,0.19261838951495858,2685.605008404387,0.519161229889912,0
79,Male,Asian,80306.36188647604,698,0.26869042274157284,195085.02124614446,30,18.83799639051853,-5087.665583048805,6,3,1,1,Bachelor,0.41164801568825293,541.9028367948457,0.08097532858892037,0
64,Male,Hispanic,39164.535279767966,690,0.3656839319106694,328399.83334151265,20,0.8483080156367229,10933.49451497736,1,0,0,0,Bachelor,0.11925869413898153,1368.3326389229694,0.41925664506883725,1
79,Female,White,83485.4153214226,309,0.44869176204382344,275201.4046061744,10,17.76746446168053,3004.244435333472,3,0,0,0,Master,0.30336115268341013,2293.3450383847867,0.3296400976705173,0
68,Female,Black,31981.577628916944,848,0.27000463345395265,241111.41413139785,15,28.70551263651913,31896.272742388275,4,1,1,0,Master,0.13264232116148608,1339.5078562855435,0.5026047952335136,1
61,Male,White,29746.288732630142,358,0.13243960904696925,255115.59752582244,15,23.852881871108078,32557.60980515721,1,1,0,1,Bachelor,0.116599255479153,1417.308875143458,0.5717589395636075,0
72,Male,Asian,14800.822357014993,387,0.3527208283589024,308864.354329881,10,10.367912380015369,16339.140204970088,8,3,0,0,Bachelor,0.047920137592851034,2573.869619415675,2.0868053604027734,1
69,Female,Black,41084.09372346366,758,0.4008178679116682,292644.8146824986,30,4.14622939084825,7358.638863561937,1,1,0,1,Bachelor,0.14038893451106368,812.9022630069405,0.237435617339958,1
74,Female,White,39925.553263410926,403,0.10292080006075513,159547.02364521904,10,13.951933017389358,22819.413147744675,5,2,0,1,Bachelor,0.2502431718951551,1329.5585303768253,0.39961130304844916,1
20,Female,White,60518.745605093005,403,0.14778768676926532,242293.44318452026,15,11.788513085352163,36607.174996779235,7,1,1,1,High School,0.24977459071810099,1346.074684358446,0.2669073202162007,0
54,Female,Black,54877.818832409015,553,0.20364532179707615,350061.5387135019,15,29.15198880071556,-2223.2289177100065,6,0,1,1,Bachelor,0.15676620469100502,1944.7863261861216,0.42526172524282513,1
68,Female,White,26140.532579617266,634,0.27402614349546706,204529.0447294867,10,29.69604163525266,51690.04307106802,5,3,1,1,Bachelor,0.1278084128060694,1704.4087060790557,0.7824211083173015,0
24,Female,White,42145.47523148365,762,0.37052561141529017,150590.73337239685,20,12.317539689713735,16343.12601947039,7,2,0,1,PhD,0.2798676537902357,627.4613890516536,0.17865587295584945,1
38,Male,White,42570.75957824629,848,0.24692145937983265,137861.65532522646,20,4.4635195058981045,18217.538196834405,4,0,1,0,Bachelor,0.3087933296449874,574.4235638551103,0.1619205960746751,1
26,Male,White,14480.355060762144,600,0.23809190720325188,284915.4304080206,20,27.318286489287157,44039.836496373384,9,0,0,0,PhD,0.05082334445707335,1187.147626700086,0.9837998764963458,1
56,Female,White,30381.06545973261,640,0.5346746719065409,175957.48653496458,15,23.8062682700098,19163.14864038221,8,4,0,0,High School,0.1726613971250128,977.5415918609143,0.3861121696959148,0
35,Female,White,34583.727387718216,791,0.17252532040071314,236223.50395549845,20,15.338226199670927,18423.196987639098,1,1,0,1,Bachelor,0.1464025670969361,984.2645998145769,0.341524066083445,0
21,Male,White,78672.50039641892,383,0.3477300665861801,171193.61101298322,20,10.960639290454239,6298.220553080961,5,2,0,1,PhD,0.4595527831377565,713.3067125540967,0.10880143007427265,0
42,Male,Black,53829.01431914705,558,0.576412358468068,317394.56577013934,10,13.444974827991823,11343.60048441111,9,3,0,0,Bachelor,0.16959652156782867,2644.954714751161,0.5896347346959346,1
77,Female,Black,63243.37507894999,659,0.4125066245580229,215021.64142534984,30,27.05643525915331,9407.869446220477,6,3,0,0,Bachelor,0.29412562688908,597.2823372926384,0.11333025852216519,1
31,Male,White,20027.29005701576,386,0.45860273994721923,342816.92662332853,30,5.539303432906154,-6485.26875646579,8,3,0,0,Bachelor,0.05841978181847721,952.269240620357,0.5705829822663007,0
67,Male,White,73884.28966027984,727,0.31561849569530354,339154.4083348085,10,24.20350563370413,-11203.836911149217,4,4,0,0,Master,0.21784853106595126,2826.286736123404,0.45903453886373047,0
75,Male,Black,76022.04126048186,666,0.10996608355985979,191185.5081035582,30,0.5457189848146615,16526.024837968413,5,2,0,0,PhD,0.3976349568258254,531.0708558432173,0.08382898123299108,1
26,Male,White,10033.100657107476,642,0.4230651841836027,333334.392748678,20,27.61715979426255,-715.8619320073776,8,0,0,0,Bachelor,0.03009920630863935,1388.8933031194915,1.6611733707293317,0
43,Male,White,35893.66552168303,646,0.415962140714062,166223.08849089703,15,15.008918389386173,29789.881456502666,9,4,0,0,Master,0.21593670198017467,923.4616027272058,0.30873244823748114,1
70,Male,White,59915.31146031021,395,0.15521381823166655,226614.69764521997,20,6.802434790235166,16688.705071515094,5,1,0,1,PhD,0.26439287514400994,944.2279068550832,0.18911250907486035,0
19,Male,Hispanic,62887.76907076364,554,0.3310798568123158,122029.25574358577,10,0.08569508451547247,-3935.32779726405,0,0,1,1,High School,0.5153499354524189,1016.9104645298814,0.1940429077811203,1
37,Female,Hispanic,36430.105390255565,435,0.5576644723328252,259355.51388401177,30,16.786394062343227,42871.37458593267,3,3,0,1,Bachelor,0.14046397103609579,720.4319830111438,0.23730877809774784,0
45,Male,Hispanic,43890.01073892694,547,0.20254241598598757,230129.63493157382,10,7.334636116795144,13603.948901731746,3,1,1,0,PhD,0.190718638874898,1917.7469577631152,0.5243326011024809,1
64,Female,Hispanic,38052.37877909714,798,0.33054937731705514,251419.88983641827,10,18.937930080325298,27726.490757663913,2,2,0,0,Bachelor,0.15134991429618086,2095.165748636819,0.6607205591428827,0
77,Female,Black,52208.36093892239,785,0.33055159260026024,63987.23815917128,20,8.435078443561416,44662.029250757885,7,2,0,0,Bachelor,0.8159183368572906,266.61349232988033,0.061280642610125974,0
24,Male,White,73943.57062923825,701,0.5053807340738192,1064.4132941051503,30,2.6407208757068066,19492.4908647171,5,4,1,0,Bachelor,69.46885297162926,2.9567035947365286,0.00047983134753853653,0
61,Female,Black,34579.156857175905,711,0.5122879351647223,86736.90886900818,15,15.15154889530678,20209.75587259001,6,2,1,0,High School,0.39866715690085336,481.87171593893436,0.1672238746349661,1
78,Male,White,70016.40995536829,747,0.479634709831696,249911.8648127236,20,16.93457208864433,41571.79319762148,8,3,0,0,Master,0.2801644091921625,1041.2994367196816,0.17846663730119056,1
25,Female,Black,34366.55855306225,546,0.2827270795941369,267345.31083159475,10,13.577700766186522,15591.278367071593,7,4,0,0,Bachelor,0.1285474521552776,2227.8775902632897,0.7779228473482772,0
64,Male,Hispanic,33047.45575006232,720,0.13601846250926006,312933.6792163099,10,13.741066629893442,36097.735295297534,2,4,1,0,Bachelor,0.10560530216122517,2607.780660135916,0.9469221521409249,0
52,Female,Black,66371.89236686427,423,0.2747414886120071,159548.88326808863,30,17.689503837000462,18888.952903159698,3,3,1,0,Bachelor,0.4159972229660808,443.1913424113573,0.08012874003260169,0
31,Female,White,68438.72756015233,559,0.4398956006356698,220864.20177981403,10,15.790605282304604,22554.688245568574,0,2,1,0,Bachelor,0.30986790529495084,1840.5350148317837,0.32271815922599023,0
34,Male,White,67028.19873525309,468,0.4513732872445382,129897.37662530139,10,3.9770261658797446,22345.164593301786,3,1,0,1,Bachelor,0.516008871592541,1082.4781385441781,0.19379511769123914,1
53,Male,Black,23684.051835637176,410,0.5825001047383596,336739.68138098647,20,5.912569394550971,14452.827854092691,8,4,1,0,Bachelor,0.07033341523193133,1403.0820057541102,0.7108996461371895,0
67,Female,Black,40680.98043855898,589,0.3268206157218543,129065.0754173159,30,4.253731242871503,11978.10872929187,4,1,1,0,Bachelor,0.31519743282233464,358.51409838143303,0.10575382240540684,1
57,Female,Hispanic,66459.77184006643,312,0.41621779147014515,317852.85360087076,20,20.798867466592377,10210.999272228737,2,1,1,0,Bachelor,0.20908974416042292,1324.3868900036282,0.23913176708293155,1
21,Male,White,50830.83681127789,562,0.3695954353612658,174868.78297595083,15,15.85795236500898,565.730580794032,1,1,1,0,High School,0.2906798797717286,971.4932387552824,0.22934737250827303,0
19,Female,Hispanic,28526.143076050717,322,0.1753092800566187,357524.56067690963,10,12.895653705927847,13301.1045461469,5,1,1,0,Master,0.07978792567996308,2979.371338974247,1.2533224688796831,1
79,Male,Black,59166.35878250883,499,0.33060123606606806,218295.76633927226,20,23.95016985818548,16019.685454927361,3,3,0,0,Bachelor,0.2710375916798739,909.5656930803011,0.1844762554526225,0
23,Female,Hispanic,35703.85482017059,541,0.3724175773444971,216108.73689271818,20,9.773839792824154,26112.940836651458,5,0,0,0,High School,0.1652124543113446,900.4530703863257,0.3026406223938449,1
71,Male,Black,85890.49696784424,538,0.5753748030211293,124591.9885266791,30,17.04319989272883,18615.664416254054,2,2,0,1,Master,0.6893741562640873,346.088857018553,0.0483530359101015,1
59,Female,Black,80896.82924836517,602,0.28326952720447807,416701.7072484586,10,2.232228044705953,36160.93792433842,2,0,1,0,High School,0.19413606385857787,3472.5142270704882,0.5151026450852888,0
21,Male,Black,62081.948527111344,464,0.5900495515539889,299081.57774907054,20,22.332122514753358,35486.19457001897,0,0,0,0,Bachelor,0.20757530100766722,1246.1732406211272,0.2408764422225414,1
71,Male,Hispanic,77220.13409539548,475,0.3711500370120422,251195.6209551114,10,20.855773344467696,40178.57965201039,8,4,0,0,Master,0.307410351350013,2093.296841292595,0.32529808954332007,1
46,Male,Asian,51295.827002467624,328,0.22123462165152877,223955.46213963596,15,24.07138887890646,16964.88600445301,6,0,0,1,High School,0.2290447685999493,1244.1970118868664,0.29106391328721853,1
35,Male,White,65308.749887500315,834,0.1958321935079039,133926.68476081337,10,26.53427874049661,12334.861476812905,8,0,1,0,High School,0.4876455353474822,1116.0557063401113,0.20506698565125356,1
43,Male,White,79554.4059060415,593,0.17084745863011588,267327.1044960149,10,22.740848018862557,-512.1603516538125,0,3,1,0,High School,0.29759199335968356,2227.725870800124,0.3360305459533494,0
61,Male,Asian,54909.97363588626,776,0.3264664352867265,193329.73745342763,20,25.334696703818814,39626.37700260284,7,1,0,0,PhD,0.2840223876531868,805.5405727226151,0.1760424606424119,1
51,Female,Black,44896.25656971433,682,0.11096321489446162,205752.04229666365,30,10.369637968851737,2683.0232518730772,1,0,0,0,Master,0.21820564242555923,571.5334508240657,0.15276109711372374,0
27,Male,Black,15907.560836457684,595,0.3225226416574327,289097.052450694,30,10.30012086044819,6483.473642894471,2,0,0,1,Bachelor,0.05502498452200838,803.0473679185945,0.6057854195306674,0
79,Male,White,48337.32948557012,633,0.5942023460779732,228445.26576283306,30,28.32902459699449,23386.07351087338,0,4,0,1,Bachelor,0.21159260763912213,634.5701826745363,0.157535434272753,0
53,Male,White,66468.46369124623,547,0.4350533978611333,201815.07661607797,15,27.437236089786143,15367.155644811188,6,2,0,1,Bachelor,0.3293533109902003,1121.1948700893222,0.20241687100771336,1
31,Male,Hispanic,68912.6685513526,540,0.4798930606002023,343564.82854186674,15,16.454920233156678,41709.58405449985,4,4,1,0,Bachelor,0.20058126684220506,1908.6934918992597,0.33236736269650025,1
48,Male,Hispanic,60087.3013143682,405,0.15950269535913128,118112.96804385992,20,10.996763558179376,8486.839176799524,2,2,0,1,High School,0.5087273845498105,492.1373668494163,0.0982844673169042,1
65,Male,White,39174.0181007552,422,0.3365504307450454,34512.32111459522,30,25.98004590776401,20436.133188245993,3,2,0,1,High School,1.1350734124975603,95.8675586516534,0.029366676169419115,1
32,Male,White,10463.568621048187,334,0.24311155051285696,120400.22833806457,15,9.702333972820986,-7791.019175229678,9,2,1,0,Master,0.08690655130377462,668.890157433692,0.7671074926634573,1
25,Male,Hispanic,40095.6980399053,715,0.5470487639945146,215204.18107652746,30,4.609052486833331,38482.45286165921,5,3,0,0,Master,0.18631467957235975,597.7893918792429,0.17890878705769148,1
31,Male,White,43913.102578920974,626,0.19064623600695627,269455.0104003644,30,19.1847802501644,-5136.943890086088,5,3,0,1,High School,0.16297007249437878,748.4861400010122,0.20453653129769012,1
40,Male,Hispanic,43741.42065619972,594,0.32936666356837097,125588.60348938554,15,1.2786542919890076,57315.710922246115,1,1,0,1,High School,0.34829132135302904,697.7144638299196,0.19141064557015808,1
77,Male,White,62371.12713955849,731,0.3940238591728189,568746.68014983,30,11.37305718499464,18239.05603273207,6,2,1,0,High School,0.10966416036596031,1579.8518893050832,0.3039583143854533,1
74,Male,Black,89713.5282202968,646,0.35702054578926634,218216.095444462,10,24.229914470838658,15689.209203620352,1,3,0,1,Bachelor,0.4111224153175709,1818.4674620371834,0.24323655503618102,0
79,Female,Asian,52470.58403682186,336,0.5151217639852037,215178.15684066937,20,8.856485870785043,19525.39540068195,8,3,1,0,High School,0.24384716742264034,896.575653502789,0.20504646631116732,1
57,Male,Black,45665.36421687077,811,0.2157265856598202,71036.54921647224,15,27.939464372206,3889.4904849196846,1,0,0,0,High School,0.6428432225460876,394.647495647068,0.10370594933337282,1
38,Female,White,44815.56373991815,834,0.28869555521184564,55720.12988509386,15,28.67473999849912,29868.375386017993,4,2,1,0,Bachelor,0.804297546189086,309.5562771394103,0.08288806422765548,1
33,Male,Black,52487.695338154284,317,0.49604214828697624,21690.453536130983,30,24.474489022953566,13871.673423644916,7,4,1,0,High School,2.4198523673432017,60.251259822586064,0.013774945026886322,1
62,Female,White,33434.124793032024,326,0.3640357058684024,337141.90019041987,15,29.62929956976188,15310.351911617941,7,0,0,0,High School,0.09916929570055878,1873.0105566134437,0.6722510853355896,0
35,Female,White,52403.9711749211,835,0.3010586928239787,321245.0950943485,10,15.92292334534313,39276.66543077725,3,3,0,0,Bachelor,0.16312769276533312,2677.0424591195706,0.6130167006276164,1
64,Male,Asian,59016.246726635996,328,0.11472125737241576,199854.74012221437,30,17.075986564169146,-5796.433256210828,6,3,0,0,Bachelor,0.2952957067245271,555.1520558950399,0.1128811986570094,0
70,Female,Hispanic,54193.72127148976,416,0.4766927120078047,78508.83552162522,10,25.08500445811435,17063.6238950775,7,3,0,0,Master,0.69028818108711,654.2402960135436,0.14486703197281114,0
41,Male,Black,59150.83868009562,431,0.5860910389833801,172247.49888600904,20,14.784157673642714,18358.994731239774,7,3,1,1,Bachelor,0.34340608172917975,717.6979120250377,0.14560021694499717,1
43,Male,White,58674.95218697071,588,0.410143504744255,342143.81748525053,20,12.201600204992086,22070.90354859846,4,4,0,0,High School,0.17149207201296315,1425.5992395218773,0.2915586674830104,1
42,Female,White,14562.066355071125,535,0.5282706103443973,149584.51164463873,10,18.44260773523617,11656.966902563869,9,1,0,0,Bachelor,0.09735009457172664,1246.537597038656,1.0272203682999088,1
77,Female,White,62737.403167908065,341,0.3584378715974631,109795.72187004886,30,19.72978532546646,15214.525519404207,1,1,1,0,Master,0.571401162990324,304.9881163056913,0.0583361314122803,0
77,Male,Black,36579.70308675093,459,0.2158404827116823,161899.9771931945,20,22.526874650884988,47738.312902984646,1,2,1,0,High School,0.22594013736703952,674.583238304977,0.22129755510759494,1
77,Male,Hispanic,28083.21673992084,424,0.10722105211757274,170713.90503924948,30,20.04602091780256,27491.767383597988,4,3,0,1,High School,0.1645045653045317,474.205291775693,0.20262862171409343,1
62,Male,Black,27910.963442900076,559,0.4266991337949946,273808.6795904378,30,22.371653857899855,8314.029785938186,3,2,1,1,High School,0.1019360068667261,760.5796655289939,0.32700254167219084,1
58,Male,Hispanic,58670.832209450586,575,0.3465544241241223,-20723.120517602394,20,20.23679012666257,29782.614397833284,3,4,0,1,PhD,-2.831177484086679,-86.34633549000998,-0.017660496482836963,1
46,Female,White,45548.50145550294,512,0.4910490735438008,216932.91106638758,20,14.413357155005365,20684.71612558187,2,2,0,0,PhD,0.2099658425805378,903.8871294432815,0.2381339716283672,1
32,Male,White,16360.624320291783,772,0.44734120871765226,130318.5759576332,10,4.04803753009411,31129.12674145247,8,1,0,1,Bachelor,0.12554330186673196,1085.9881329802768,0.7965379157077854,1
62,Male,White,59560.75630384567,730,0.5939761841032823,146445.8016732903,30,23.56329686805775,16940.11787012593,7,1,0,0,High School,0.40670852713634836,406.7938935369175,0.08195877664044746,1
18,Male,White,21207.837384023453,379,0.3551562917060199,275445.97233303037,10,0.9233745416304917,7882.9978955873285,3,1,0,1,Master,0.07699454526197222,2295.383102775253,1.2987933061978902,1
42,Male,White,52796.427170364215,527,0.31358739483650466,69819.22652696534,15,29.775002752840187,-5027.842695861946,6,2,0,0,Bachelor,0.7561875116157776,387.88459181647414,0.08816155469721683,0
24,Male,Asian,54769.97851346109,394,0.24336984471964748,217993.03118113388,15,24.853754698190397,37285.29137107675,7,3,0,0,Master,0.25124646515856663,1211.0723954507437,0.26534369995849294,1
26,Female,White,67711.5416339009,723,0.3384306458956372,248127.44546497188,15,20.12731823943915,30261.748264744194,5,0,0,0,Master,0.2728901734631356,1378.4858081387326,0.24429852427673648,1
41,Female,Asian,85633.69572933702,815,0.536435739061461,257960.73501379316,15,28.9982031556336,25350.57137976796,1,1,0,1,Bachelor,0.3319640709069859,1433.1151945210731,0.20082494615914692,1
18,Female,White,22706.473481989167,464,0.12121986289587064,270686.6783741549,20,18.37410844368628,29733.149081914882,7,2,1,1,PhD,0.08388470987332185,1127.8611598923121,0.5960561832485002,1
61,Male,Asian,48950.52287873901,725,0.5889500236430943,257190.50117982476,20,1.6929864223304414,38550.42274528138,2,0,1,0,Master,0.19032788012848634,1071.6270882492697,0.2627045494661426,1
25,Female,Black,44473.29409911565,341,0.596653597153899,271926.5854131251,10,16.781465220435603,-5246.41909632281,3,1,0,0,Bachelor,0.1635489006400367,2266.054878442709,0.6114379222890358,0
41,Female,Asian,58674.993719219245,702,0.3989106892939509,111919.76691371172,20,8.316125569708285,21250.049801592988,3,1,0,1,Bachelor,0.5242594345684859,466.3323621404655,0.09537262794546487,1
28,Female,White,54313.375418672375,715,0.2657721018477007,336567.3684477136,20,11.084325839533104,-7161.449817119017,6,4,1,0,Bachelor,0.16137445430069985,1402.3640351988067,0.30983838313610435,0
68,Male,Hispanic,42949.075145267605,599,0.2115244841610119,81543.63129009397,20,13.787554675500868,14089.617673078574,7,1,0,0,Bachelor,0.5267005462692108,339.76513037539155,0.09493060213088075,0
34,Male,Asian,41181.95622778289,354,0.2382451978424394,237034.44894493176,15,23.238022391663506,24948.701447162086,8,0,1,0,Bachelor,0.17373827479966994,1316.8580496940654,0.38371894013300817,1
25,Male,White,27670.98289631905,635,0.12505271325248593,131910.84267801163,10,15.087876431128684,14720.689023409854,0,0,0,0,Bachelor,0.2097703443822481,1099.2570223167636,0.47671180735527524,0
52,Male,White,69757.23164813018,729,0.3375554792416794,28218.62679153448,30,14.240408724752363,46435.93354085284,0,3,0,0,Bachelor,2.472027861719238,78.38507442092912,0.013484206165116107,1
52,Male,White,59184.08363199059,633,0.12866213543220292,142989.01489995036,30,9.059164132255383,15633.946851312103,6,0,1,1,Bachelor,0.4139065065480854,397.1917080554177,0.08053348475076666,1
50,Male,Asian,68355.36395590275,705,0.45923710738796264,188154.99435345505,30,16.19616725558109,8446.60702334474,3,2,0,1,PhD,0.3632928490194369,522.6527620929307,0.09175334285633004,1
76,Male,Black,43792.077270489724,329,0.285964727766427,338690.8834059676,15,7.451725633059469,20479.84253492886,9,2,0,0,High School,0.1292980691718203,1881.6160189220423,0.515604502787086,0
22,Female,Black,36863.29062611139,834,0.1996823658735816,381967.2571305543,20,7.829814462246839,4461.276823087901,7,1,1,1,Bachelor,0.09650903300727612,1591.5302380439762,0.5180862188954928,0
59,Male,White,28433.698667415443,816,0.37242677891801923,187035.92907543952,20,22.717763254335612,6853.03884857688,4,3,1,1,Master,0.15202265579650703,779.3163711476647,0.32889834569742354,0
56,Male,White,57178.35167481319,520,0.5868796536215068,61097.11793968192,30,10.2764179352727,34047.12433886046,0,1,0,1,High School,0.9358600471345059,169.71421649911645,0.03561786127679679,1
75,Female,Hispanic,29204.135509435306,793,0.44756552450920917,69387.92411352466,30,1.5419901881733555,34854.07780864924,1,3,1,0,PhD,0.4208821042355268,192.7442336486796,0.07919874235061301,1
58,Female,White,86973.261379331,552,0.3458734250520801,277186.9312742343,10,10.310318576849424,22356.223906232794,9,4,1,0,Bachelor,0.3137711470721691,2309.891093951953,0.31870361865044095,0
45,Female,Black,23847.14837813119,620,0.4884571496272532,270815.72558078263,15,19.157166235998567,29154.503827298504,2,3,0,0,PhD,0.08805673424979059,1504.5318087821256,0.7570876575725973,0
24,Female,Asian,55473.202384250035,338,0.4687382359494944,139263.23818766247,20,24.41956760031967,51325.89671097817,1,4,0,1,Master,0.39833342313567205,580.2634924485936,0.12552298425374675,0
26,Male,White,81337.09414427573,764,0.5458677305288968,82577.20702176374,30,28.85810044177084,19124.418323541293,8,4,0,1,Master,0.9849823828848902,229.38113061601038,0.03384155281610639,1
25,Female,Black,61981.795185276176,710,0.20233447379697375,299227.4729439871,30,22.386612644249276,6996.758271653323,6,1,0,0,High School,0.20713938655251302,831.1874248444086,0.16092223641341535,0
29,Male,White,53513.474249835584,711,0.529438788129366,77201.08167194085,10,12.865548282505106,28036.30427751652,1,2,1,1,Bachelor,0.6931700060529767,643.3423472661738,0.14426475341801986,1
51,Male,Black,30630.327060762087,791,0.25051304352084947,155568.78091630843,20,8.973578376148728,32528.59249933101,6,3,0,0,High School,0.19689250555508517,648.2032538179518,0.2539456738540582,0
50,Male,White,22364.616228645922,737,0.5704994639125486,247349.2435420027,20,3.888899705126682,34005.428129917826,9,1,0,0,Master,0.09041716040198101,1030.621848091678,0.5529923719978329,1
65,Male,Hispanic,65401.002178351715,778,0.2405325744733676,-90.54484548626351,10,18.83059303338343,37162.759055098475,0,4,0,1,Bachelor,-722.3050834878685,-0.754540379052196,-0.00013844565445548268,1
72,Male,White,80122.94481549892,371,0.5634242715813381,295334.82552360615,10,15.29649942327019,34923.82581394085,4,4,0,0,High School,0.2712952821376451,2461.1235460300513,0.3686020605004982,1
40,Female,White,41223.00019043657,519,0.58189535723204,438028.13702286687,20,20.331045493324236,27800.57408011012,4,0,0,0,Bachelor,0.09411039316016487,1825.1172375952785,0.531290948013636,1
79,Female,Black,27218.76984767298,303,0.17274567872850713,211388.88218648292,10,7.113994693652089,29538.436081756925,8,0,0,1,High School,0.1287615960032427,1761.574018220691,0.7766290812167443,1
41,Male,White,836.6113890196284,589,0.5872499416313915,196534.7389636338,30,9.709325043298367,26161.27692119675,3,3,1,0,Master,0.004256811764837322,545.9298304545383,7.830586639671908,0
54,Male,Hispanic,30384.703126749246,679,0.14286148421464115,204432.54343654698,20,8.762860484959171,-3840.19053724323,3,2,1,0,Bachelor,0.14862948244920818,851.8022643189457,0.33640701142242574,1
52,Female,White,47726.8631500192,654,0.209283893306261,222484.93887052994,15,23.929555265232317,-5777.379026705137,5,0,1,1,High School,0.214517276505592,1236.0274381696108,0.31077527998043936,1
61,Female,Black,81982.46481673469,379,0.32208439043640225,127002.66049232859,20,5.136894445900403,4201.003635842675,1,4,1,0,Bachelor,0.6455176962350857,529.1777520513691,0.07745721037799545,0
57,Male,White,63462.673844659366,365,0.596798682855855,87566.73414405169,10,18.254163510734866,32296.972213093057,9,1,1,0,High School,0.72473496316832,729.7227845337641,0.13798147610104325,1
39,Female,Black,56101.70809413506,435,0.34428152558268965,164689.0847566558,15,1.5406504727732018,13435.07969320277,5,2,0,1,High School,0.3406522549872131,914.9393597591989,0.1957029953292665,1
44,Male,White,41997.60677397738,698,0.3752047215892429,215360.1919865324,30,16.485827277051587,22043.052858128354,6,3,1,0,High School,0.1950110017389087,598.2227555181455,0.17093052718103466,1
52,Male,White,38336.68565488087,646,0.44721247476182424,100158.95599633503,30,1.9174192725916772,43449.406219161785,3,1,0,0,PhD,0.3827584390584469,278.21932221204173,0.08708712841271503,1
18,Female,White,78112.95195015927,358,0.5841467791364757,65339.1373110594,30,5.276297723639621,36255.25932199699,9,3,0,0,Bachelor,1.1955002034735736,181.49760364183166,0.02788233179424144,0
52,Male,Hispanic,54014.77081516779,818,0.49167570006212225,155957.9872425656,10,3.3907590616068664,-12594.387217456006,8,1,0,1,Bachelor,0.3463418050603409,1299.6498936880466,0.2887321095487668,1
54,Male,White,7947.98616157956,536,0.2120770022118493,66658.86138631616,20,10.401760616502795,30952.812434475483,4,1,0,1,Bachelor,0.1192337522166428,277.7452557763173,0.41934434730488107,1
64,Female,Hispanic,36529.207042055146,378,0.25149546533217737,267179.6945186248,10,10.311942531231873,20842.20688480047,2,2,0,0,Bachelor,0.13672149415347407,2226.497454321873,0.7314138908381658,1
31,Female,Hispanic,32835.67936456746,414,0.1488141198042622,-144157.92471851828,20,24.79257842184769,10162.64692168588,8,3,0,1,High School,-0.2277757496071213,-600.6580196604929,-0.21951414971190933,0
20,Male,White,39074.7198164507,761,0.42222618208236995,83186.60758076464,10,6.770623541415861,15087.463324967395,0,0,0,1,High School,0.46972368453075375,693.2217298397053,0.21289111725311094,1
18,Male,Black,61258.2132057017,425,0.1903701532696108,341352.98050958465,30,2.5916022532193095,15296.636406672806,7,1,1,1,High School,0.17945709193531317,948.2027236377352,0.18574542233944488,1
22,Male,White,47851.10236411501,799,0.22870244423968286,177828.15061882173,10,18.105353724423892,325.17169701473176,0,1,0,0,High School,0.2690862059668203,1481.9012551568478,0.37162811687318714,1
43,Female,White,48462.69185992676,401,0.5440568275901886,218392.93262715964,20,20.623520988000205,23668.11802147831,9,0,1,0,Bachelor,0.2219059530770726,909.9705526131652,0.22532067890325574,1
72,Male,Hispanic,76269.46322650474,473,0.26337783766600764,187108.02919938098,30,8.844708480643614,52648.75571450052,7,2,0,0,High School,0.4076226100657206,519.7445255538361,0.08177498625004886,1
31,Male,Black,36070.77820426623,751,0.3833233591770835,137268.1679546956,30,18.084423490841314,35239.11635521126,4,2,0,1,Bachelor,0.26277598617161657,381.30046654082105,0.1268507591540866,1
56,Female,Black,87283.99051774699,391,0.2987830043945885,309519.3099585528,15,23.28169704019932,-10393.551611051247,6,2,0,1,High School,0.2819985303321949,1719.5517219919602,0.23640785144565535,0
44,Male,White,36573.84817257828,684,0.1370156437029568,142813.83844067954,20,10.426588172283369,24369.998860764168,7,4,1,0,Bachelor,0.2560945673886493,595.057660169498,0.19524037745056874,1
26,Male,White,51783.96393225143,504,0.2814319149483525,117151.84402129879,15,15.760615197993355,24368.39038264184,0,4,1,0,Master,0.44202431779765106,650.8435778961044,0.15082126476395624,0
32,Male,White,44375.92809194466,662,0.3040341015179654,265676.19783725124,15,4.3989982101696015,5076.643755441701,0,2,0,0,High School,0.16703012333505543,1475.978876873618,0.3991296021073763,1
32,Female,Hispanic,52468.38267001922,797,0.5478505509557591,6934.776526547968,15,0.7094040321054107,1836.7639305103585,6,2,1,1,High School,7.565980312293816,38.526536258599826,0.008811371945858923,0
43,Male,Black,58891.839901462576,836,0.2622253268231698,171457.6479044784,30,29.441039244324887,33465.175728317125,0,0,1,0,Bachelor,0.34347747459053035,476.27124417910665,0.09704663565804711,1
59,Male,Hispanic,58676.70480177753,533,0.28962055988103397,148104.29173565225,15,8.991925516091099,21573.896069063034,3,4,0,1,High School,0.39618504038024877,822.8016207536236,0.16827153948741128,0
77,Female,White,34937.653387588405,315,0.4914483843361672,169584.53508787986,20,8.367061521654648,12840.727163808288,5,3,0,1,High School,0.20601910055939637,706.6022295328328,0.2426959435520142,0
30,Male,White,27541.706451048587,440,0.47947832560579895,151161.62304445906,20,29.197353995192632,29038.137085575756,1,2,1,1,High School,0.18220038854007362,629.8400960185794,0.27442312500339633,1
68,Male,White,100063.43581811422,719,0.49914263832424544,237508.75717338466,15,21.847005712893502,51759.85550315774,9,2,0,0,PhD,0.4213041953020138,1319.4930954076926,0.15823879137703906,1
49,Male,White,40320.31320798894,755,0.576885370038002,309968.6220039962,15,17.558936638214497,23869.53422563688,4,2,0,0,Master,0.1300786929570862,1722.0479000222012,0.512510274750842,1
56,Male,White,63984.24877343973,599,0.49777874919739207,245933.69247856474,15,20.979701852800705,24370.4247693635,9,1,0,1,PhD,0.26016869884152416,1366.2982915475818,0.25624399462164027,1
66,Male,Hispanic,17847.173789536064,638,0.30380410160894544,166308.63821323158,15,21.29779700086208,19676.564903681527,9,4,0,0,Bachelor,0.10731357060751963,923.9368789623976,0.6212323966974147,0
69,Male,Hispanic,44407.74560190646,602,0.510754258449046,263143.34252071934,15,22.900076408789474,14116.680694182873,9,3,0,0,Master,0.168758765380545,1461.9074584484408,0.39504120877120497,1
78,Male,Black,47456.01232035114,375,0.3543373160449692,274859.12982505653,15,2.015676942597598,32286.76334123398,5,1,0,0,Master,0.1726557613369297,1526.9951656947585,0.3861247730770464,0
49,Male,White,59456.30139855665,615,0.23885701625928266,236092.87229901453,10,12.384942593486638,17111.163134414215,4,1,1,0,Master,0.2518343769533818,1967.4406024917878,0.39708637561627047,1
21,Female,White,-4449.082819838775,799,0.2514585340655062,304864.98944735393,30,8.853909534990494,27498.824623421322,9,3,1,1,High School,-0.014593616760992727,846.8471929093165,-2.284103651565662,0
47,Female,Hispanic,53322.812261566614,374,0.21192119428169917,-34739.56464133851,30,2.1170891555101647,42509.26233169606,7,3,0,0,Bachelor,-1.534930354254206,-96.49879067038475,-0.021716511919219538,0
54,Female,White,27005.17089264214,665,0.1724964789098767,202676.4397752239,30,12.377969905392863,31171.332079953645,3,3,0,1,Bachelor,0.13324277317379332,562.9901104867331,0.25016991570608843,0
40,Female,Asian,56486.91422389848,845,0.19224520592682517,230785.34436267026,15,18.485204562394404,894.8355584849087,7,3,0,0,Bachelor,0.24475953782893367,1282.140802014835,0.27237617482862325,1
56,Male,White,29273.416063236742,695,0.1315890249769097,51876.428835903585,10,5.354930399232564,17.01373020808751,2,3,1,0,Bachelor,0.564291272936981,432.3035736325299,0.177213444183759,1
62,Female,White,32890.34608148837,530,0.5442254324661931,222077.1218421698,30,9.150802316635612,38799.13506169743,6,2,0,1,Master,0.14810326164468007,616.8808940060272,0.2250681920382317,0
32,Male,Asian,44527.44779213464,327,0.5655039048245616,291495.06585392496,20,19.17512465751462,18317.327483602963,4,3,0,1,PhD,0.15275540826632172,1214.562774391354,0.32732065311119724,1
60,Female,White,28953.410607936094,774,0.3933851962469478,177612.5248818633,30,17.3797397267164,23912.541017860603,4,3,0,0,Master,0.163014464363896,493.3681246718425,0.2044808321973416,0
46,Female,Black,40489.3110652929,594,0.5202447783043425,265653.93821360264,30,26.06356389519672,8122.185547007342,5,4,0,0,Master,0.1524137429979936,737.9276061488962,0.21870293765944807,0
53,Female,Black,26132.484629133694,726,0.19178555132657357,302275.33286706475,30,23.736929089511502,29240.86298462695,4,2,0,0,Bachelor,0.08645258738537653,839.6537024085131,0.3855677931852352,0
30,Female,White,13336.590966025447,390,0.5508369126134925,334246.37721626484,30,28.968331568580886,48318.12264806115,0,1,1,0,Bachelor,0.039900480229876585,928.462158934069,0.8354118331732278,0
49,Male,White,70359.14104858719,414,0.3531807798152542,316215.38808555267,20,17.915799303401315,22274.11865557294,8,2,0,1,Bachelor,0.2225038492736204,1317.564117023136,0.22471521352654591,1
24,Male,Black,24079.026143521434,458,0.13358249630277755,336560.67662506853,15,20.954020992348788,29718.023731334346,3,0,0,0,Bachelor,0.07154438357142262,1869.7815368059362,0.9318225042796471,1
76,Male,Hispanic,46426.38224784033,557,0.1706563722470801,150045.2464450792,20,25.815187764432086,38681.917202324694,4,3,1,0,Master,0.3094158818609006,625.1885268544967,0.16159480793063413,0
68,Male,White,65057.821629875696,672,0.2544882303934086,160986.76478883188,20,25.19977334475804,45201.99496260439,0,1,0,0,PhD,0.4041190697583914,670.7781866201328,0.12372591085566254,1
39,Male,Asian,37701.11794967914,389,0.12177879017737572,-47344.58936681837,15,21.56164926078703,9810.963609390465,2,0,0,0,Bachelor,-0.7963131258268364,-263.0254964823243,-0.08371916084824625,1
45,Female,White,33496.68200508924,597,0.2546466890087218,93483.19342683049,20,15.007686281219252,26204.651119004702,2,1,0,0,Master,0.35831769088319787,389.51330594512706,0.13954097515184838,0
19,Female,White,54524.76177334843,330,0.1299652165594459,321844.9060119139,20,8.196206646921864,39127.01654061806,7,2,0,0,Bachelor,0.16941315756394187,1341.020441716308,0.29513646235610963,0
59,Male,White,72358.67645454305,657,0.2180138025964126,139514.349267186,30,26.31647261806218,43311.31209791322,7,0,1,1,Bachelor,0.5186468405193783,387.53985907551663,0.06426980891265624,1
62,Female,White,26613.69469827062,769,0.2328348779282208,239758.83728511987,30,23.29966326711915,13644.874557808806,8,3,1,1,Master,0.11100193427540593,665.996770236444,0.30029506738711675,1
79,Female,White,46997.04335965122,427,0.597184488183397,224072.66094567804,15,25.137208558754377,9947.588953476095,9,3,0,0,Bachelor,0.20974019392327706,1244.848116364878,0.31785355691553013,1
74,Female,Asian,15350.108100653451,569,0.21777333688183223,324068.6165143342,30,4.223679544416125,17675.30690194504,6,0,0,1,High School,0.04736684553338871,900.1906014287061,0.7037271103442341,1
70,Female,White,42135.9799263562,797,0.21959322446929017,-2038.2270298247458,15,9.444386345678238,15188.666292270951,5,2,1,1,Bachelor,-20.672858965067892,-11.323483499026366,-0.003224840201315025,0
23,Male,White,50684.09369076151,712,0.44339448417919247,235263.00948427408,15,12.746551136989535,15820.141992829442,7,0,0,0,Bachelor,0.21543588089716006,1307.0167193570783,0.30945015467730047,1
45,Female,White,32907.507164898685,508,0.529678739258226,233636.73927668584,10,25.15055916901682,26179.390191563507,2,2,0,1,High School,0.1408490259998354,1946.9728273057153,0.7099800604948228,1
45,Female,Hispanic,40860.16332349537,605,0.2935277063010433,114220.25273609975,15,26.786600181439663,11887.66723675127,9,1,1,0,Bachelor,0.3577313334956521,634.5569596449986,0.1863595956642052,1
61,Male,Hispanic,21835.464633851,490,0.5378090099703462,296024.6782465413,20,8.546781427658589,43387.35204054133,9,2,1,0,PhD,0.07376231185585663,1233.4361593605888,0.6778529406413942,1
61,Male,White,51541.57222762987,656,0.2700710103738786,60096.470340944186,15,20.592875017972943,13930.238076471134,9,0,0,0,Master,0.8576472450914343,333.8692796719121,0.07773203615847829,0
37,Female,White,71113.884977663,756,0.19850793980750966,306453.58472303924,10,2.334426184576902,10982.435905801485,7,0,0,1,Bachelor,0.23205434206923356,2553.7798726919937,0.43093354387725674,1
47,Male,White,28057.122604590728,748,0.26481941216386173,-15568.575961538125,20,12.287198159062834,2452.3137448999078,2,1,0,0,Master,-1.802163709378772,-64.86906650640886,-0.027744427290257452,0
79,Female,White,37546.56466895234,367,0.40467818696399616,109507.97431815174,10,14.600073232556554,38858.77743591697,1,0,0,0,High School,0.3428660323847185,912.5664526512645,0.2916591045910122,0
28,Female,White,60050.92492908364,766,0.28357157965603685,186011.205732201,30,22.968984446973476,598.8396987302694,8,4,0,1,Master,0.32283498562736335,516.6977937005583,0.10325192379183087,1
75,Male,White,74241.81438645473,659,0.4364469019946444,221765.97944645904,20,26.759167105113615,26860.513647184893,0,0,0,1,Bachelor,0.3347754897832692,924.024914360246,0.14935382525276739,1
72,Male,White,20136.203755821374,686,0.2184679397112412,13191.625163108198,15,10.118497074733686,30418.548849115774,9,4,0,1,Master,1.5264384415753747,73.2868064617122,0.04367465129996512,0
45,Female,Black,46624.30525168101,427,0.45049644699457436,304290.93955848913,10,15.83216669825704,-23746.632770931974,9,0,0,0,Bachelor,0.1532227851388889,2535.757829654076,0.6526444478173068,0
42,Male,White,55662.6164463905,784,0.27371918162423337,275356.0025061732,15,19.423446671025726,369.2238042232384,1,0,0,1,High School,0.2021478229629027,1529.7555694787402,0.3297916628016372,1
56,Male,Asian,47958.87218742304,543,0.3279341858009672,390331.3081424247,30,9.86061686840444,14332.310776283062,6,1,1,0,Master,0.12286709056380313,1084.2536337289575,0.27129586271129136,1
79,Male,Asian,464.158662458256,318,0.37887257022144794,270211.15994891356,20,29.566146395221335,48417.961161190484,0,4,0,1,Bachelor,0.0017177627398735507,1125.8798331204732,29.107628684320304,0
50,Male,Black,60021.80018617544,695,0.44311250159299687,126358.99895419036,15,26.273231387100736,14336.095025035804,4,1,0,0,Master,0.47501009570308067,701.9944386343909,0.1403478942231549,0
18,Female,White,80386.72702181288,528,0.21935684592436686,92870.112973312,30,8.892084865998498,12448.04665996099,8,4,0,1,High School,0.8655823111242854,257.9725360369778,0.03850972103396778,0
74,Male,White,52333.235023390065,667,0.5179727687054052,157940.846555996,15,15.238386929971451,8752.398004188191,8,4,0,0,Bachelor,0.3313470591335343,877.449147533311,0.20119890860356096,0
44,Female,White,29377.878934114735,357,0.46092137487761986,418081.50497041846,20,6.925218397417331,8518.035261038807,3,3,0,1,High School,0.07026830554533471,1742.006270710077,0.7115583563878841,1
79,Male,Hispanic,39737.455072714336,580,0.21704895951199973,204760.71644461577,30,15.435117567100043,10472.844828045065,9,4,0,0,Master,0.19406776730761552,568.7797679017104,0.17176130686605412,1
74,Male,White,85398.26135311185,401,0.5874872813014552,209025.3892344656,30,20.499970344698546,9918.191967358023,1,1,0,0,PhD,0.40855449027447993,580.6260812068489,0.08158846402823511,1
69,Female,Hispanic,68199.25081721117,347,0.43239849551522924,337946.09163016797,10,2.565632783789634,9277.065290392333,8,1,0,0,High School,0.2018051177577907,2816.2174302514,0.4955275719024202,0
30,Female,Asian,62800.53236768659,358,0.3262134432333528,83547.11739214764,20,26.10351614421815,9259.90697924362,3,2,0,0,Master,0.7516780270576879,348.11298913394853,0.06651784168245047,1
58,Male,White,57128.25167068752,460,0.17876366277675818,253896.0281037568,30,17.812376053397504,14282.45273766678,2,0,1,0,High School,0.22500648039811622,705.2667447326578,0.1481438813422389,1
20,Male,Black,36777.25775618055,402,0.3666105011540657,251634.30005440564,20,29.688086957310052,34262.1513710392,2,3,1,0,Master,0.14615359570705969,1048.4762502266901,0.34210584938475674,1
56,Male,White,45988.576386884626,711,0.1823879434135591,295735.74551117775,15,0.7677452174850963,3182.8440080385008,6,0,0,1,High School,0.15550564003480066,1642.9763639509874,0.42870899506762133,1
23,Male,White,48441.54528642968,482,0.31474583934892186,285229.34503006726,20,24.94495053294696,10295.38324081362,1,1,1,1,High School,0.16983366589199736,1188.4556042919469,0.29440570417761924,1
25,Female,White,60991.48632128888,716,0.30435626136975946,194130.88470706853,10,23.758891447636426,12204.671447358804,4,3,1,0,High School,0.3141771409187222,1617.7573725589043,0.3182917754855693,0
44,Male,White,80178.37788533806,415,0.45996982217373006,61688.71488447688,20,3.9855753612009703,19999.245279982322,1,4,0,0,Master,1.2997252096349612,257.0363120186537,0.038469670072832494,1
26,Male,Hispanic,72366.76273586256,698,0.1961915906121249,143511.99532752464,20,10.059169052502202,8557.515883887985,6,1,1,0,High School,0.5042558468419754,597.9666471980194,0.0991560143786872,0
79,Male,White,21612.312884079187,736,0.5109356774354229,284209.5967898436,15,26.54388609132518,51130.94113465253,6,1,0,0,Bachelor,0.07604357181527628,1578.94220438802,0.8766903641587506,1
54,Female,White,54479.89937802097,617,0.2630661635080829,385437.5626896814,10,15.553628852167629,28748.230982266796,2,1,0,0,Bachelor,0.14134558914768547,3211.9796890806783,0.7074858197061573,0
50,Female,Black,64735.266903357944,549,0.32199431348438756,77706.72453541057,15,12.03844462401717,34616.14231848017,2,1,1,1,Bachelor,0.8330716201254681,431.7040251967254,0.08002513236092003,0
68,Male,Black,62377.20660289271,746,0.4861704877769213,71122.79848115383,30,27.16489296752525,23578.786265570096,7,3,0,1,Bachelor,0.8770353239042115,197.56332911431622,0.038006830996209634,1
59,Female,White,37415.32473225161,796,0.41269619985675743,42609.657580172905,15,2.800335734311843,41065.29370434579,6,0,0,0,High School,0.8780949403747774,236.72031988984946,0.07592193463523755,0
61,Male,Hispanic,108282.18431536722,642,0.25401267590096865,123295.00863063955,10,14.193683487067691,2852.7832573004926,3,0,0,1,Master,0.8782365605711832,1027.4584052553296,0.1138645377447763,1
41,Male,Black,24458.308753377623,726,0.29310146227294054,294756.1185638083,10,19.57122293926057,11637.937689521397,1,4,0,0,High School,0.08297812059864985,2456.300988031736,1.2051369599425117,0
32,Female,White,28336.231066679,539,0.2528934069948051,331619.1170316427,20,18.256243170450375,7751.4103843711655,2,1,0,0,Master,0.08544812289568696,1381.746320965178,0.5851503614776749,1
76,Female,White,54671.90162523153,358,0.3973850836385786,-7865.691635825031,10,7.928293632266744,17429.251814368756,2,1,0,1,Bachelor,-6.950679502387714,-65.54743029854193,-0.014387082581731438,1
71,Female,White,92336.06109927707,826,0.2663122666034199,79482.5479516277,15,16.899387136030093,43755.6465738095,4,0,0,1,Bachelor,1.1617149107433231,441.5697108423761,0.05738642592097747,1
49,Male,Hispanic,33276.10298591659,502,0.4628488473915704,60777.19870483322,10,21.256852928579452,52990.608380988655,6,4,0,0,High School,0.5475096532093104,506.4766558736102,0.18264518153028889,0
49,Male,Black,44683.43268706015,765,0.3898935792918631,113232.37120881666,30,17.54656221980095,34319.498212616505,3,2,0,1,High School,0.39461712414957306,314.53436446893517,0.08447006298869808,1
41,Female,Hispanic,71545.87346031386,595,0.1728533058737545,177765.2311630482,10,20.53386677931967,18530.57422963909,0,3,1,1,Bachelor,0.40247394269518993,1481.376926358735,0.24846329014580235,0
58,Male,White,49642.75690224533,586,0.2551343093399412,160258.30399615451,10,7.682362181663713,36800.68527397263,2,0,1,0,High School,0.3097671425715109,1335.485866634621,0.3228231347258357,1
69,Male,White,43307.92290939409,372,0.21072372095507788,251381.922377639,15,24.985468508153478,42247.09676188891,2,3,0,0,Bachelor,0.17227938468994072,1396.5662354313279,0.3869683351066629,1
66,Male,White,61312.6580377344,822,0.2951566062757427,7335.432942500192,20,13.490686109549095,37647.68693462902,0,0,0,1,Bachelor,8.358423901948552,30.564303927084136,0.005981989019286733,1
79,Female,White,55450.35980459186,636,0.3579920431046816,147947.89200743724,20,29.61671532313706,17995.47711260211,7,4,0,0,High School,0.3747965520306596,616.4495500309885,0.13340570965527407,1
66,Male,Black,70608.77571273583,617,0.3533814286420549,336640.0969509437,15,0.6985596200081268,18394.595188698047,3,1,0,0,High School,0.20974558988148456,1870.222760838576,0.3178453797495158,1
75,Male,Hispanic,75829.37778130727,502,0.4772618382816445,340451.18084233964,20,11.4094611374293,10126.125407370986,4,2,1,1,PhD,0.2227320157729847,1418.5465868430817,0.22448501544098412,0
69,Female,White,56140.06120010724,530,0.19458593180085468,366474.5732722705,30,5.4142515691533255,16321.773485642203,2,3,0,0,Bachelor,0.15318951243691947,1017.9849257563069,0.21759540064506286,0
29,Male,White,55834.65450756618,356,0.5732364146487234,239325.373066447,30,16.6682858098216,8010.6261882126055,3,2,0,1,Master,0.23330018790804968,664.7927029623528,0.14287743885774734,1
79,Male,White,54282.21964572267,719,0.27142255344108435,134491.580572445,20,7.296152831208381,19033.78626998382,0,1,0,0,High School,0.4036105413787081,560.3815857185208,0.12388179909574006,1
56,Male,White,59782.61113298575,579,0.2501244234580693,217486.23424948828,15,22.124338397024452,19652.86174055625,3,0,1,1,High School,0.27487997729735125,1208.2568569416014,0.24253009375997597,1
19,Male,White,51103.41275742928,604,0.44258928909010986,452771.847904853,15,26.455975870125563,7046.350885171807,1,4,0,1,Bachelor,0.11286791127563285,2515.399155026961,0.5906609408573276,0
20,Male,White,49987.830353554215,765,0.5027583143415313,146943.54288633456,20,6.326530607463327,60280.901218672756,9,1,0,1,Master,0.34018391942694187,612.264762026394,0.14697931661269498,1
66,Male,White,73932.54241654485,473,0.28923588240682674,383283.66920290835,10,4.820328549053952,24441.413949717797,5,2,1,0,Bachelor,0.19289249283774038,3194.0305766909028,0.5184234934644097,0
54,Female,White,80322.32360710086,565,0.4734234874469886,-43679.02917319161,20,26.260715571854355,39386.72274077718,1,2,0,0,Bachelor,-1.838921906634303,-181.99595488829837,-0.027189844125307516,1
66,Male,White,19848.941107331582,546,0.5418679780680273,257198.53618714938,30,10.83815745265517,38009.23922981322,8,2,1,0,High School,0.07717361615498693,714.4403782976372,0.43192654425303023,1
73,Female,White,50200.42303481138,377,0.4834018326034787,264726.51543716935,30,13.037509048770898,49144.85270853028,1,0,1,1,PhD,0.1896312613487561,735.3514317699148,0.17577973745599398,1
34,Male,Black,36226.11133109531,552,0.1170982427854165,237358.60499464715,10,6.629085073306069,6394.7602580618,3,2,0,0,Bachelor,0.1526218581033212,1977.9883749553928,0.6552141432605445,0
76,Male,White,43780.570670278554,774,0.5136844556830941,243906.43258527337,30,12.759446041534414,11820.921073014837,3,0,0,0,High School,0.17949740072956955,677.517868292426,0.18570371045959194,1
66,Male,Asian,58050.32419470643,475,0.4872404792271837,252321.54919327877,15,6.939002192339908,-7210.7637616905195,0,2,0,0,Bachelor,0.23006486913347135,1401.7863844071044,0.28977334487339845,0
19,Male,White,63388.767430849366,720,0.434645119076593,256998.89051318786,10,19.977823219025428,-4264.154751014274,6,3,1,0,High School,0.24664996531413658,2141.657420943232,0.4054328565286385,1
19,Female,White,47757.471127773104,760,0.4800112095439517,166926.0413512902,10,14.966292374402615,4853.829828440175,0,3,1,1,Bachelor,0.2860995848291228,1391.050344594085,0.3495286442296884,1
45,Male,White,11733.193305543944,553,0.5897126979159695,172896.90706317945,10,23.641813378887267,17722.605918391313,7,1,0,1,Master,0.06786236668338108,1440.8075588598288,1.473570771066096,1
71,Male,White,30699.088388476408,819,0.3155564439091748,63918.41736629719,15,9.381843482018834,18587.61720620924,2,1,0,0,Bachelor,0.4802854897446722,355.10231870165103,0.13880633100556042,1
40,Female,Hispanic,67929.99340400333,406,0.1336116174772989,273248.9041406112,30,15.167850463771131,67625.45795516446,7,4,0,1,Bachelor,0.24860115584963965,759.0247337239199,0.13408358146771523,1
54,Female,White,-4808.528440698625,470,0.3304449848138583,330227.5857744767,20,7.785699689314033,27549.018601314718,7,2,0,1,Bachelor,-0.014561256078656394,1375.9482740603196,-3.4337697057116543,0
49,Female,Asian,73748.54303364,357,0.12321682769552397,374438.4618175991,30,28.034217907398943,34553.826729929846,9,2,1,0,Bachelor,0.19695771282589358,1040.1068383822196,0.16924106629324687,0
50,Male,Hispanic,60424.599812890825,636,0.24712520404423058,117891.99902857182,20,15.658070033733093,22131.056988996024,9,0,1,0,Bachelor,0.5125419902180687,491.21666261904926,0.09755298288580559,1
18,Female,Black,76323.52163060044,641,0.39343989589837947,27592.03013750477,10,5.203874889538293,308.40732148529787,4,1,0,1,Bachelor,2.766143746953105,229.93358447920642,0.036151411187560135,0
36,Male,Black,46028.61626238079,589,0.2548114464630782,237631.0829733354,20,8.18296977630087,24450.699531315408,2,3,0,0,High School,0.19369779275695875,990.1295123888975,0.258134072094137,1
79,Male,Black,8771.891519541903,383,0.44269762295476933,84437.38774845042,30,2.487058923721804,-4212.883916850355,8,0,1,1,Bachelor,0.103886344111858,234.54829930125118,0.3208634745818198,0
19,Male,White,58607.25283012996,416,0.5109931638428605,257176.82629720084,15,0.834479867932002,17292.981309139348,0,3,0,0,PhD,0.22788698995142648,1428.7601460955602,0.29254266196098555,0
70,Male,Black,75493.06248076682,833,0.3102195896397685,-20534.483668066037,30,15.777654782120129,29719.84117303665,0,0,0,1,Master,-3.676404223309933,-57.04023241129455,-0.009066830334375673,0
61,Male,White,68494.43611026842,518,0.5500689756465018,308720.9461771397,15,10.113687675768158,11191.413895718557,1,1,0,1,High School,0.2218652053203001,1715.116367650776,0.30048274838959993,1
43,Male,White,36746.17033023929,401,0.1399194656752001,215328.03472106069,15,28.913203657809195,22893.448538700864,9,2,0,1,Bachelor,0.17065204899046638,1196.2668595614482,0.3906584600715287,0
49,Female,White,51735.22150925294,755,0.5200565821002249,7866.151836977981,15,5.139941890844526,10969.653196051495,5,2,0,0,Bachelor,6.576941633144038,43.700843538766556,0.010136423642670728,0
23,Male,Black,39343.27462440152,825,0.5142865727196495,230408.2646032703,20,23.81737958210836,3417.897748951349,1,1,0,1,High School,0.1707546154741669,960.0344358469596,0.2928178536267114,0
49,Male,Hispanic,33614.67071621255,565,0.2609969481633825,209496.14891531222,10,9.479143265787082,27317.792191547822,3,3,0,0,Master,0.16045483838369323,1745.8012409609353,0.623228323977813,1
72,Male,White,69107.77142359702,586,0.2493575935623075,252289.3209429057,10,6.706121581761156,35668.46271735581,5,4,0,1,High School,0.2739226978189713,2102.4110078575477,0.36506649794347285,1
21,Female,Hispanic,26049.353774696756,440,0.2525474905767563,280201.3602729971,10,29.089104570039222,35630.786271047786,1,4,0,1,Master,0.09296655001716321,2335.0113356083093,1.075655706074263,1
72,Male,White,32123.671388367748,705,0.5056968561722055,-41631.21096735462,15,24.07729796237297,16382.18220864586,3,1,0,0,Bachelor,-0.7716247171757201,-231.28450537419235,-0.0863977853258488,1
28,Male,White,27919.487330552292,592,0.5158267438050975,152879.24417718072,20,18.918626743359948,-12637.039657453362,6,0,0,1,Master,0.18262444637804962,636.996850738253,0.2737859086865914,1
73,Female,White,20195.04953401907,330,0.26486122941383383,191096.99749669965,20,20.913631116712562,21324.794761692716,0,2,0,1,High School,0.10567957528672238,796.2374895695818,0.4731283208164257,1
76,Female,White,52928.28583685207,470,0.3962951737222309,170462.7524462172,20,29.741444245517695,39040.219520929095,8,3,0,1,Bachelor,0.31049766049947775,710.261468525905,0.16103180912721918,1
34,Male,White,73230.06096963951,654,0.16946661472022725,164897.14958187105,30,17.796222264746604,278.38521122506427,9,4,1,1,High School,0.4440953719050247,458.0476377274196,0.07505895229293694,1
55,Female,Black,46302.46487509469,504,0.3343893691405111,305445.0227152492,20,3.0570135242088026,46713.73946309257,9,2,0,0,High School,0.15159017640388958,1272.6875946468717,0.32983667666420813,0
41,Female,Hispanic,19885.043988716672,777,0.5993964254277692,26873.493203269027,20,1.945983801041441,-10884.142580307209,6,1,0,0,Master,0.7399501002086977,111.97288834695428,0.06757212410120338,0
22,Female,White,66798.89079484055,590,0.17941957385312343,170851.6287238279,20,19.998203324216203,25955.104349035115,8,2,0,1,Master,0.3909760257703907,711.8817863492828,0.12788507914642216,1
69,Male,White,83714.03508069942,410,0.5737813199800295,178774.35783263893,10,19.728034317754446,32446.416823148,6,4,1,0,Master,0.4682664566417797,1489.786315271991,0.21355362653383317,1
51,Female,Hispanic,37075.15351706811,367,0.5121273609825039,189057.5936202734,15,22.44521378934266,42023.23508703183,0,3,0,0,High School,0.19610507468710525,1050.3199645570744,0.33995380676933745,0
23,Male,Hispanic,40428.914665645636,672,0.5861073254731349,102268.60115237287,30,3.2633619069784126,26885.1638622025,6,0,0,0,Master,0.3953208923373212,284.0794476454802,0.08431968555026562,0
39,Male,White,60313.21260166788,495,0.18978938030526651,414174.63879505347,10,28.34706824265515,15121.13067617964,8,0,1,0,Master,0.14562265998984245,3451.455323292112,0.6867063134746697,1
28,Male,White,82437.47495570102,425,0.20675924522168213,297858.8613391808,20,16.534752417319343,22521.301710318607,7,2,0,0,Bachelor,0.2767669042480727,1241.0785889132533,0.1806574385613094,1
65,Male,Hispanic,39603.31708549548,561,0.10843359086742935,421153.54099435895,15,19.486665630636463,9764.417667826701,3,0,1,1,Bachelor,0.0940353415811027,2339.7418944131055,0.7089533099549454,1
33,Male,Black,23351.0043800359,454,0.46235090645780275,264027.123346501,15,1.045571501343907,-9845.248441330343,4,4,1,0,Bachelor,0.08844168767233346,1466.8173519250054,0.7537923395770012,1
50,Female,White,62628.37212544813,407,0.42204734671809285,276228.092428408,15,28.829226435467216,16370.089618126567,2,3,0,0,Bachelor,0.22672701959768982,1534.6005134911554,0.29403935527826236,1
26,Male,White,65981.36146284599,722,0.18903271916236605,199561.80566467872,15,16.877755462318458,27367.10032716437,9,0,0,0,Master,0.33063121093278575,1108.676698137104,0.20163452348792135,1
77,Male,Hispanic,50122.629008704534,334,0.49557248277103594,356308.31246746925,20,16.900893389838856,35385.97494623801,9,0,0,1,Bachelor,0.1406720731874048,1484.6179686144553,0.35543657576859256,1
76,Male,White,38837.33480685099,343,0.2495977530658627,256552.79918145412,30,28.306659486911393,12713.08605507348,1,1,1,0,Bachelor,0.15138145025415295,712.6466643929281,0.2201943056918156,0
23,Male,Asian,69887.57461984092,715,0.1674977846653176,180935.11536858036,20,27.88050534551002,42157.518662070965,2,0,0,1,High School,0.3862576619108675,753.8963140357515,0.12944727038589582,1
33,Female,White,60560.72009095929,584,0.31128133250967405,384657.16502943967,15,6.60895775451725,17480.437363253794,6,0,0,0,Bachelor,0.15744076959108322,2136.9842501635535,0.42343966457873805,0
46,Male,Hispanic,34631.28966193015,746,0.14548492421342804,69718.23857468112,20,27.93296465717788,27178.483230613714,7,4,0,0,High School,0.4967321373851641,290.492660727838,0.10065787219486907,1
20,Male,White,50981.89462611343,817,0.23162182813662333,126788.29944415235,15,22.098638681401845,31188.880805824676,1,0,0,0,High School,0.40210251931464636,704.3794413564019,0.1657951976533124,1
37,Male,White,22965.84935950707,326,0.28566667921367306,481061.7924246237,20,0.5670218199425237,20801.009730884132,8,1,0,0,Bachelor,0.047739915580814966,2004.4241351025987,1.0473416090432568,1
77,Male,Hispanic,63717.8091287584,526,0.525932087257075,267070.34588386054,30,7.19529446215015,18640.74160111483,3,1,0,0,Bachelor,0.23858062158824261,741.8620718996126,0.1397151751530855,0
76,Male,White,44755.328612342884,724,0.49627437064661073,-63314.30440220359,15,12.38940436414339,43356.88957047967,1,1,0,0,High School,-0.7068754688993348,-351.74613556779775,-0.09431175588887294,1
53,Female,Black,41285.783352305254,667,0.32137714287530916,301893.2017783599,20,17.484673665172643,-5485.204649240397,6,0,0,0,PhD,0.1367562538974161,1257.8883407431663,0.3656139925966831,1
36,Female,White,49342.51029695132,609,0.46228752887619373,97689.63935848836,10,21.039891914660668,20636.20328679841,1,2,1,1,Master,0.5050946100423278,814.080327987403,0.1979827105888535,1
43,Male,White,50806.15398660496,404,0.3843248180895025,142568.57460874043,30,6.30631181870698,-7516.636488611512,6,2,0,0,Bachelor,0.3563629230777916,396.0238183576123,0.09353760218780362,1
20,Female,White,67898.60123131122,317,0.270420927539034,455094.00351939315,10,25.10101542821067,-6962.838326879941,7,4,0,0,Master,0.149196870770058,3792.4500293282763,0.6702553443907001,1
36,Female,Black,61821.81062650443,504,0.4629371717476424,365551.62246666686,20,25.371459716674643,19203.495337518307,8,2,1,0,Bachelor,0.16911923467701667,1523.1317602777785,0.2956493984583706,0
37,Female,White,46871.814424143944,342,0.441749577233189,399811.15358353604,30,19.04996457781732,12111.60702045206,0,4,1,1,Bachelor,0.11723488452992997,1110.5865377320445,0.2843294763925268,1
49,Male,White,65273.3629943799,388,0.409547221096801,139270.11252247932,30,27.63281731547095,51184.190355501865,1,4,0,0,Master,0.4686817710716235,386.86142367355365,0.0711214631990442,1
24,Male,White,58014.74507383226,456,0.40897776052162527,170889.34224051246,30,24.389472806915638,16199.282502799899,1,1,1,1,High School,0.3394872044868741,474.69261733475685,0.09818730394777556,1
69,Male,Black,41468.007274279254,565,0.4414909961634884,221866.56225918903,20,6.648709778806227,37027.21189155108,6,3,0,1,Master,0.18690516881870411,924.4440094132876,0.2675153411540985,1
58,Female,Hispanic,47505.636835270285,433,0.29227275632126914,286839.72296875325,30,23.960305989310815,20774.565834902885,5,4,0,0,Bachelor,0.16561735712053136,796.7770082465369,0.20126714924616468,0
50,Female,White,47035.542223137585,763,0.5345379075338512,165801.60147826237,30,28.596062362593152,1976.348385721325,8,0,0,0,Bachelor,0.2836856930438289,460.56000410628434,0.11750093201980193,1
57,Male,White,60105.22686348403,431,0.18115392274823042,387837.320346911,10,4.128193410552928,-6439.4753545880885,2,1,0,1,Bachelor,0.1549753561872833,3231.9776695575915,0.6452638823372204,0
56,Male,Asian,42659.547705567165,333,0.5419427316195771,249118.57267848557,20,29.360936543730872,-456.26707457698285,7,0,1,0,Bachelor,0.1712419401207148,1037.994052827023,0.2919845451689764,0
35,Female,White,42191.81627156733,382,0.2711409215159972,349093.11159920506,15,0.7497839031027076,24918.860306785333,4,0,0,1,Bachelor,0.12086121114875475,1939.4061755511393,0.5515968773853673,1
57,Female,Hispanic,89375.14618867918,431,0.16251580780431127,122001.03429878391,20,15.665017343213169,43956.814624732244,4,2,0,0,High School,0.7325769547969321,508.33764291159963,0.06825221524182376,0
18,Female,Hispanic,68794.70963494209,727,0.40001370133956493,158112.1427706171,20,23.216794169354525,6294.884939585261,9,0,0,0,Bachelor,0.4351007356515733,658.8005948775713,0.11491591694305885,0
28,Female,Hispanic,34787.986711497215,503,0.2879933345352026,224567.41768549738,30,23.71314307638763,32567.73160949188,4,4,0,1,Bachelor,0.1549111045139111,623.798382459715,0.21517717169423436,0
45,Male,White,61418.81987884396,635,0.5077498635517597,154088.39491911803,10,22.040177074388037,17274.178328199607,7,0,1,0,Master,0.39859471513791217,1284.069957659317,0.25088139958253186,1
74,Male,Hispanic,52367.001313103545,796,0.31539273426438363,304772.43990202073,10,15.880541182594857,4027.2524620574277,6,0,1,1,Bachelor,0.17182328339773328,2539.7703325168395,0.5819933016209561,1
42,Female,Hispanic,57831.023505201876,741,0.43428126278105494,306764.7711716651,20,19.528929662111864,25319.163976078715,6,2,1,0,Bachelor,0.1885191160781618,1278.1865465486046,0.26522509250080256,1
67,Male,Black,52746.82649130209,557,0.2541289947524128,176093.69204125623,15,20.99796556959341,43871.53298596226,3,0,0,0,Bachelor,0.29953842116584317,978.2982891180902,0.2225646593421678,0
40,Male,White,73792.85290970471,591,0.20472618751267005,265797.1180799909,20,14.836176726416868,18868.025348641328,5,4,0,0,Bachelor,0.27762849139506834,1107.487991999962,0.18009678959372172,1
48,Female,White,56912.40689302892,424,0.2940245154744119,404185.4086863099,15,17.870549254039126,32443.182506469915,0,4,1,1,PhD,0.14080767308747383,2245.4744927017214,0.47345904669024247,0
47,Male,White,48758.22603571425,474,0.4034039173012167,304459.7447378469,15,25.391041603727196,24629.73967751057,5,0,0,1,Bachelor,0.1601467086484527,1691.4430263213717,0.4162849628899368,1
59,Female,Black,70843.81153966035,791,0.42847336960567595,265200.14558527485,20,9.386370634374817,24655.51921621181,4,4,0,0,High School,0.26713338102931244,1105.0006066053118,0.18717241479646274,0
52,Male,Black,54665.70082175744,379,0.3891033326490092,329531.6761604936,30,15.69618980905897,7953.452535382303,0,4,0,0,Bachelor,0.1658890624982993,915.3657671124821,0.2009374990209199,0
24,Female,White,52429.57158658116,604,0.5940278593120545,368082.0167294172,30,0.2543916307652361,27362.22503220961,0,2,1,0,Bachelor,0.14243991611555135,1022.4500464706033,0.2340167998013448,0
77,Male,White,56280.45204972229,809,0.4455450932475826,351791.4286223012,15,20.623091993303795,-1926.3574980031517,2,1,0,1,PhD,0.15998244263690536,1954.396825679451,0.4167123939842117,1
33,Male,White,48127.81953267267,643,0.5657598137984589,192802.13962826115,10,5.8615639384452525,25420.155078558317,3,1,1,0,High School,0.24962284975398707,1606.6844969021763,0.40060435211982337,1
43,Female,Black,50184.539859909375,390,0.15896659744758726,290228.4999871926,30,14.430037611413066,40587.962772907485,0,3,0,0,Bachelor,0.17291389323282844,806.1902777422017,0.19277417626847382,0
65,Male,Asian,38266.108224762545,468,0.13068646490673944,170193.95392857998,30,6.306156488413778,47059.01888676519,9,1,0,0,High School,0.22483823509277243,472.7609831349444,0.14825473665357397,1
74,Female,White,34976.65560752242,633,0.2554973510059768,194555.59090519755,15,0.7060114373547688,4365.956680128356,6,0,1,1,Bachelor,0.17977718062374132,1080.8643939177641,0.37082941469748854,1
69,Female,White,30028.592270351208,535,0.16829446918821198,247924.1619854591,15,14.496616550940498,26626.008452984453,1,4,0,0,Master,0.12112007167785609,1377.3564554747727,0.5504179921886149,1
77,Male,White,22160.334264058478,698,0.3629342641141339,55155.38176785965,15,12.74500819832121,9420.716899539251,3,1,0,0,Master,0.40178009024265027,306.4187875992203,0.1659282485262128,0
66,Male,Black,32405.65277230887,776,0.35949062676163934,236864.3140449747,30,12.75448540573142,22107.770690931044,8,2,0,0,Master,0.13681103843340384,657.9564279027074,0.24364505755549218,1
19,Male,Hispanic,46514.65931066149,834,0.3875235832219751,130855.86246085442,30,6.264184797866109,48832.41252548806,7,3,0,0,Bachelor,0.355464848390544,363.48850683570674,0.09377392303137241,1
18,Male,Asian,52062.35164891274,387,0.4726139404155364,81388.97222718626,10,28.41613769244538,33166.27159435833,1,0,1,1,Bachelor,0.6396732901797526,678.2414352265521,0.15632980387831935,0
65,Female,White,44574.068737047186,552,0.58566485010616,279491.40617092454,10,0.10521455432083493,10213.185446228257,8,1,0,1,Bachelor,0.1594827882106245,2329.0950514243714,0.627026910690405,1
79,Female,Asian,2885.9301974528425,657,0.5391293457195733,173921.3812627606,20,26.74636349992016,9367.711059803765,0,4,0,1,Bachelor,0.01659330311488716,724.6724219281692,3.0132638241955014,0
29,Female,White,81491.72715524684,357,0.1591836197877908,221998.69682815086,15,22.107057694184462,20254.464600013,5,2,0,0,Master,0.3670820068747051,1233.326093489727,0.18161246102542364,0
22,Female,Black,71729.60245780763,698,0.2692568443853286,176362.5176123825,30,5.162161005998145,21274.891623011987,2,1,1,1,High School,0.40671682072183946,489.89588225661805,0.08195710537413589,0
54,Male,White,58915.197024342575,820,0.22791151252402095,138335.5896213993,10,14.165759589106635,21993.473552212992,0,4,1,0,Bachelor,0.42588604411622005,1152.7965801783275,0.23480459475378113,1
49,Female,Hispanic,88149.81345106536,824,0.1884086788898964,211757.0438480949,15,29.665502445248176,-2338.081856470857,7,1,1,1,Bachelor,0.4162780696650645,1176.428021378305,0.1601493605471611,0
76,Female,Black,30452.717650325787,716,0.3723624383278923,63775.175280426716,15,19.31094710952922,49986.54281458974,5,0,0,1,Master,0.47750112040338133,354.306529335704,0.13961572825284324,1
72,Female,Black,87752.50241252009,692,0.3766322010163653,190376.09626112558,20,3.8213017145600245,51468.2904297513,3,3,0,0,Master,0.46094286066332674,793.2337344213566,0.10847331473590187,1
26,Female,Hispanic,30695.71846498904,521,0.21362241394403067,398073.31982851424,15,13.729267165692956,27189.97060497785,2,4,0,0,High School,0.0771107153782937,2211.518443491746,0.8645577510156652,0
58,Male,White,54774.75850582713,628,0.4559486251533428,80052.34414101104,10,14.04609289718437,6947.8788093777675,9,3,0,0,High School,0.6842367839890133,667.1028678417587,0.14614823748149394,0
52,Female,White,24523.253497315913,671,0.4664571495847526,342615.8300716195,20,24.067899986493252,10595.391840538461,1,3,0,0,PhD,0.07157653367093295,1427.565958631748,0.6985529675112624,0
36,Male,Hispanic,50293.881910887336,810,0.11048999741696666,408679.78044352477,30,27.48488798478466,5871.104007871989,4,2,1,1,Bachelor,0.12306427750427311,1135.2216123431244,0.27086116303876984,1
65,Male,White,57723.32995996777,452,0.29787885186115826,121449.18132083859,20,2.4672462986620367,4517.624735470645,7,4,1,0,High School,0.47528792975126827,506.0382555034941,0.10519938940205452,0
33,Male,White,46906.193377308904,779,0.5450703206008105,232760.8958341902,15,9.421118608584969,10489.154654170816,7,2,0,1,High School,0.20152093507460572,1293.1160879677232,0.3308175730823489,1
20,Female,White,64277.54888180275,319,0.3601593041219191,70027.06298845394,15,8.953143806553449,26334.72778837174,2,3,0,1,PhD,0.9178958268234216,389.0392388247441,0.07262988317245235,0
37,Female,Black,51980.288989745146,527,0.2738139007194972,55062.95671440914,10,29.88144374757055,21926.93501921562,8,0,0,1,Bachelor,0.9440155794638375,458.85797262007617,0.1059304551486279,1
41,Female,White,39551.70543244982,645,0.22683807579756507,216717.00129349728,15,16.77681350074199,42863.23297394581,9,0,0,1,Bachelor,0.18250393460772102,1203.9833405194292,0.36528892820837994,1
71,Female,White,38663.733643953216,318,0.22167725995914114,240918.01638088215,30,26.394944883599536,-2848.399633793535,4,1,1,0,Master,0.16048502401259743,669.216712169117,0.20770370031983043,1
73,Male,White,66218.27545231393,743,0.14988401692540318,143308.4930477838,10,12.780985483344717,6787.232281302189,6,1,0,0,Bachelor,0.46206804665955536,1194.237442064865,0.21641834081134476,0
50,Female,White,36925.15940386065,667,0.5086132095465461,86900.61603407339,15,21.68169451226809,-10001.73738460353,8,4,0,0,Bachelor,0.42491251603305596,482.7812001892966,0.15689504109942565,1
41,Male,Hispanic,68308.05940969873,446,0.1433287026970856,121607.26091171328,30,8.597569269124381,22170.30761926806,6,0,1,0,Bachelor,0.5617103690814178,337.79794697698134,0.059342563655793566,1
69,Male,Asian,74454.23585663861,803,0.2461473829309079,289109.3289331377,10,27.353580704677004,44009.61722896955,9,3,1,0,Master,0.2575296900013131,2409.2444077761475,0.3883047426473046,1
28,Male,Black,16625.722753077403,729,0.12283786928317661,289792.4252666178,15,13.654387229596013,12913.295796693332,2,0,0,1,Bachelor,0.057371143285685385,1609.9579181478766,1.1620243705915583,0
66,Female,White,72658.5277460207,739,0.49069328486185027,264250.9061222557,30,24.111764919482617,40481.39857879058,1,4,0,0,High School,0.2749603731250981,734.0302947840437,0.12122959012049254,0
25,Female,Asian,91208.45396889397,497,0.11964184111339524,161439.5804208418,30,7.674506500276944,30406.48801601521,6,1,1,1,High School,0.5649695925319623,448.4432789467828,0.059000225452748675,1
53,Male,Black,55040.07522403857,586,0.2541505519341042,92443.83027387984,20,20.808130257656373,33001.686808760045,9,1,0,1,High School,0.5953893846779544,385.182626141166,0.08397865545930913,1
55,Male,White,61981.683705896445,668,0.38664868504333205,331276.0659006042,10,12.154752132001075,28788.50826374087,7,2,1,1,Bachelor,0.18709979405663849,2760.6338825050348,0.5344741318621024,0
57,Female,Asian,70740.10648738316,539,0.3047806801467219,364116.7909472439,20,0.9431826892364115,47048.27230881582,3,1,0,1,Bachelor,0.19427861676841082,1517.1532956135163,0.2573623429674833,1
37,Male,Hispanic,44490.35369641955,586,0.24113553362455023,147509.23025936447,30,12.390247612771905,16996.93604660572,0,3,0,0,Bachelor,0.30161064238619145,409.747861831568,0.11051776246891289,0
79,Female,Hispanic,53645.6044707574,694,0.23759453621377083,184109.93819981237,20,16.500649252662612,30301.99869484011,5,4,0,1,Master,0.2913781026450427,767.1247424992182,0.17159834437150578,0
52,Female,Hispanic,23716.009407537815,817,0.4988951530031247,53294.91102393941,20,4.552848417395257,47682.23136597239,8,1,0,0,Bachelor,0.44499575948039166,222.0621292664142,0.11236062127509601,0
65,Male,White,52772.70057060902,359,0.5869890475436226,253393.73980590602,20,5.517393155778452,4650.414625356025,3,1,1,1,Bachelor,0.20826363197067038,1055.807249191275,0.2400803228431235,0
79,Male,White,59962.23991289083,844,0.27402053522439673,407578.6221241995,10,13.945883949694707,16772.68853556479,2,3,0,1,Bachelor,0.14711821635880307,3396.4885177016627,0.679725478428262,1
42,Female,Black,60323.26045852939,602,0.11957275680450827,294363.0817816898,15,10.2818913730022,28621.660101065878,5,1,1,0,Bachelor,0.2049280775748478,1635.350454342721,0.325317386741782,0
52,Female,White,71308.4944719516,543,0.11828288895455422,421199.8199534136,20,13.22221614010088,7119.392959020481,5,3,0,1,Master,0.1692984922924198,1754.99924980589,0.2953363572407828,0
42,Male,White,34503.95643728942,506,0.47960670760535906,160961.59005897085,15,13.824809679681685,6489.308809726979,3,1,0,0,High School,0.21436142886416779,894.2310558831714,0.31100122358724647,1
46,Female,Hispanic,39347.86486653007,674,0.3761849108045635,69238.5159811977,10,4.202281311082668,50449.54836139818,6,3,0,0,Bachelor,0.5682944573395436,576.9876331766476,0.1759651158101163,0
35,Male,Hispanic,87910.1469198271,582,0.4917963287086652,350430.80027023767,15,5.435837258103442,7819.334217404223,1,1,0,1,Bachelor,0.2508630715451794,1946.8377792790982,0.2657492242921067,0
63,Male,White,46993.4325247258,777,0.44874850514428744,217180.4490716004,10,25.44496180438483,14503.635664376954,0,4,0,1,High School,0.21637966366499653,1809.83707559667,0.4621506397885065,0
35,Female,Hispanic,54000.67574624656,321,0.5537531746326982,110694.26953170926,15,4.881560679314521,23238.804435294387,5,2,0,1,High School,0.487836235558496,614.9681640650514,0.13665788190240477,0
19,Female,Hispanic,48659.79916549558,648,0.5429121455233118,387232.08407197206,10,19.977429990247828,26430.594496053298,2,2,0,0,High School,0.12566055646476734,3226.9340339331006,0.7957946615335734,0
71,Male,Black,33566.38347389955,788,0.49416369781058866,139393.08209036032,30,12.555841403033764,11821.487073686734,2,0,1,0,Master,0.2408037972224507,387.20300580655646,0.13842528115343852,1
52,Female,White,82470.58421783612,557,0.3375945800210719,88021.01246645526,10,29.047100579089225,16881.43835717898,0,2,0,0,Bachelor,0.936942008583071,733.5084372204605,0.10673019149950283,0
33,Male,White,39445.97176158788,346,0.25406320380192626,260161.0482587559,15,1.9831308566471262,4972.6976071366735,1,3,0,0,Master,0.151621359252654,1445.3391569930884,0.43969178877744247,0
78,Male,White,27454.2895258614,326,0.35351339372231994,69825.18780885909,20,24.911665980922855,11693.716978150753,2,3,0,0,Bachelor,0.39318604628769976,290.9382825369129,0.1271662625672486,1
58,Male,White,40985.19445394497,326,0.3510358036599118,302235.0688996433,30,14.743476933078645,30430.023629028314,0,2,0,1,High School,0.13560701146680645,839.5418580545647,0.24580833227412127,0
53,Female,White,9965.87996548933,696,0.4051377744446688,84768.76880781974,20,0.16057112592565814,33596.79100389176,7,3,1,0,Master,0.1175654678680434,353.20320336591556,0.42529495188264366,1
50,Male,White,36974.250700336364,444,0.19304878389145205,225149.00346627837,15,7.909806568186611,35272.48146123364,5,4,0,1,PhD,0.16422124962180512,1250.82779703488,0.40595639614360085,1
21,Male,White,30637.428042953467,821,0.4278099402224944,231667.9659789983,20,12.230905576478083,19927.193383789647,8,3,1,0,High School,0.13224714911914442,965.2831915791596,0.37807998382599445,1
50,Male,Asian,62348.57261854649,420,0.32830046210290786,226491.83372258613,20,9.425842603467753,17049.1724762837,0,4,0,0,High School,0.2752795612706852,943.7159738441089,0.18163353562902004,0
31,Female,White,36531.71520880255,761,0.4101024159704296,71230.61861345894,10,10.873483920418,383.7264845031059,3,4,0,0,Master,0.5128653368440622,593.5884884454912,0.1949829571547067,1
38,Female,Hispanic,67756.07871157696,681,0.21980241145977283,180546.8585804785,15,27.500157274115395,14661.621496351934,3,4,1,0,PhD,0.3752825124973016,1003.0381032248805,0.1776439467510387,1
65,Female,Black,77969.67986138642,717,0.31719744693867746,337358.8109337423,20,10.828020971769831,22601.520166484064,4,1,1,0,Master,0.231117959082147,1405.6617122239263,0.21633974356024985,1
37,Male,White,65623.50672575198,626,0.20510060722626014,179798.32813583006,20,12.564881382081984,36321.544909389995,1,0,0,0,High School,0.3649839651243931,749.1597005659586,0.1369923196022025,1
73,Female,Asian,45692.23422279847,690,0.5376525783784009,84911.96567238698,20,22.833946607343385,-8997.528896490294,0,3,0,0,Bachelor,0.5381130193015587,353.79985696827913,0.09291728355670946,0
25,Male,Black,52822.28993411186,596,0.3439805225207688,155492.89008645396,15,23.815006972451254,14947.435075247759,8,1,0,1,Bachelor,0.33970871532931635,863.8493893691887,0.19624655965049195,1
24,Female,White,19500.301197118806,383,0.21249070778690607,74170.34716561301,30,2.522689553600838,-13987.344259770965,4,0,0,0,Bachelor,0.26291236245095495,206.0287421267028,0.12678495991055388,0
20,Female,Hispanic,47324.41254957521,445,0.12060434787077315,-18173.223030114197,20,21.122101037010125,-4055.6627713205417,7,1,0,0,Bachelor,-2.604073722704862,-75.72176262547582,-0.019200685281699627,0
34,Male,White,32791.23063866334,470,0.43786933232677094,182355.90826470245,20,14.477158610303272,39761.953416567456,2,3,0,0,High School,0.17981995182226046,759.8162844362602,0.2780559081086927,1
50,Female,Black,63886.527622985974,633,0.20732235699487786,210001.04993418048,30,4.0156167971296615,473.9687308806824,3,4,1,0,Bachelor,0.30422003910461204,583.336249817168,0.10956981476776094,0
65,Male,White,101455.04778488948,723,0.5947910961593892,269888.4934784618,30,7.941316918406529,21621.104333325886,3,1,0,0,Master,0.37591468416190926,749.6902596623939,0.08867260242214008,0
29,Male,Hispanic,59996.432719476186,608,0.36685018670758585,246736.527148514,30,1.3510649191955604,35392.665093869145,5,0,0,0,Bachelor,0.24315991398940107,685.3792420792056,0.13708399870048596,1
76,Male,White,10177.197020906671,825,0.24448849812401605,261464.74157096987,20,10.807115664355056,12979.18771987831,3,0,1,0,Bachelor,0.03892378360370343,1089.4364232123744,1.2845616579587273,1
68,Male,Black,42775.39614171254,646,0.42883871689631514,195892.9470016325,10,7.662193210020725,1638.3735315895028,4,0,0,0,High School,0.21836108342050756,1632.4412250136043,0.45795706099985595,0
39,Male,White,52449.81850748909,601,0.23760996171904278,412749.9277102569,15,11.46310192140053,21787.31252008749,4,1,0,0,Bachelor,0.12707408284346916,2293.0551539458716,0.52462835202035,1
72,Female,Black,51747.148505205274,646,0.5101371469548732,115849.91284606892,20,17.410216425922705,43397.49720527204,7,0,0,0,High School,0.44667403914202586,482.70797019195385,0.1119384509026768,1
39,Male,Hispanic,35383.73748782494,707,0.254118025464971,168288.87192489492,30,21.970186561098597,34891.36199813663,8,2,1,0,High School,0.21025595503198946,467.46908868026367,0.15853692861285104,1
63,Female,White,54905.834852738706,432,0.5941238661979547,365863.60776165815,30,18.16055959678589,16274.373526129633,7,0,0,1,Master,0.1500718674608028,1016.2877993379393,0.22211580289716626,1
47,Male,Black,25149.983261612255,405,0.4025723927226468,161008.8806920013,30,20.35131906779837,11644.891554496046,4,0,1,0,Bachelor,0.15620246009735583,447.24689081111467,0.2133982609016386,1
55,Male,White,31101.82554629866,470,0.5222055744713316,188978.27227443954,30,25.9691736185638,37346.05265091789,5,1,0,0,Bachelor,0.16457884375793064,524.9396452067765,0.2025371704662197,1
55,Female,Hispanic,62915.952832074225,549,0.13640773478921112,240418.4641918113,10,26.21473330384533,-1921.5422951950532,3,3,0,0,PhD,0.2616935144460388,2003.4872015984276,0.38212639778896784,0
62,Male,White,29686.735382403484,843,0.2741497086930941,316746.11897113704,15,25.82158045077522,34054.637525211554,1,1,0,1,Bachelor,0.0937240698602171,1759.7006609507614,0.7113078504390105,0
68,Male,Hispanic,60764.23210984514,561,0.46874354308307487,214200.31052364933,10,4.595067464385798,12042.278070561471,4,1,0,0,Bachelor,0.2836794772206286,1785.0025876970778,0.352510519899986,0
71,Female,Hispanic,22610.72450687884,793,0.4275295086702914,111625.59915396679,10,7.532074007809361,-2307.42575784809,0,2,0,1,Bachelor,0.20255859478694976,930.2133262830565,0.49368430949661535,0
25,Male,White,85296.51767583472,543,0.1971215607168789,158992.31613840896,15,15.069759147827163,-6497.594286588264,0,3,1,1,Bachelor,0.5364820121343524,883.2906452133831,0.1242663596519079,1
44,Male,White,34514.60155191891,750,0.2781014652548549,254000.61049021338,20,10.762178820480809,44526.62121953492,0,1,0,0,Bachelor,0.13588393148074246,1058.3358770425557,0.36796109337685756,1
44,Male,White,45526.66856393112,589,0.23172170374377046,170488.99889265455,20,3.9500690483988965,16982.990739249635,3,2,1,1,Master,0.26703581380401087,710.3708287193939,0.1872408022269895,1
51,Female,Hispanic,56612.26522180812,562,0.4066850848809215,153269.9023118065,10,8.632507038169543,6586.471613896474,4,1,0,0,High School,0.36936322375046776,1277.2491859317208,0.2707362118637924,0
38,Female,White,38693.000949978115,613,0.2722841147293875,106800.02224699187,15,29.26286284996917,19344.444907185836,3,2,0,0,Bachelor,0.36229394091786293,593.3334569277326,0.18401264591333846,0
47,Female,Black,52868.11922142609,384,0.25452712100017494,319348.23152629635,30,10.407802664896085,11415.976597376035,5,4,0,0,Bachelor,0.1655500610375941,887.0784209063787,0.20134896432181806,0
50,Female,Hispanic,61507.13449040252,714,0.20368899021817086,187842.24822476783,15,12.567422048878843,11924.86469285334,1,0,0,1,High School,0.3274403659010962,1043.5680456931545,0.20359941415043317,0
45,Male,White,69212.2646500697,628,0.30451356045732414,188476.29113993686,20,0.19204265571890922,12556.116757339658,4,0,0,0,Master,0.36722000539941696,785.3178797497369,0.1361581593181889,1
64,Male,Black,65829.94871945915,344,0.1977512950982768,267988.96747060807,10,21.58244639370596,20124.52093835207,5,1,0,0,High School,0.2456442492420107,2233.241395588401,0.4070927787178897,1
50,Female,White,46563.79072394652,632,0.5812847936888161,63763.99661145167,30,12.406501966361393,31361.278246704802,4,2,0,0,Bachelor,0.7302520732457337,177.12221280958798,0.045646338510450885,1
22,Male,White,47067.36451912796,764,0.1772509057476517,204198.71252010847,20,3.0942018868548327,-2933.8427236237403,5,4,1,0,High School,0.2304978515204546,850.8279688337853,0.21692176161374307,0
77,Male,Hispanic,96982.17116050064,499,0.5566523574793881,350532.1726019485,30,29.056702149140158,40256.67878921153,7,0,0,0,High School,0.2766712408753135,973.700479449857,0.12047993578181682,1
78,Male,White,68997.78136498584,500,0.314236549078291,193616.6511273705,15,23.322996377552602,5825.121647195618,1,1,0,1,Bachelor,0.35636284876963253,1075.648061818725,0.18707524338420223,1
65,Male,White,31563.526873595725,628,0.28893299578086107,221951.56161626853,15,21.784502682981806,23842.79306239444,6,1,0,0,Bachelor,0.14220907770933292,1233.0642312014918,0.4687933269838755,1
36,Female,Hispanic,51999.76327531104,539,0.21565990045242442,219717.08439844658,20,28.736170045250084,19127.788574384656,5,2,0,1,Master,0.23666690925595898,915.4878516601941,0.21126738907940956,1
21,Male,White,43297.13722443615,658,0.4178781671837596,306134.43717528315,20,12.224402535514134,7896.262082804407,9,3,0,1,Bachelor,0.14143177626124284,1275.560154897013,0.3535273424526855,0
52,Male,Asian,47293.315321537804,659,0.4427640075054182,220122.4931020961,30,21.556006208773454,37029.74633805622,7,1,0,1,PhD,0.21484998945383768,611.4513697280447,0.15514700939976206,1
66,Male,Asian,25410.09684583824,677,0.33378548112620876,446858.4893662669,30,6.186236921563532,8087.551728738428,8,4,0,1,Master,0.056863856121150906,1241.2735815729636,0.5861954430651912,0
34,Female,White,41761.53531228094,684,0.12785344784671207,223127.63357615427,15,20.913616423563603,41282.06003411504,7,4,1,1,High School,0.18716433568963378,1239.597964311968,0.35619321609014765,1
61,Male,White,86231.11546387826,764,0.559255075344275,156424.72207725042,10,0.4223727656280851,30020.355029106962,4,3,1,0,High School,0.5512627052729746,1303.5393506437536,0.18140171472416575,1
45,Male,Hispanic,61581.526017510056,521,0.5901645664381905,351194.6830869487,30,3.789161413218424,8757.138595495737,3,4,0,0,High School,0.17534868545337207,975.5407863526353,0.1900974235828941,0
47,Female,White,176.77183697079454,664,0.31552170760591747,178931.3862296284,15,12.757767558085455,2023.3630107823847,2,2,0,0,Bachelor,0.000987930852689743,994.063256831269,67.48110607656379,0
46,Female,White,74334.46984995893,371,0.4068304037046636,140039.85511133226,10,0.3627808441802449,35977.91772365631,9,1,0,0,Bachelor,0.530809388447758,1166.9987925944356,0.1883915435113709,1
63,Male,Hispanic,71792.59045818323,539,0.32514931312187334,81157.27910411876,20,13.858975663512577,2883.629596992887,8,2,0,0,High School,0.8846106134987433,338.15532960049484,0.05652204397847306,1
70,Male,White,42814.29391387167,803,0.26093982544306027,247875.91059248103,20,15.683752471950118,18003.073643626783,6,3,0,1,Bachelor,0.1727247065337473,1032.8162941353376,0.28947798495886223,1
23,Male,Hispanic,64345.270875664304,713,0.13865939642890382,154253.96807677904,30,18.64819792761246,30452.073717740925,0,3,0,0,Bachelor,0.4171385130503535,428.4832446577196,0.0799095079703408,0
52,Male,White,32812.01578365598,426,0.3280338651986494,122264.56253590353,10,3.011600309808491,26953.575506979014,2,2,1,0,Bachelor,0.26836897873838617,1018.8713544658627,0.3726213084317875,1
77,Male,White,40594.885674672856,786,0.5091922781797258,143418.68783825389,15,5.43035739381637,16957.37928252448,2,0,0,1,Bachelor,0.2830515763779358,796.7704879902993,0.23552833557673625,1
58,Male,White,79970.92721339708,826,0.10851573054400179,163667.9540694384,30,18.398501121515853,9055.229457839403,5,3,0,1,Master,0.48861689307528283,454.63320574844,0.06821977259840166,1
54,Male,Asian,44565.39920260583,547,0.39105384159011114,283271.4721930327,15,19.745631373879178,30831.460245632894,1,1,0,1,Bachelor,0.1573239933325766,1573.7304010724038,0.42375396946437793,1
41,Male,Black,12605.366760900179,781,0.5403860543633444,248353.58739356676,10,0.777006846308288,-8214.295770850855,3,3,0,0,PhD,0.05075572651553614,2069.613228279723,1.9702210344558928,0
46,Female,Hispanic,48733.935544373264,611,0.208774715007179,185545.97795516075,30,16.211020863451147,23893.25392565022,1,2,0,1,Master,0.262651532959396,515.405494319891,0.12691086534981855,0
66,Female,White,48428.23214171286,743,0.1916279323445311,256083.91980881995,10,23.549451959964976,549.8176773398009,4,2,1,0,Bachelor,0.18911078906425313,2134.0326650734996,0.5287905597285809,1
63,Female,White,73967.37138746919,582,0.48613831285097153,189365.93819431588,10,2.0730263335618226,6841.50634345057,3,4,0,1,High School,0.39060547051269773,1578.0494849526324,0.2560127994847149,1
70,Male,White,50286.7284435152,301,0.22754321555964666,220656.66125049468,10,12.395185957395592,25524.908924140498,3,0,0,0,High School,0.22789580952839902,1838.805510420789,0.438797010822345,1
48,Male,White,41568.353771194146,373,0.19599213378032423,133305.97657965086,15,9.795338190903056,8755.508648092777,3,2,0,0,High School,0.31182663251678655,740.5887587758381,0.21379401152683067,1
52,Female,Black,70901.12290462412,363,0.2889946252846175,134229.60140320688,20,27.4099687605605,37359.47389708269,3,4,0,0,High School,0.5282078033715313,559.2900058466953,0.09465971475781275,0
77,Male,Black,52415.804650022204,646,0.296251006135109,215134.7567513071,30,5.5740717961936594,30596.56560399168,4,4,0,1,High School,0.24364173154323998,597.5965465314086,0.1368129060740054,0
50,Male,White,34999.54636868566,623,0.537050531508283,215359.02563447558,15,9.550812394334404,9537.36498809648,1,1,0,0,Master,0.16251720245098836,1196.439031302642,0.4102129846024877,1
69,Male,Asian,73099.95121083235,538,0.4092217359668384,301118.0826787907,10,26.95334234973909,16621.035541480058,5,4,0,1,Bachelor,0.24276174502880876,2509.3173556565894,0.4119265166269624,0
78,Female,White,53873.235290335986,696,0.3029807281697947,249932.46142274764,15,9.919599181799184,3445.7144038146,0,0,0,1,Bachelor,0.21555117323960665,1388.5136745708203,0.3092846383747585,0
38,Female,Asian,50058.51933358875,636,0.36719398214288346,150805.33215801985,10,15.940423217567831,27094.670685124147,9,1,1,0,High School,0.33194130882013795,1256.7111013168321,0.301258075879266,1
49,Male,White,53558.16782823309,640,0.5769826166626371,71992.70926531416,10,0.9910601169263811,43521.96040520778,1,2,0,0,Bachelor,0.7439387734507338,599.939243877618,0.13441966404863337,1
40,Male,White,28586.63257166806,578,0.1566073383049477,288259.08260792255,10,29.547073085251085,2073.132587874883,2,2,1,0,Bachelor,0.09916992836111378,2402.159021732688,1.0083701950037076,1
50,Female,White,39446.924476433254,652,0.20385776086234572,233167.1100858596,10,24.748401236135685,22826.131405838954,1,4,1,1,Master,0.16917876823153846,1943.0592507154968,0.5910907204569534,1
20,Male,White,50071.652036655665,762,0.5812643532932776,296922.27991928253,15,19.032028342400288,24851.717236675282,2,3,1,0,Bachelor,0.1686355501859527,1649.568221773792,0.3953298494484349,1
35,Female,Black,46106.7260995064,761,0.578662424263602,245876.27959741742,10,1.822658192699409,1249.4331528685289,7,0,0,1,High School,0.18752002501013393,2048.968996645145,0.5332763793871924,1
42,Female,White,75448.56765633191,592,0.18858271063238632,380496.2523081355,15,2.2460988411834206,4873.968900959255,2,0,1,1,High School,0.19828991008098484,2113.8680683785306,0.3362080634331768,1
59,Female,White,54348.11705454007,706,0.17255440856264911,178362.0161821766,15,16.349208923720692,-7124.978488794102,9,4,0,0,High School,0.3047067880138203,990.9000899009811,0.21878956849377093,0
48,Male,Hispanic,67098.07845272805,461,0.31054256716930995,204140.82674733098,20,8.551933086103027,28412.763241662724,0,0,0,1,High School,0.3286852489128822,850.5867781138791,0.15212121677310947,1
71,Male,Black,50187.90709151699,802,0.12485914624398456,279047.0731834924,15,18.6836834250952,14604.705328570091,7,1,1,1,Master,0.1798546263859755,1550.2615176860688,0.37066973480902976,1
75,Male,Hispanic,71125.76967492246,747,0.4274517661425701,286301.58032378694,20,17.945774455433174,9115.585856157688,7,4,0,1,High School,0.2484295392099625,1192.9232513491122,0.20126431083439736,0
20,Female,White,57950.55513146308,754,0.1387480108308711,232709.59553925993,20,25.159541948378934,50964.782184229145,6,3,0,0,High School,0.24902520670526612,969.6233147469163,0.20078288724874957,1
57,Female,Black,50268.4097077692,564,0.12901481354714037,40890.56998811805,20,8.441311821379271,-7030.256821561783,3,2,0,0,Bachelor,1.2293399119253205,170.37737495049186,0.040672233541732904,0
63,Male,Black,49734.33822081961,431,0.3425934681044246,23203.439418798225,15,17.335905734729778,39275.35624929085,4,0,0,0,High School,2.1434037136980404,128.90799677110124,0.031103177735773282,1
41,Male,White,30911.227474180734,419,0.5788933180550507,161405.06401033883,20,23.32089956516283,-12310.990960818861,9,2,1,1,PhD,0.19151336833025703,672.5211000430785,0.2610783802505997,0
67,Female,White,60138.31440272622,518,0.3133979680315798,202181.50505560034,30,14.723189589669786,12188.79422451026,5,3,0,0,Master,0.2974471596014089,561.615291821112,0.11206472227874467,0
49,Female,White,49195.90530927242,716,0.2782405793302756,13201.497827950836,10,24.919309948168333,-5478.151656685692,5,3,0,0,Master,3.726539666212157,110.0124818995903,0.0268345459748306,0
64,Female,White,39960.16079637591,804,0.5989783577511429,197019.07877335718,15,3.9382860472131886,7699.715543217437,6,1,1,0,Bachelor,0.2028238130295212,1094.5504376297622,0.3286925024773263,0
39,Male,White,72129.23541624143,599,0.36598448038959175,265118.7118902724,10,22.0169329544143,11886.63105872997,3,3,1,0,High School,0.2720639177143194,2209.322599085603,0.36756068515121854,1
40,Male,White,24995.679482103977,408,0.28762070344512425,194080.02783454306,15,28.289462745629354,9353.871070395773,7,3,1,0,Bachelor,0.1287905806743457,1078.2223768585725,0.5176361991505972,1
19,Female,Black,41550.082091351316,537,0.29293040667080095,229512.6552865291,20,9.956499629806983,23751.020130293557,1,0,0,0,Bachelor,0.18103612648060385,956.3027303605379,0.2761879685122239,1
44,Female,Black,70554.37497559068,592,0.19747974801675525,258781.75644577088,30,10.990093272358948,33165.71257121036,8,2,0,1,High School,0.2726404517251035,718.8382123493635,0.12226114328383851,0
59,Male,Asian,56310.458818405066,486,0.3561115287237695,39873.187351443485,20,2.5064903157256415,18302.75019612148,5,0,0,1,High School,1.412238713752251,166.1382806310145,0.03540477931464744,1
19,Male,Hispanic,49042.82144694485,335,0.31942751408400294,265258.1820889264,15,19.244783387241352,24850.823514970543,0,0,0,1,Bachelor,0.18488712039240135,1473.656567160702,0.36058037209500826,1
43,Male,White,55020.07086300293,555,0.2353976481737067,126646.62553531307,20,16.573521769046106,43414.79014798101,0,4,0,0,High School,0.4344377169975335,527.6942730638044,0.11509129627500522,1
34,Male,Hispanic,53588.283420976826,734,0.1802700433008799,176189.37575093348,30,1.2103727619710336,9530.146857143722,7,4,0,0,Bachelor,0.30415161636494364,489.41493264148187,0.10959446387862534,0
57,Male,Hispanic,19666.74907428157,307,0.2556194343337769,133890.81505041476,10,22.56636080913935,33558.09899015432,9,1,0,0,Bachelor,0.14688646914933132,1115.7567920867898,0.6807979018022114,0
50,Female,White,43014.76229304077,477,0.3543416638438647,307388.64161480695,10,24.87853487235075,57883.82478190599,9,1,0,1,PhD,0.13993608243645897,2561.5720134567246,0.7146119732586281,1
26,Male,Black,82330.43309027498,541,0.12916663614240084,82758.04373280912,20,27.213588124222625,47212.09670554107,6,3,0,1,Master,0.994833002047333,344.825182220038,0.05025969172424082,1
60,Female,Asian,36813.51730445665,340,0.176872014291978,338134.52682112076,15,16.372022585119264,44439.86895469549,2,1,0,0,High School,0.10887239954626597,1878.5251490062265,0.6123376259226865,1
71,Male,Black,43633.97971791332,656,0.5738286334845477,439182.77196420147,15,13.57740104705272,30921.70952532818,7,1,1,0,Bachelor,0.09935266705195347,2439.9042886900083,0.6710103376671847,1
65,Female,Asian,39167.58473381625,412,0.37142767551566946,44887.99261244034,10,26.28411463596232,37267.40073678427,7,3,0,0,Bachelor,0.8725626265354818,374.06660510366953,0.11460495437107014,0
56,Female,White,48259.69553363725,465,0.13172465183001894,141394.66355040032,30,11.960904572044171,12742.322172217533,6,2,0,1,Master,0.3413120009047231,392.76295430666755,0.09766235363824285,0
46,Male,White,38337.54337351404,803,0.44654387938478646,261244.77252166005,20,19.66329375703685,18779.48223549928,4,3,0,0,Bachelor,0.1467495138886863,1088.5198855069168,0.34071663118370826,1
59,Male,White,59734.8300431612,377,0.13090143503951737,100655.01579672919,20,18.46086769202779,17035.949717138086,7,3,0,0,High School,0.593461036892533,419.3958991530383,0.0842515294042029,1
72,Male,Black,53946.26824580533,495,0.4694371135231865,172812.51680905462,10,11.164832994555356,10049.8604457854,4,2,0,0,High School,0.3121664404981271,1440.104306742122,0.32034192990261545,1
43,Male,Hispanic,65470.95230214036,701,0.4749813608600134,217587.72619191345,15,2.6066981269814438,22198.69514802644,0,3,0,0,Bachelor,0.30089451021881014,1208.8207010661858,0.22156159186216706,1
52,Female,Asian,28981.17667622079,363,0.42553948787462637,128717.89851557657,20,0.6424661601205706,12129.848010723324,7,4,1,1,PhD,0.225152655616994,536.3245771482357,0.2220715534666166,1
67,Female,White,43193.190342341935,724,0.4661022723096748,208198.31387371896,15,12.847132216061617,20933.551573405686,6,1,0,0,Master,0.20746176824727036,1156.6572992984386,0.321344348069027,0
42,Male,White,45485.5473677573,341,0.14398289050652888,294873.62744277314,15,14.436047244700704,-711.1880307277934,6,3,0,0,Bachelor,0.15425437589051533,1638.1868191265175,0.43218655083071666,1
41,Male,Hispanic,59112.938201771896,672,0.46339027617763384,192168.48897038322,10,24.68034804569676,11998.399056338065,1,0,1,1,Master,0.3076099443696116,1601.4040747531935,0.32508701955306124,1
30,Male,Black,34135.57605585931,605,0.16834415986194148,96134.55864719214,15,12.432349497344134,39734.50782023747,2,1,1,1,Bachelor,0.3550812167467763,534.0808813732897,0.1877504737576968,1
77,Female,White,68313.07608516689,508,0.2697529536359219,316488.6628539043,30,8.434796242004078,22924.322765736055,2,4,0,1,Bachelor,0.2158468346675065,879.1351745941786,0.15443049412645068,0
75,Male,White,73728.31181035217,766,0.5713726267503164,338903.4675548198,30,13.862894042254597,40020.576983616396,9,4,0,1,Bachelor,0.21754959411392313,941.3985209856106,0.15322176751972164,0
24,Male,Hispanic,30222.553047288322,603,0.3514377388295701,236857.96987868985,10,7.139714412720634,10916.300408659994,5,3,1,0,Bachelor,0.12759778808695874,1973.8164156557489,0.7837126450173991,0
74,Female,Hispanic,40182.54210212869,691,0.5837132160415069,101820.76497271299,20,2.7408183334486957,16275.51018659891,5,2,1,0,Bachelor,0.3946399549531693,424.25318738630415,0.12669776431008703,0
53,Female,White,39361.369834158155,452,0.14446122944336878,112227.27363132009,15,3.3912910105832172,23223.950192104516,2,0,1,1,Bachelor,0.35072909249729195,623.4848535073338,0.19008023027682375,0
62,Male,White,102647.72409354997,661,0.33877829978159,-36843.443571203155,30,9.574633796907827,17079.67549832911,4,3,0,1,Master,-2.7860513063925287,-102.34289880889766,-0.011964364495675579,0
37,Female,Asian,41401.997895842265,563,0.13120116013843533,140787.25247586472,10,0.3802925267547208,-914.1395825037253,8,2,0,0,Bachelor,0.2940749049914149,1173.2271039655393,0.3400494170113541,1
18,Male,Black,83552.50884312269,515,0.41510513119964243,306557.9444485567,10,6.606098600437144,28502.824381175305,6,4,0,1,Bachelor,0.2725504602186018,2554.649537071306,0.36690453547498697,0
25,Male,White,24667.360097867808,842,0.1393535006842582,131603.16825539462,15,23.625694227970616,5216.158976725359,8,1,0,0,Bachelor,0.1874374334970211,731.1287125299701,0.3556742397869323,0
63,Female,White,30206.98067671273,823,0.18768390127018866,104406.73790948896,10,7.038515772909326,19843.661057310866,1,4,0,0,High School,0.2893202228279501,870.0561492457414,0.34563778163362935,0
33,Female,Hispanic,36267.909363035986,493,0.22941515503464024,302288.4416568987,20,3.321885331185477,-11957.226152537394,9,3,0,1,High School,0.11997782371117098,1259.5351735704112,0.41674368190214606,0
31,Male,White,33086.21377106955,326,0.47437192583224164,315127.9688627503,15,28.472416799836175,10271.123267544861,9,2,1,1,Bachelor,0.10499294585140365,1750.7109381263904,0.6349632932580052,1
29,Male,White,44642.025316830026,345,0.1819810594090374,146386.88359936778,20,18.674103490548582,18106.35094069372,0,3,0,0,Master,0.30495918909652114,609.9453483306991,0.16395636461433122,1
68,Male,Black,35824.43594557003,357,0.5233160266465339,250944.89674107003,30,1.8007784830699758,28419.704512452554,1,4,0,0,Bachelor,0.1427581768380586,697.0691576140835,0.23349508988998827,0
40,Male,White,33613.16814530853,312,0.16595196941540044,113224.79353125708,30,1.8673189948470847,1468.5404878372829,5,0,1,0,Bachelor,0.2968710924257876,314.513315364603,0.11228217965232187,0
32,Male,Black,73169.43992946655,348,0.11762222453507817,165736.78569898102,30,18.36366377097509,6632.213600154706,9,4,0,0,Bachelor,0.4414797814551583,460.3799602749473,0.07550364644891228,0
45,Male,White,74475.8724502633,393,0.29752270948483395,17988.969218734186,30,16.20386406194735,46464.38103091275,6,3,0,0,Bachelor,4.140085601608688,49.969358940928295,0.0080513633148989,1
51,Male,Black,68985.92996750632,750,0.5897208209856476,236010.21460727724,10,2.051243171789545,49478.33966602481,7,2,0,1,Bachelor,0.29230061115066325,1966.751788393977,0.34211355086238965,1
19,Female,White,60479.97911168656,678,0.15517111389438862,189708.6470236748,20,6.729464249200062,27720.587502163828,5,3,1,0,High School,0.31880454613193737,790.4526959319784,0.15683590653474397,0
49,Female,White,51854.86131559104,309,0.15085922201981453,132807.2675408447,10,27.87128743456765,39194.662176563535,5,1,0,1,Master,0.39045198561624755,1106.7272295070393,0.25611343694966926,0
40,Female,White,40059.386186681826,815,0.475583255397812,190796.9966410657,10,17.160324314430518,14076.425348382898,2,1,0,1,High School,0.20995815915301336,1589.9749720088807,0.4762853723018307,1
39,Male,Asian,30936.84990489816,523,0.2560808469967827,178494.90425873557,30,13.209761944434907,29799.733155933565,8,2,1,0,Bachelor,0.1733206336246661,495.81917849648767,0.19232178325356353,1
68,Female,Hispanic,57259.91406865375,680,0.4586408086128585,117275.3941207936,20,7.504662357610981,29046.00091209369,1,4,0,0,Bachelor,0.4882517300234017,488.6474755033067,0.10240619116209485,0
42,Female,White,26527.392149064042,840,0.2000052947216817,239855.07704669514,15,4.010941269056129,5876.006050421964,4,3,0,1,Bachelor,0.11059758449015308,1332.528205814973,0.6027859195478383,0
75,Female,Hispanic,30121.581416492132,601,0.3300359970990815,170205.08171335375,15,12.078950523320431,22947.598160153706,2,1,0,0,Master,0.1769722802238101,945.5837872964097,0.37670682991910304,0
79,Female,Black,73058.26512409619,502,0.23264493887445895,186571.97330890739,15,27.670996779939017,15569.87515786658,0,0,1,1,High School,0.39158220727576026,1036.5109628272633,0.17024947872495805,0
78,Female,Asian,88012.98083444174,495,0.3257641074395434,53933.86344400453,20,1.4613418703262504,25517.550308126527,1,1,0,0,Master,1.631868648271767,224.72443101668554,0.030639720943810383,1
39,Male,White,57865.902763329614,621,0.48454854629265187,187438.24205739077,30,29.729364478285998,11973.71048677873,5,4,0,1,High School,0.3087198328802718,520.6617834927522,0.10797276294931372,1
75,Male,Black,72129.14304589288,717,0.4810049702388308,182067.00331173302,30,6.234381606060234,-1822.9857555604285,9,2,0,0,PhD,0.3961681234594398,505.74167586592506,0.08413936245616703,0
75,Female,White,45083.033651120335,641,0.3578861438368618,117438.59196985947,20,12.263020811970279,20258.83732866222,0,0,0,1,High School,0.3838860198757395,489.3274665410811,0.13024699366802822,0
39,Female,White,23246.516278246316,688,0.5641859218605255,253154.37445042928,30,1.3515392449715269,32459.192009242062,1,3,1,1,Master,0.09182743268297056,703.2065956956369,0.36299973068412944,0
66,Female,Asian,62243.43237237168,308,0.231892051224137,-10780.852163245989,20,17.54346609324094,32461.401000647744,9,3,0,0,High School,-5.773516919615277,-44.92021734685829,-0.00866023269631845,1
69,Male,Black,61385.78646540128,831,0.22015567555961654,151780.16228608193,20,14.506657962029747,-6643.038741161847,4,2,0,1,Bachelor,0.4044387984623356,632.4173428586747,0.12362809945558767,1
59,Male,White,51433.37107760488,448,0.4069032005877169,230995.44273467764,15,20.001211042043398,22736.52774947503,0,0,1,0,Bachelor,0.22265967877418896,1283.3080151926536,0.2994105939328013,1
23,Male,White,45152.49083789777,682,0.41064851710839456,409850.9119579856,15,16.28034381874418,30328.53680232088,9,0,1,0,Bachelor,0.11016808678597356,2276.949510877698,0.6051359210420142,1
32,Female,Hispanic,69244.21157162196,828,0.123270019782487,63432.70650014546,10,11.94533353941207,22055.488634761725,3,0,0,0,Bachelor,1.0916168549652405,528.6058875012121,0.09160723338518276,1
71,Male,Black,30285.339331450512,311,0.40388885619344883,208862.74627684007,20,22.132700934350122,32969.846917394025,4,2,0,0,Bachelor,0.14500115444861758,870.261442820167,0.34482484080992565,0
60,Male,White,34524.38842218684,775,0.2872180786745072,254790.27930001472,15,0.7506338336087326,-1158.3447354418095,4,2,0,1,Bachelor,0.13550119932768112,1415.5015516667484,0.49200056528981234,1
77,Male,Asian,29837.86986479144,352,0.4737212626602796,206334.7927645112,15,16.230870626237856,2824.9557760621465,4,3,1,0,Bachelor,0.14460900881047842,1146.3044042472843,0.46101323295866453,0
54,Male,White,51699.459252716544,735,0.5040528322726364,76765.64076692286,15,3.4162861148702794,28840.2836003482,9,1,1,1,Bachelor,0.6734713439009428,426.47578203846035,0.09898961146663472,1
50,Female,White,28242.139757814835,505,0.37607690977351826,151632.74001463846,30,13.080249992574998,14775.868433857562,8,4,0,1,Bachelor,0.1862535739648863,421.202055596218,0.1789674830058163,0
25,Female,Asian,36315.15638969513,353,0.10085251575113255,-44164.858749056,15,23.733759505740494,37594.680078009056,8,3,1,1,High School,-0.8222636145184398,-245.36032638364446,-0.08107699950424066,0
70,Female,White,35884.88875545604,789,0.418182905083321,200386.59348321,30,4.273822387812006,24602.01152642282,4,0,0,1,Master,0.1790782912753231,556.62942634225,0.1861383258459014,1
77,Male,White,44787.833353320835,643,0.47444063983296714,58410.72629335598,15,28.07431046317456,6569.042886048312,5,1,1,1,Master,0.766774121732078,324.50403496308877,0.08694433572702255,1
61,Female,Black,20252.511071920464,468,0.22449163311575712,245566.09409607807,30,26.655140771742136,5813.3021780199415,7,4,0,0,High School,0.08247274993915342,682.1280391557724,0.40417390420382415,0
61,Male,Hispanic,51744.09984074534,460,0.33232300057039443,134657.7621251765,30,12.447152126000955,-8151.41590938608,6,0,0,0,Bachelor,0.38426377376333154,374.0493392366014,0.08674596880908,1
22,Female,White,74946.07301329356,826,0.5828633117058941,125248.51764999083,15,0.1792452217780971,30312.162935979657,5,2,1,1,Bachelor,0.5983789223177209,695.8250980555046,0.11141212395724845,1
56,Male,Asian,52709.827446335235,826,0.24905777669705173,216655.0257603408,20,23.69234480023458,18249.01298748524,3,1,0,1,Bachelor,0.2432891979373778,902.72927400142,0.20551672833772877,1
21,Male,Hispanic,80826.42289602642,586,0.2115766255208704,226025.65636236517,10,26.426874102368487,33744.97488113279,2,2,0,0,High School,0.35759844345477837,1883.547136353043,0.2796432753842395,1
23,Female,White,76679.9637175385,711,0.20542739523900508,287128.43018855585,10,5.242142770662977,23866.165124813364,3,4,1,1,Master,0.2670580675942927,2392.7369182379653,0.37445039912412326,0
62,Female,Hispanic,65554.70094495709,821,0.37940041717699813,173863.80832068855,20,27.48576626449671,21717.644565901915,2,4,0,1,Master,0.37704627304632987,724.4325346695356,0.13260971815482236,0
49,Male,White,51493.716852737714,498,0.5748935506540033,189421.8535121854,15,27.422918318840882,32231.063732364986,7,0,1,0,High School,0.27184675842814066,1052.3436306232522,0.24523620238160457,1
69,Female,White,50450.00776490879,460,0.4043450646001774,61367.59192215922,20,14.138725531025713,18531.275700269518,5,2,0,1,Master,0.8220952816415109,255.6982996756634,0.0608202006708553,1
47,Male,Hispanic,65275.9954472652,688,0.25166156011883,344839.9423251863,15,23.941044323935255,15014.539056345464,5,3,1,1,Master,0.18929360388800182,1915.777457362146,0.3521865784018298,1
64,Male,Asian,42166.58780991935,773,0.41928488903372707,106555.95429797252,15,13.348439348159651,19998.314405274126,0,3,0,0,Bachelor,0.3957224923536879,591.9775238776251,0.16846822698943656,1
52,Male,White,12349.584970650722,680,0.4124211487988937,272483.46986695466,15,16.921387977558535,32626.22685848399,4,2,0,1,High School,0.04532232717339017,1513.7970548164149,1.470945355732048,1
72,Male,White,59840.081082059194,423,0.39846256786482714,273218.72924638225,15,9.595170294292899,5872.5367212453075,7,4,0,1,High School,0.21901895688892106,1517.8818291465682,0.30438765490275677,1
57,Male,White,27378.627401300575,371,0.179713103444151,239990.26547279765,15,4.784080359624734,33870.79513234721,1,1,1,1,Bachelor,0.11408224140826195,1333.2792526266535,0.5843737451483714,1
69,Male,White,30757.175436192305,467,0.41728339967249706,176260.96260735134,20,22.396097514420955,20950.420244459856,2,2,0,1,Bachelor,0.17449794317025652,734.4206775306305,0.2865363286902203,0
33,Male,White,50004.47895991576,583,0.3150822262572498,163726.42318110715,20,0.04178533557407049,14238.8729136599,8,0,0,0,Bachelor,0.3054148376807997,682.1934299212797,0.16371175801306956,1
30,Female,White,48097.5024489306,793,0.10929602931151669,193592.36826599843,10,17.386580689463443,22748.718295678762,3,3,0,1,Master,0.24844730647049065,1613.269735549987,0.40249983556121793,1
67,Male,Black,21758.487873687394,335,0.36988224357374755,9611.146814801497,15,25.94058079135391,37645.921391355136,9,0,0,0,PhD,2.2638805017709824,53.39526008223054,0.02944796185775479,1
77,Female,White,53309.83128266281,474,0.5946333726092088,197390.09636986745,20,6.638318603293516,37534.52291622973,4,1,1,0,Master,0.2700734852612434,822.4587348744477,0.18513479748533906,1
59,Male,White,69322.79321722097,498,0.27486979542199175,348575.093966304,20,9.986983703940071,25881.23962857552,6,3,0,0,PhD,0.19887477452397176,1452.3962248596,0.25141448994564747,0
47,Female,Hispanic,27433.168594684343,415,0.5827796091593291,177414.85111277638,15,17.624575585933883,29389.745618535,4,3,0,1,Bachelor,0.1546272390536576,985.6380617376466,0.43114439004846034,0
36,Male,Hispanic,75449.66661697518,614,0.14810287083129728,196725.98332304502,15,7.406107395934203,20648.50813148694,1,3,0,0,High School,0.38352669709663517,1092.9221295724724,0.17382536123650613,0
34,Male,White,18796.58349740112,519,0.4662250579336531,97588.24602293759,20,25.42460571992349,11228.219222865539,6,0,1,1,High School,0.1926111418477906,406.61769176223993,0.259590382572531,1
73,Male,White,92346.48288741906,433,0.15716499733141767,218568.73088422738,15,10.99809501337665,26673.60756098167,5,4,1,1,High School,0.4225054632189525,1214.2707271345967,0.1577888867016103,0
36,Male,Black,41774.791390330334,421,0.2367857867776371,122203.08363803367,30,17.448411594596585,13267.861941021354,8,0,0,0,Bachelor,0.34184727706272566,339.45301010564907,0.09750943058474908,1
45,Male,White,52912.33993653783,720,0.38542041766106216,284985.6501737824,20,6.783634427976263,4602.287792716328,1,4,0,1,Bachelor,0.18566668147772433,1187.4402090574265,0.26929979898412104,1
75,Female,White,12159.328550286598,791,0.39638984698837443,314132.82628968905,10,1.2415901097295712,13664.96313285271,1,2,0,0,High School,0.038707602430168915,2617.7735524140753,2.583471817465487,0
72,Female,Hispanic,48757.27867061383,588,0.4876056586170856,335959.6625483654,15,5.211007980409819,-4631.203000503923,7,3,0,1,Master,0.14512837136688883,1866.4425697131412,0.459363431414326,0
43,Female,White,54569.643554363836,352,0.4076557036137196,55645.71625024456,30,1.3859681282640968,1422.19442533642,9,0,1,0,PhD,0.980662074847927,154.5714340284571,0.0339906418207336,0
54,Female,White,48276.75791801011,504,0.3968073521902804,272271.0498985391,10,14.058116988396577,50436.623740842355,0,1,0,1,High School,0.17731138854461495,2268.9254158211593,0.5639795662354654,1
43,Male,White,38738.37845895253,647,0.5561765434945691,264698.99448873,10,17.599121727541483,36889.44417443065,7,1,1,0,High School,0.14634879340503837,2205.8249540727497,0.6832991080646469,1
70,Male,White,31068.709629443703,350,0.32608037610457863,158492.93917122568,10,1.3402562305635823,16397.791016907853,4,4,0,0,Bachelor,0.19602582797634316,1320.7744930935473,0.5101368581494691,0
79,Male,White,72610.53239074622,339,0.21263288934752753,319267.7527741493,15,2.714466646137985,27832.099741167014,0,4,0,0,Bachelor,0.2274283317366883,1773.7097376341628,0.29313263724702476,0
40,Male,Asian,50616.142699959004,549,0.18089429251181513,241444.54503321857,10,14.565750804310527,5742.157324556272,9,3,0,0,Master,0.20963879176891365,2012.0378752768215,0.47701095372764185,0
26,Male,White,80815.04753033545,517,0.29999729840474987,337311.5841866487,20,23.975397966029284,29923.861443723235,0,4,0,0,Bachelor,0.23958574599565804,1405.4649341110364,0.20869355057919906,1
29,Male,White,39470.35290410154,478,0.4563763775968479,73237.98102974574,20,18.840275367471577,23918.303831360055,5,1,0,0,High School,0.5389328371582306,305.15825429060726,0.09277593895307591,1
70,Male,White,41304.106132555666,482,0.12127174246495045,128594.467669272,15,3.141306603116083,9425.759329158644,9,0,0,1,Bachelor,0.32119660263133853,714.4137092737333,0.20755719743145915,1
18,Male,Asian,66311.88489192326,463,0.16452669325470307,209372.35463267379,15,26.626268215244842,15150.862378111153,1,0,1,1,Bachelor,0.31671748167642233,1163.1797479592988,0.21049253837771212,1
75,Female,Black,17540.50075992872,676,0.15305673005181972,317259.0533097315,10,27.5235070436924,14109.71846684789,1,4,1,1,PhD,0.05528762875934198,2643.8254442477623,1.8087228959535173,0
75,Female,White,25730.73279694154,796,0.3926250765257294,245479.94556738035,15,9.748704835483826,32750.052237974727,0,4,0,0,Bachelor,0.10481806461814967,1363.7774753743352,0.6360226828222038,0
18,Male,Hispanic,71949.69942706327,760,0.22143232526563314,105166.20184924988,20,18.480533756440867,18779.39270421783,0,1,0,0,PhD,0.6841523052263437,438.1925077052078,0.0730831418940525,1
64,Female,White,26561.321415536106,773,0.18312971415069826,377634.23118757486,20,14.769814505541355,-3672.1066924170555,3,2,1,0,High School,0.07033610626877419,1573.475963281562,0.7108724473449786,0
51,Female,White,13618.979693949048,336,0.39638535987151113,170529.28218863485,20,28.260713058894666,13266.530065194911,4,0,1,0,High School,0.07986299783332286,710.5386757859785,0.6260721655396898,1
49,Male,White,87370.54376146183,618,0.4806549577261896,108366.54937409656,15,15.262455988462074,8264.509248171571,3,4,0,1,Bachelor,0.8062501229954866,602.0363854116475,0.08268732588713026,1
79,Male,White,22123.64704251589,711,0.2660774582263322,122490.26062046173,20,28.79897441136193,-2169.44554926216,5,3,1,1,Master,0.18061556021230463,510.37608591859055,0.27683107668701123,0
71,Male,White,53682.387966563394,655,0.38910230283829805,66775.9454555178,15,5.9802765159061835,8582.154088372981,7,4,0,0,Bachelor,0.8039180516331804,370.9774747528766,0.08292719205798602,0
65,Female,Black,51381.70385448542,528,0.1490622065997301,-24730.31096242412,30,10.366102730870399,-12377.540601651668,1,4,0,1,Master,-2.0776812686486688,-68.69530822895588,-0.016043525942269984,0
42,Female,White,-6212.566332361675,563,0.567595515228785,188340.65778942723,10,23.440357202884123,6038.2798397910465,0,0,0,0,High School,-0.03298579502312021,1569.5054815785602,-3.0316079976216606,0
57,Male,Black,44653.65953664382,786,0.26844809265738645,44539.651230447955,30,23.508322067801036,22941.557497385013,1,4,1,1,High School,1.0025597036134384,123.72125341791099,0.03324822772468603,0
62,Male,White,58968.26498958219,651,0.5987528465867507,231366.7697598083,20,21.965498218701153,26805.950494954956,9,3,0,0,High School,0.2548692063722014,964.0282073325345,0.1961790547853862,0
70,Male,White,57086.187630377215,741,0.5892938779248911,298428.2650243209,10,25.788343939959123,27551.760791404,5,3,0,0,Bachelor,0.19128947998851542,2486.9022085360075,0.5227679013294603,1
18,Male,White,68070.41367607003,758,0.4894117246679057,237662.00468463628,20,21.076385188314365,34360.30914184146,3,3,1,1,Master,0.28641689598804626,990.2583528526512,0.17457070689742682,1
33,Male,Asian,42250.17370189132,324,0.11003354770348336,204398.76916339475,20,19.082554334167014,37814.16940692526,6,1,1,1,Bachelor,0.2067046385593294,851.6615381808115,0.24189104002931577,0
78,Female,White,64250.088841843215,430,0.3717374601921817,45914.42110508296,30,13.767750392325363,4631.993655041682,1,3,0,0,High School,1.399344417188577,127.54005862523044,0.023820678400463653,1
56,Female,Black,36213.418638398565,669,0.14341821022000575,284604.9348467182,20,14.012632299879806,-649.9289506996029,0,0,0,0,Bachelor,0.12724100746145633,1185.8538951946591,0.39295507790714346,0
22,Female,White,21790.651671744497,735,0.5475690129807581,394656.39205096615,10,12.18484479612725,20638.821909269467,4,2,1,0,High School,0.05521423727233193,3288.8032670913844,1.8111270741054026,1
39,Female,White,24045.43248637535,523,0.4948181263237015,340826.90747746726,20,18.60635399111461,28199.094628203064,8,4,0,0,Bachelor,0.0705502762805341,1420.1121144894469,0.7087144464350703,0
46,Female,White,20757.790896091705,651,0.5861701882978415,66946.4707348833,10,12.199917876989806,7469.982220483229,5,4,0,0,High School,0.31006549961827334,557.8872561240275,0.32251250178788554,0
72,Male,White,70191.71935782388,784,0.40419147657489773,192203.2608033202,30,4.4248294225979095,23969.66769928761,5,4,0,0,Master,0.36519525768946454,533.8979466758894,0.09127537291756832,1
20,Female,White,19708.52981882887,496,0.36108640224216904,171726.9985206098,15,3.1958884862594026,47338.01408960571,0,3,1,0,Master,0.11476663534920836,954.0388806700545,0.5808889183151131,1
29,Male,White,55480.77681298606,408,0.35948692797219384,160196.33942644586,20,27.734168257313335,-43.6985979055753,0,3,1,0,Bachelor,0.3463298662854906,667.4847476101911,0.1443710313992482,0
43,Female,Hispanic,44681.51611855134,519,0.2932241872271725,202707.8038249238,30,0.7421672261364931,20088.683180362626,3,3,0,0,High School,0.2204232657818256,563.0772328470105,0.15122420591629643,1
33,Male,White,47947.028530987365,618,0.33434503361457046,416508.2217434605,20,3.164017854169574,35581.26689061979,1,2,0,0,High School,0.11511664362899258,1735.4509239310855,0.43434205883507276,1
68,Female,Black,77272.145903994,381,0.41770629156767514,210735.73175872365,10,13.3591462393676,17033.335636486067,2,2,1,0,High School,0.3666779490080245,1756.1310979893638,0.272718881161331,1
54,Male,White,41231.452655694535,836,0.5664738037781386,155565.6858679711,20,7.887788007131395,26192.975836665213,5,2,0,0,Bachelor,0.2650420780498326,648.1903577832129,0.18864929058773497,1
39,Male,Black,62232.03123099366,731,0.3979421691280155,229790.3366323935,15,12.175467012064377,33651.70660853996,9,2,0,1,High School,0.2708209237299182,1276.6129812910751,0.24616512545814737,1
74,Male,Black,50751.267027622234,307,0.5285579711586836,68669.29213813276,20,3.5234214478165002,15474.5330271548,0,2,0,0,Master,0.7390678634859487,286.12205057555315,0.06765278598932153,0
46,Male,White,46959.621887346046,448,0.5313899556512504,128392.40980077829,15,3.9272081054212196,4082.483171759646,9,4,1,0,Master,0.36575076330611395,713.2911655598793,0.1822734860866721,1
31,Female,White,95999.38248772947,397,0.35941633792412964,298623.2073526333,15,24.01973726175346,18487.15941562663,1,4,0,1,High School,0.3214732817947645,1659.0178186257406,0.2073785612741158,1
45,Female,Hispanic,21173.165085692606,400,0.27373482074881084,218834.43263658747,20,22.773262323009114,3579.6634538148573,3,2,0,0,Bachelor,0.09675426682442757,911.8101359857811,0.5167730751423201,1
22,Male,Hispanic,75782.6367087489,666,0.4197869366660405,410173.0087658685,30,3.12758597173843,11743.867938404215,5,4,0,1,Bachelor,0.18475773658721292,1139.3694687940792,0.18041644127632345,0
64,Male,White,63128.13130979944,761,0.32293867095742135,226768.04458393133,20,20.0337124469706,26629.22212742629,2,2,0,0,Bachelor,0.2783819537961155,944.8668524330473,0.17960934363087183,1
66,Male,White,40409.50010736432,713,0.14072043366096645,75417.54368760916,15,18.2793397006645,22717.009951957458,8,2,0,1,High School,0.5358103450670121,418.98635382005085,0.12442213421304674,1
47,Male,Hispanic,82586.37034883225,558,0.28890455021621686,41494.05650659607,30,21.40088168040689,34967.37757090166,9,2,0,0,High School,1.9903180672563063,115.26126807387797,0.016747741922115998,1
63,Male,White,13037.797752229264,655,0.5970360690246624,300164.5419660358,15,14.233467136874223,23480.151562396914,3,4,0,0,Master,0.04343550263076881,1667.5807887001988,1.5348427583163589,0
79,Female,Black,39564.666854018564,310,0.12425593501314361,95847.33325200567,15,8.099604826003224,8304.725219631442,6,1,0,0,High School,0.41278839495715075,532.4851847333648,0.1615032483497676,0
69,Male,White,25830.355914618478,715,0.44833345595046337,86887.65132395022,20,19.91037508069584,5049.321926237391,4,1,0,1,Bachelor,0.2972845452838066,362.03188051645924,0.1681890323369042,0
22,Male,White,58241.6692974292,549,0.5205943525356236,148501.5475634961,10,11.14072279568466,29416.963447851027,5,1,0,1,Master,0.39219570605839177,1237.5128963624675,0.25497474463708575,1
29,Male,Black,27738.71797625645,849,0.42436295173768934,299625.80717807345,20,6.568587030364814,23603.266614989796,8,0,0,0,Bachelor,0.09257786649789745,1248.4408632419727,0.5400858962453575,0
33,Male,Black,58661.27893482638,421,0.38487411558164497,163227.60594287352,10,12.258870411578496,17118.444102169255,8,1,0,1,PhD,0.35938331997197026,1360.230049523946,0.2782544276339798,1
43,Male,White,46271.27168356892,364,0.45377720848937875,115838.84221120349,10,22.898095068028617,25082.24260241613,5,1,1,0,Bachelor,0.39944521889475293,965.3236850933624,0.25034721976819635,1
43,Female,White,40412.92114687832,601,0.3146713686498278,321260.70532914886,20,14.273795896086057,9436.112901129858,1,1,1,0,Bachelor,0.12579478434959268,1338.5862722047868,0.39747275897422296,0
65,Male,Hispanic,57772.94492066621,424,0.14568086865443838,304194.9893841196,10,8.995927903002663,-16682.527281661118,8,3,0,0,Master,0.18992076443347963,2534.9582448676633,0.5265353701491937,0
38,Male,Black,44627.567521238714,611,0.5811858771516909,366706.61483574717,15,24.95605844471485,35641.60143580577,1,2,0,0,Bachelor,0.12169828881114676,2037.2589713097066,0.5478028271220888,1
56,Male,White,28227.303138819225,490,0.316150384992098,335133.05471076537,30,26.44931265542804,29733.902222502817,1,4,0,1,PhD,0.08422715319197814,930.9251519743483,0.3957551937836126,1
53,Male,Black,106027.45979269958,749,0.4326946185840088,305891.60358952836,20,12.997512713180242,18695.489905072194,1,3,0,1,Bachelor,0.34661775134886125,1274.5483482897014,0.14425112333521653,1
50,Male,Hispanic,40256.65633941711,458,0.36565521844464766,124875.82792322947,10,11.24064062180684,6520.222916636851,6,2,0,1,PhD,0.32237348900033636,1040.6318993602456,0.31019920499695824,0
79,Female,Hispanic,5647.8183969597085,652,0.12733653598877728,265902.862649258,15,18.38096841056895,16797.190317930814,3,1,0,1,High School,0.021240156426632847,1477.2381258292112,3.13870883658248,1
47,Female,Black,33158.02620557223,562,0.5763733004962692,321463.52740636526,30,1.7392333817373906,-5945.0418350119035,7,1,0,0,High School,0.10314708630586522,892.9542427954591,0.3231631113116369,0
54,Male,White,24654.466232545397,705,0.49626861305716163,385579.8242574653,10,20.739694817027914,21717.575064240096,7,3,1,1,High School,0.06394127669938128,3213.1652021455443,1.5639349910097688,1
40,Male,Hispanic,66522.91232081031,316,0.17454894723469747,217112.4625063127,10,23.468628161317405,-9038.235629306746,0,4,1,1,High School,0.30639840547557745,1809.2705208859393,0.32637245564246525,1
75,Male,Black,56433.05319183172,559,0.5908244381441334,150804.04045251574,15,11.92325781771515,21599.2149278706,0,3,1,1,Master,0.37421446416484455,837.8002247361985,0.17815096168302957,1
27,Male,White,57974.25603580689,654,0.46845068608585394,111586.83379291557,30,5.2384755002218935,9419.23974276695,3,3,1,0,High School,0.5195438750721822,309.96342720254324,0.06415884188549466,0
71,Female,White,42599.55068325511,788,0.33616082521415447,297943.03523498215,30,0.8645512542259048,17786.027620996538,1,2,0,1,Bachelor,0.14297884375668535,827.6195423193949,0.2331347243936203,1
22,Female,White,44412.99505886157,513,0.4056850282797866,133326.92544731393,15,19.117367984612997,2912.1673085262155,2,0,1,0,Bachelor,0.3331134720901669,740.7051413739663,0.2001320038134675,1
53,Male,Black,42581.37792784664,538,0.15336834100729876,210724.3348396045,30,8.069802199047293,42622.676379975645,9,4,0,0,Bachelor,0.202071478646536,585.345374554457,0.16495813044274346,1
51,Male,White,48376.136317290606,479,0.3802057550078055,111973.43605229676,20,13.916687613638528,25407.48159666614,1,4,0,0,Master,0.43203225713906573,466.5559835512365,0.11573209910552035,0
69,Male,Black,66706.6687072967,718,0.1368305360085297,184107.8341377314,30,11.590665649725926,9672.376890719648,9,3,0,1,High School,0.3623239012056017,511.4106503825872,0.09199871502382129,0
48,Female,Asian,56721.50825010693,442,0.37242762855965095,243898.57699636166,10,5.246543878423879,17307.849560548464,8,3,0,0,High School,0.23256186628326686,2032.488141636347,0.42999310935266233,0
27,Female,Hispanic,60002.25659241733,616,0.3763478443813927,226925.05733072993,30,15.25106005382112,44091.24621174038,5,1,0,0,High School,0.26441441636375823,630.3473814742498,0.1260647350160978,0
75,Male,Asian,59991.178164984056,543,0.537219392580372,273794.890775178,20,13.787805682222139,5753.417628686286,6,3,0,1,High School,0.21910992566418924,1140.812044896575,0.22819596076460114,0
36,Male,Asian,67688.84874763477,531,0.462528750136147,62590.7502908413,20,18.724428686094967,3315.5317942090624,5,2,1,0,Bachelor,1.0814513076309848,260.7947928785054,0.046234166667687926,1
75,Female,White,55763.00083080509,602,0.22477619610756003,188345.65940403193,10,7.556549835893602,2673.337441586511,0,1,1,0,PhD,0.29606735301069204,1569.547161700266,0.3377609823680514,0
49,Male,Black,57176.96145357838,630,0.5442130710939285,152979.95525917425,10,6.439172395602174,9780.838385100174,4,0,1,0,Bachelor,0.3737545965202487,1274.832960493119,0.2675552379315885,1
18,Male,White,73776.12482386312,547,0.3866213324240029,101764.80211505778,20,24.43035179269416,42425.89254058758,2,2,1,0,Bachelor,0.7249670150240161,424.02000881274074,0.06896865507507764,1
73,Male,Hispanic,36699.08163993776,582,0.40318973928701685,125048.62282399012,15,21.065767348921245,11601.974382496135,9,4,1,0,Master,0.2934784950938074,694.7145712443896,0.22716031253110167,1
22,Female,White,32885.14840096986,586,0.18449068461108917,110591.81500841885,20,23.1661935507469,13744.570732340071,7,4,0,0,PhD,0.2973560782818011,460.7992292017452,0.1681485722064694,1
62,Male,Asian,26281.56801626288,331,0.528886797984557,234993.08399843596,30,3.698694352650842,23024.786271511213,6,2,0,0,PhD,0.11183975106449431,652.7585666623221,0.2980454893368914,0
21,Male,Black,53658.29127240512,799,0.565482557508272,240013.88997132095,10,6.721189299810529,19532.62124615149,8,3,0,1,Master,0.22356327493719927,2000.115749761008,0.44730065807137065,0
33,Female,Hispanic,12925.355175617537,829,0.48749532474745405,287562.42197871616,15,17.265945486109196,34542.174586427675,0,3,0,0,Bachelor,0.04494799802657874,1597.5690109928676,1.4831954612805045,1
41,Male,White,59243.081921193545,680,0.5703762263225031,232806.28707359798,20,25.71604040618724,32319.344952326745,1,3,1,0,High School,0.25447372004375807,970.0261961399916,0.19648394337695163,1
33,Male,White,47816.13810998895,362,0.25114995206117297,215880.39313035505,10,26.763439295054102,24909.227817777202,1,4,0,0,Bachelor,0.2214936586719857,1799.003276086292,0.451480194058702,0
72,Male,Hispanic,72692.79399642114,427,0.5305595841813856,207889.11377631422,30,24.95729886764782,16553.079642542518,0,2,0,1,High School,0.3496709985239418,577.4697604897617,0.09532770368158232,1
19,Male,White,36561.65379070019,827,0.3444465714318713,267565.7871086623,15,1.3019383825328212,34397.27745673407,7,3,0,0,High School,0.13664547394414062,1486.476595048124,0.48788053304948376,1
66,Female,Hispanic,45933.63429164986,462,0.18195860147179246,-10685.572769888007,15,24.626375539671788,8191.831849372187,3,1,0,0,PhD,-4.29865906871095,-59.36429316604448,-0.015508712275397588,0
45,Male,White,72444.06666586737,550,0.43440029951670056,194086.89496404215,15,26.97273532563245,7231.320027349948,6,4,1,0,Bachelor,0.37325583821251224,1078.260527578012,0.17860850344880655,1
49,Male,Black,77662.71293556305,594,0.4420601353529394,231720.2237155846,30,1.7024727045795618,13880.843782227774,9,2,0,1,Bachelor,0.3351572499381277,643.6672880988461,0.0994558027298735,0
44,Male,White,36396.9526849636,478,0.24346225687834508,378963.0696639719,10,12.488426813309642,37426.23857384362,0,2,1,1,Bachelor,0.09604353457775432,3158.025580533099,1.0411945003860996,1
37,Female,Black,53635.6246517432,528,0.11374666581378504,88842.45843882927,20,16.09830969890105,7446.208971511234,7,2,1,0,Bachelor,0.6037161239597276,370.1769101617886,0.08282038199022057,1
41,Female,Black,55888.37955368096,693,0.19992362954278167,85314.03280396154,10,6.98251118650499,10994.306987442706,7,2,0,1,Bachelor,0.6550901149181849,710.9502733663462,0.1526507540302133,0
29,Male,White,57473.06811242297,695,0.29988877383694335,-27096.52791276356,30,15.500569681113317,22609.594152952428,9,0,1,0,PhD,-2.121049172700493,-75.26813309100989,-0.015715492956202306,1
67,Male,White,44748.48681368756,371,0.18378145552993427,60921.93965667332,10,26.578673638831937,19150.264223458817,2,1,1,0,Master,0.7345217021301104,507.68283047227766,0.1361430162104133,1
52,Female,White,75627.6679624727,617,0.1970149741198021,184869.5430776306,15,26.008275190372935,14308.377630545918,8,0,0,0,High School,0.4090866819025731,1027.0530170979478,0.16296464689736298,1
77,Male,Black,12205.93032756909,678,0.29569533219113475,127596.6899014213,20,28.195118437724428,27005.562565512744,4,3,1,1,High School,0.09566024273042784,531.6528745892554,0.5226831813598971,0
50,Female,Black,41577.39530397832,435,0.5808933071542802,125461.84158391399,30,14.523293951836262,12903.324723527545,4,0,0,1,Bachelor,0.33139474743139063,348.5051155108722,0.1005849778600803,0
50,Female,Hispanic,58958.614655458936,677,0.48212175770382415,202292.89721025655,15,12.317008358817604,35840.45049538187,4,0,1,0,Bachelor,0.29145172899560234,1123.8494289458697,0.22873999374240317,1
78,Female,Black,59144.496238986874,418,0.25987420061328204,258230.60485028644,10,19.973634570970603,23561.24607316655,0,4,0,0,Master,0.22903751580211376,2151.9217070857203,0.4366096953583755,0
68,Male,White,77055.18061229525,829,0.5758020344592741,201250.5015343629,15,12.502817328031025,35247.34232025457,9,2,1,1,Master,0.3828819308514286,1118.0583418575718,0.17411808000032167,1
60,Male,White,73964.50786402574,822,0.42282339612936637,202669.8409035857,10,1.2583378800257328,8140.518969408369,1,0,0,0,Master,0.3649507372890879,1688.9153408632142,0.2740095848081193,0
54,Female,White,44289.16749385552,686,0.32772482232007005,240360.92126290777,10,21.59764356511365,17776.576136350068,0,2,1,0,Master,0.1842610989388406,2003.007677190898,0.5427081493375425,0
29,Male,White,75997.4248706121,568,0.33415009947757357,16729.091491688916,30,8.429518238484713,-8460.788991496192,1,1,0,1,Master,4.5428303687841,46.46969858802477,0.007337569450618754,0
20,Male,Asian,35719.165124450905,823,0.30537223391769597,212899.45872346943,10,1.4725593680157145,40056.57265711994,8,0,0,0,High School,0.16777480477696172,1774.162156028912,0.5960370517667363,0
18,Female,Hispanic,68617.74765583675,846,0.21649602627296985,192506.73803767902,15,0.6186322958071244,54408.34583848796,8,4,1,1,Master,0.356443355465336,1069.4818779871057,0.18703299036009097,0
50,Female,White,86210.44956841986,785,0.29331609610685283,199289.98777842647,30,27.940838057319546,15678.082389514013,4,4,0,0,Bachelor,0.43258796154009455,553.583299384518,0.07705561942745794,0
57,Male,Black,74298.88213709938,737,0.36394819202169626,141594.02695655095,20,7.5622802593250675,25590.93045752729,3,3,1,0,PhD,0.5247317541148715,589.9751123189623,0.09528678149913196,0
27,Male,Hispanic,52115.40767048246,410,0.36401367536511053,179452.72323670847,30,13.436975775691906,21698.567838395258,1,0,0,1,Master,0.2904130220511574,498.47978676863465,0.11477905879668694,1
60,Male,White,43364.42456455756,621,0.480868451106259,240264.64184766318,15,28.51729358696566,619.1416546587352,5,1,1,1,High School,0.18048608497313656,1334.803565820351,0.36937288919857336,0
61,Female,White,19428.174074814277,826,0.2793989285786763,360904.778550253,10,14.025509363421754,38711.99074023127,8,2,1,1,Master,0.05383185601713795,3007.5398212521086,1.8576361173236149,1
46,Female,White,56210.79275828408,476,0.4583990146519762,30862.917717972043,30,2.3582797057893403,15881.116309967392,7,0,0,0,Bachelor,1.8213052074966816,85.73032699436679,0.01830189316767441,0
30,Male,Black,27695.655440581617,837,0.3890459193843423,257178.38902489224,30,16.558081417399777,-10724.686726116146,9,3,1,0,PhD,0.10769044609693453,714.384413958034,0.3095291601200098,0
29,Male,Asian,34137.30672772126,772,0.5809227022634172,321786.3515002222,30,2.6459596036219555,9261.847736066396,3,4,0,0,Bachelor,0.10608686965300854,893.8509763895062,0.3142079075606698,0
48,Female,Black,26185.083985266567,687,0.29264246301699137,72944.04930616572,15,2.8526363512060913,-915.7852964991616,5,0,1,1,High School,0.35897491617665417,405.2447183675873,0.18571399744783149,0
63,Male,White,40792.15334686689,397,0.5506082321303951,182058.74500070725,10,25.54431221407379,21833.269057871847,8,3,0,1,High School,0.22406038966548092,1517.156208339227,0.4463082481883506,1
19,Male,White,49440.61171026035,710,0.5103212736491447,227577.55205987886,20,8.682646300937684,21743.33434719895,9,1,0,1,Bachelor,0.21724731311483583,948.2398002494953,0.23015244369706084,1
78,Female,Hispanic,55472.2916233141,674,0.4188321422947284,400894.65111901314,20,20.36010600337309,37792.45996578585,9,2,1,0,Bachelor,0.13837124408738022,1670.3943796625547,0.3613467547377506,1
68,Male,Hispanic,37989.86729172073,469,0.4272572333710586,417332.7671575556,10,15.267730059859852,47447.08712354469,3,1,0,1,High School,0.09103015694278906,3477.7730596462966,1.0985370492423552,1
67,Female,Black,71385.67412790367,355,0.14232496730320535,72929.67203544211,20,6.669800736132425,48671.70141350229,8,1,0,0,Bachelor,0.9788289476087579,303.8736334810088,0.05108144801208435,0
52,Male,Black,45835.89484020068,624,0.5751123027967162,169776.76281833168,10,15.53460895959623,4619.657568412,7,2,1,0,Bachelor,0.2699774343633058,1414.8063568194307,0.3704013271917795,0
40,Male,White,34245.55133468962,559,0.15346803174787196,219949.09986240912,30,2.069806076992583,29288.96796547765,2,0,0,1,Master,0.15569761984073674,610.9697218400253,0.21409019204937127,1
34,Female,Hispanic,54525.84534486873,639,0.3816166543717535,255645.45027571425,30,10.416370487691282,31952.721842432868,8,2,0,0,Bachelor,0.21328697728069274,710.1262507658729,0.15628395956620247,0
43,Male,Hispanic,89271.05667087632,703,0.2650354002245773,220079.7913978559,15,15.685086750614749,12147.704868800993,4,3,0,0,Bachelor,0.40563041296914837,1222.665507765866,0.16435322533800548,1
25,Female,White,56703.211330702354,831,0.31492598914492587,105188.60315498064,30,6.85183014256956,24306.865932328707,0,1,0,1,Bachelor,0.5390623093184167,292.19056431939066,0.06183577066532357,1
46,Male,Hispanic,42742.88745252786,473,0.40509150541840855,100768.98383640127,15,19.805643905440814,25989.79715301256,7,2,0,0,Bachelor,0.4241670981015454,559.827687980007,0.15717076351524722,1
43,Male,White,19450.77287762592,837,0.5544256889411608,45874.8575962655,20,1.5543576508892032,12723.565790903085,4,4,0,0,Master,0.42399636525976564,191.1452399844396,0.11792553921863694,1
27,Male,White,45611.753580558594,459,0.32878356178615076,-2059.4532539858483,20,14.544296936118807,39229.18950401735,4,2,0,1,Bachelor,-22.14750613653502,-8.581055224941034,-0.0022575905247191183,1
43,Male,White,54698.56250176231,309,0.5938647776532205,43594.80066194257,30,21.4498734386815,23526.80203609896,1,2,1,0,Bachelor,1.2547038103448218,121.09666850539604,0.026566694911185896,0
79,Male,White,42248.3821748886,555,0.3964060326757499,316152.19575192046,10,12.898381768703185,17424.993275231333,8,3,0,1,Bachelor,0.13363304997584208,2634.601631266004,0.7483178750921109,1
51,Male,White,16692.307235180007,643,0.18027697132108725,271027.8539176077,20,26.23759245956814,1646.5720813021544,5,1,0,0,Bachelor,0.06158889942084868,1129.2827246566987,0.8118346077000091,1
68,Male,White,32988.69220993132,835,0.19500464741562615,255327.81601254368,20,18.96578343721997,37269.92988524221,9,3,0,1,High School,0.12920132528102876,1063.8659000522653,0.3869929344087133,1
58,Male,Black,79090.76921775515,672,0.4580555177946255,177728.49196436224,20,28.754787481762133,21124.582036278476,2,3,0,1,Bachelor,0.44500894788222406,740.5353831848427,0.1123572913262701,1
24,Female,White,78680.02007460922,734,0.12519889712169088,195849.34059299066,10,8.523654383249362,21174.33731729527,6,4,0,1,Bachelor,0.4017374775752762,1632.0778382749222,0.24891877303446838,1
21,Female,White,32267.216615908037,345,0.34017078811111345,173130.2576967174,30,28.163679925642413,7308.072553559914,1,3,1,1,Bachelor,0.18637537450231517,480.91738249088166,0.17885052369361845,0
75,Female,White,63455.13574398844,354,0.1741095549017583,41306.47358548609,15,18.2046776965709,33406.93620842348,6,3,0,1,Master,1.5362031719474778,229.48040880825607,0.04339703750393374,1
70,Male,Black,26428.544304596526,377,0.3166093175889225,264768.6718510803,10,22.35536697640196,2978.637864057757,1,4,0,0,PhD,0.09981749018804352,2206.4055987590027,1.0018284351931976,0
67,Male,White,78086.32563989905,790,0.47495871103585974,285267.89563321066,10,27.06483351130341,-13121.057034030586,4,0,0,0,Bachelor,0.2737298056851803,2377.232463610089,0.36532375328907774,1
62,Female,White,54904.716957884724,571,0.32940646412071706,84966.95665283185,20,16.535915639754627,9368.70077891188,9,3,0,1,High School,0.6461890494939224,354.02898605346604,0.07737673679112735,0
28,Male,Hispanic,68992.82997233068,849,0.1817255544904635,84875.24124024222,15,25.86542375848996,25205.31172030404,9,2,1,1,High School,0.81287344771185,471.52911800134564,0.08201358631448236,1
46,Male,Hispanic,15698.133056349223,410,0.22596268517832122,235176.72016918522,10,16.25090818764166,25075.945224254585,8,3,0,1,High School,0.06675036987103165,1959.806001409877,1.4981190395380573,0
73,Female,Hispanic,63552.74203849776,314,0.2837697943260912,234294.87641088894,20,17.97596782851713,22107.371435885925,8,1,0,1,PhD,0.2712510961061038,976.2286517120373,0.18433105236353317,0
53,Female,White,49846.51872630993,377,0.13478059174320736,273267.59053714847,10,13.352957186921566,17418.632422777475,5,2,0,1,PhD,0.18240918591307925,2277.229921142904,0.5482180050277267,0
42,Male,White,67038.58141581685,800,0.3921688180405609,341357.3034424925,20,4.369156555203086,22379.27007276358,2,2,1,1,High School,0.19638830263700702,1422.3220976770522,0.2545976482744859,1
38,Male,Black,68297.35596195699,717,0.4037668956390251,94208.9386380545,15,16.605097000466,62904.460865850604,3,0,0,1,Bachelor,0.7249562191158062,523.3829924336361,0.09195957619065155,1
78,Female,White,51315.69378949499,574,0.13107596356628373,191800.5379361677,15,29.323446907985435,23746.735972577815,3,1,0,0,Bachelor,0.2675471838695945,1065.5585440898205,0.24917723185290847,1
74,Male,White,37983.4072180817,793,0.301155660587081,99948.0599651643,20,23.615579871968528,13663.94122924756,8,1,0,0,High School,0.3800314606538673,416.4502498548512,0.13156805469202987,1
53,Female,White,65593.9236435899,496,0.30700034144236243,107150.87393174661,30,22.424954542603093,18429.516817470645,3,1,1,1,Bachelor,0.6121641498264603,297.64131647707393,0.0544516259940783,0
27,Female,Hispanic,48796.910011897446,675,0.26690978427630063,157020.35620013965,10,19.299264081888886,16889.059222823744,3,3,0,0,Master,0.31076805067045216,1308.5029683344972,0.3217834001412295,0
54,Female,White,32544.30092944715,362,0.37886987016555596,344035.59451573686,30,10.437260204617335,21039.78529778436,4,3,0,0,Master,0.0945957379068767,955.6544292103802,0.35237669339973665,1
26,Male,Asian,31596.955370846284,660,0.2729787450300559,310481.8232959953,10,5.088455834351354,6327.688622077107,5,2,1,1,Master,0.10176748846493208,2587.3485274666277,0.9826320911364425,1
41,Male,Hispanic,20456.71167375237,843,0.308204639738903,192517.65535878367,15,6.736548049280695,31984.053711426168,7,0,0,1,High School,0.10625888641552597,1069.5425297710203,0.6273985067560965,1
52,Female,White,39794.17680873873,409,0.49876177372080277,-15610.175814834598,10,0.18966268627950367,24452.915203398752,0,3,1,0,Bachelor,-2.549245907334477,-130.08479845695499,-0.03922728667026134,0
66,Female,Hispanic,72053.84092148757,493,0.18105467771510073,239277.8192732032,20,20.204412626950642,8163.317085585566,4,3,0,0,PhD,0.3011304647474147,996.9909136383467,0.16604098838667658,0
52,Female,Black,53556.595994108684,818,0.4095573476517105,236967.21546587418,20,24.35632675669301,35296.52799496102,8,0,0,1,High School,0.22600846234706845,987.3633977744757,0.22123065428947444,0
65,Male,Hispanic,39404.64588153919,758,0.35279720084542276,106640.63940531018,20,8.067340535941792,-8539.989055963979,9,1,1,1,Bachelor,0.3695087173265489,444.33599752212575,0.1353148049165322,1
53,Male,White,66097.1187636016,600,0.25253581873967457,283069.6394508142,30,2.7555119893281566,52288.595502918404,3,2,0,0,Bachelor,0.23350126453630693,786.3045540300395,0.14275440177819834,1
35,Female,Hispanic,33350.46756553222,795,0.4637673282452054,104717.60338828688,15,10.071812034657535,48278.02938469687,7,3,1,1,High School,0.3184800500243555,581.7644632682604,0.20932760674198714,1
66,Female,White,51907.00548665557,448,0.37559417977057397,282773.8988781802,15,8.761536882509338,45877.13413236095,8,0,1,0,Bachelor,0.18356363756549277,1570.9661048787789,0.36318013497025514,1
56,Female,Asian,46407.392545489696,760,0.3386807634803477,224106.54012350828,15,13.526290823331955,12552.063065047003,0,0,0,0,High School,0.20707736829060824,1245.0363340194904,0.32194086305514563,1
49,Female,White,65582.61251176705,438,0.4338346573856,54018.50792659377,20,7.923061629630329,23610.058303318656,7,1,0,1,Master,1.2140767123906466,225.07711636080737,0.04118355906979276,1
41,Male,White,18455.432581609984,591,0.5011451539906804,163852.3468461289,15,10.191981160350872,10672.651485054728,7,4,0,0,High School,0.11263453308325931,910.2908158118272,0.5918847873891993,1
40,Female,Hispanic,32996.045083706886,634,0.5863343950167881,214465.13915404497,30,27.22664338047728,26460.17277706256,4,4,0,0,Bachelor,0.15385272037152223,595.7364976501249,0.21665741920481016,0
79,Female,Hispanic,17235.08681810933,483,0.4146751841881867,230015.79764470475,30,10.045060586688185,20275.479682537487,9,4,0,0,PhD,0.07493001347990717,638.9327712352909,0.44485956675120336,0
49,Male,Black,44808.0655638146,606,0.5372199927001915,303317.714136898,30,23.56554140189691,13096.190445358714,1,4,1,0,PhD,0.14772650417506158,842.5492059358278,0.22564219954621043,1
54,Female,White,74228.5500726486,561,0.10054577051147848,315777.3930181187,20,18.77501100673378,12936.350390286856,6,3,0,1,Bachelor,0.235066067786523,1315.7391375754946,0.21270615734044557,1
29,Male,White,39891.05580692946,609,0.36511784636294564,176137.52027817492,10,10.126138368941216,21237.29125105574,4,0,0,0,High School,0.22647676510904263,1467.8126689847911,0.4415463985978986,1
66,Male,Asian,39786.32123608699,643,0.20732377438509905,255932.18748236782,15,24.533648093410513,64042.91734686884,4,2,0,0,High School,0.15545649661134564,1421.8454860131546,0.4288445199774376,1
72,Female,Hispanic,67434.48848368273,723,0.1470962285415686,360793.5933597025,30,17.852282087887946,39583.01004809546,5,3,0,1,Master,0.18690600311312117,1002.2044259991736,0.17834276469525162,1
30,Male,Hispanic,71370.991169106,813,0.365985508532196,98133.57033910912,10,0.258561827967011,21285.006273891002,9,4,1,0,PhD,0.7272841589527141,817.7797528259093,0.1374978387319745,1
40,Male,White,48228.5786546242,823,0.47341325307454707,139203.97937990463,10,2.0618460471719935,17282.198243790703,7,2,0,1,High School,0.34645976982455745,1160.0331614992053,0.2886338002551888,1
42,Male,White,63694.29708099784,560,0.30613626123718984,34486.503462133056,30,22.579186783569565,29344.938806271835,0,2,0,0,Master,1.846934037570251,95.7958429503696,0.01804792843451262,1
52,Male,Black,28460.90918244107,661,0.4350537246722175,136856.77696125617,30,13.39583368755583,10805.772476259026,2,4,1,0,High School,0.20796127027380082,380.15771378126715,0.1602862556544631,0
58,Male,Hispanic,77559.48667850828,468,0.344859626920475,220578.14377724245,15,12.165233752306218,16579.108143927566,6,2,0,1,High School,0.35161909221991683,1225.4341320957915,0.1895991092115403,1
47,Male,White,92974.12587874103,499,0.31854293297971303,-11614.623998612718,15,4.374815525874239,-9273.23110147997,8,3,0,0,Bachelor,-8.004919133830429,-64.52568888118176,-0.008328212384422431,1
34,Female,Hispanic,60424.315823774494,684,0.24512832021793032,243704.49951288116,10,4.719557818838107,21362.803780687347,9,1,0,1,High School,0.2479409118196471,2030.8708292740096,0.40332190144053465,1
66,Male,Black,8313.367573143987,611,0.2912967572505023,152765.56335469213,10,23.932573502877016,21744.126950860715,1,3,0,1,Bachelor,0.054419120321259534,1273.046361289101,1.8375894246297417,1
79,Male,White,38835.39475204432,611,0.2748978153972139,193732.62374910427,10,24.870514018843657,11843.046567830088,3,3,0,0,Bachelor,0.20045872502268156,1614.4385312425356,0.4988558117821271,1
37,Male,White,62256.50643338643,694,0.4230935920074408,83112.80194588317,20,16.800076219161877,26770.846971634677,3,1,0,0,High School,0.7490603730809509,346.3033414411799,0.06675029383058355,1
65,Female,White,41570.34005667274,650,0.15800925563956977,189773.9212930577,10,8.853834294170623,21867.02573129833,6,4,1,1,Bachelor,0.21905191068101446,1581.449344108814,0.4565127950224592,0
42,Male,Black,75443.97108500195,327,0.146318184343903,367919.96649370843,20,27.981024500034906,12023.088490517708,4,4,0,1,High School,0.2050553869201118,1532.9998603904519,0.24383655923889322,0
39,Female,White,61763.14528871731,432,0.4300064971042302,160019.58347803366,15,18.7188717298568,32345.7119234344,4,1,0,0,Master,0.3859724162898831,888.9976859890759,0.1727239145934121,1
30,Female,White,35870.48998468407,679,0.3731490349394404,-21293.69794643554,10,23.899263583553648,17304.72622725803,6,3,0,1,Bachelor,-1.6845589749096923,-177.44748288696283,-0.059362718366901296,1
76,Female,Hispanic,50645.296215425056,827,0.31510004837132877,321377.22786308255,15,0.09848760864646255,4287.613713905341,1,0,0,1,PhD,0.15758831623565328,1785.4290436837919,0.42304320687693076,0
36,Male,White,32123.335587218196,586,0.17622144220395178,254244.78467212955,10,13.509588026260815,-6419.286500492344,7,2,0,0,High School,0.1263480610964901,2118.706538934413,0.7914644604132984,1
66,Female,White,46348.302431751166,583,0.3055135559346558,209404.2790994359,15,26.128472589598676,41531.13050786493,5,2,0,0,Master,0.22133407507753275,1163.3571061079772,0.301203809866662,1
53,Male,White,38908.13519134896,526,0.4948658816600058,256805.21563119796,10,10.146998496981638,21888.730865255504,4,2,0,0,Bachelor,0.15150835272452393,2140.0434635933166,0.6600296168609422,0
29,Female,Black,73495.23600466076,726,0.5448106178946285,208251.61727502613,20,21.79653530616843,21252.74064479852,0,0,0,1,Bachelor,0.3529155593908294,867.7150719792755,0.14167694982421694,1
78,Female,Hispanic,92320.24113661991,326,0.45128828498211004,364326.62399096566,30,19.730244753859367,19343.033903778036,1,3,1,1,Bachelor,0.2533996558508697,1012.0183999749046,0.131544509093377,0
58,Male,White,21376.23333528496,631,0.12995608794044042,275199.9528582345,15,4.566550990628983,38270.49463830356,5,4,0,1,Bachelor,0.07767527978573685,1528.8886269901918,0.858273917397699,1
36,Male,Hispanic,11535.674275804959,416,0.43520488830055926,154357.5267488499,15,23.247114817632152,22139.08245207266,5,1,0,0,Bachelor,0.07473347441342643,857.5418152713883,0.8920589761137815,1
29,Male,Black,45096.55156297229,388,0.2204927947731473,349195.49416557164,30,3.3758037093839666,43220.46671853454,8,2,0,1,High School,0.12914413936163127,969.9874837932546,0.2581095317069933,1
26,Female,White,19631.686023426348,421,0.25762562151320256,381998.48644790973,10,21.837422897158223,22187.08832348301,5,0,1,1,Master,0.051392051853334696,3183.320720399248,1.945826181164846,1
24,Male,White,50924.232073418345,332,0.19793660397999227,291036.3951677945,20,29.72905010337283,-20120.599605555355,0,1,1,1,Master,0.17497547701571284,1212.6516465324771,0.28575432885095087,1
45,Male,White,64978.72227611853,697,0.4878778953101023,240692.95889288455,20,28.73944295435288,39003.21968213793,6,3,0,1,High School,0.269965197881156,1002.8873287203522,0.18520905802832768,1
31,Male,White,79882.8379453365,824,0.42430106131863954,114590.31168272406,20,24.00725229171014,24729.0714223971,2,0,0,1,Master,0.6971168571957018,477.45963201135027,0.07172398642192566,1
48,Female,Hispanic,54027.89117430562,323,0.4059175272995904,268565.90107015683,10,16.035522726891067,12396.479873658216,7,0,1,1,High School,0.2011718202460559,2238.04917558464,0.4970875139355436,0
69,Female,Black,46136.89550300842,624,0.43398630483463807,238802.61980090747,15,20.2447372746222,16149.21246708582,5,1,1,1,Master,0.19320096044789326,1326.6812211161525,0.34506384705394266,0
36,Female,White,10432.301668538312,333,0.2183861307019517,197319.72129201263,10,21.843251710322782,15383.839339006438,2,1,0,0,Bachelor,0.05287004056274533,1644.331010766772,1.8914303627462052,0
75,Female,White,50523.70298371597,546,0.3223222071626808,269926.81361293903,20,0.2520457283471611,1377.0729780675938,2,2,1,1,Bachelor,0.18717556180307574,1124.6950567205793,0.2671288896816784,1
64,Male,White,51425.74521098923,318,0.4166268607744946,208705.75542139244,30,3.0709866285886935,33158.32489289269,7,3,1,1,Bachelor,0.2464031004183705,579.7382095038679,0.13527968307515734,0
33,Male,Black,62779.136284254906,329,0.4182970138091502,254878.30415874635,20,17.91177396236587,13312.058651044299,5,1,0,0,Bachelor,0.24631024006325017,1061.9929339947764,0.2029960264224519,0
70,Female,White,35830.23796941817,348,0.49592593137756524,303582.8783971802,15,0.1960362042872732,6977.985128329423,1,2,0,0,Bachelor,0.11802456765213601,1686.571546651001,0.5648541485291357,0
22,Male,Black,41298.947995282804,479,0.24355198334405528,66890.55011549161,10,27.267169523204917,84482.86358448141,2,2,0,1,Bachelor,0.6174107990437668,557.4212509624301,0.1619667167384794,1
52,Male,White,20439.954893916314,669,0.48516806084841124,97532.4603947186,10,14.689881396752334,2704.3666149805904,5,1,0,0,Master,0.2095707912134568,812.7705032893216,0.47716573202295987,1
29,Male,Black,4174.143862318699,694,0.32009224030846783,108777.81654038749,20,7.733012268153651,18683.210052084738,6,0,0,0,High School,0.03837311682726142,453.24090225161456,1.3029955378677631,1
42,Male,Hispanic,27830.058184064335,795,0.4350863460294674,394000.9409240935,15,11.814635087927979,-14507.560033520298,3,0,1,0,Bachelor,0.07063449675727032,2188.8941162449637,0.943825888584741,0
69,Male,White,18593.48371493967,730,0.32785969003264337,263347.47327755846,15,25.523292319200085,38814.49778816979,7,0,0,0,Bachelor,0.07060437483424353,1463.041518208658,0.9442285527373998,1
76,Female,White,56734.245908412224,506,0.5743050848954716,272661.921405323,30,27.815786212923474,15763.30579638329,2,2,0,1,Bachelor,0.20807542767981327,757.3942261258973,0.16019831704792506,1
38,Male,Asian,39637.318866662856,334,0.18965113237082223,312943.8050018736,20,3.4870494143196016,32253.798638470675,5,0,0,1,High School,0.1266595415315077,1303.9325208411399,0.394759047722923,1
53,Male,White,39235.25739850422,712,0.4375025442911785,95334.55806747581,30,23.3388190186673,5850.935383680515,6,3,0,0,High School,0.41155335687122313,264.8182168540995,0.08099395321847291,1
70,Male,Black,30311.73907649576,663,0.3882675003840794,-3828.0405019454192,10,17.34681354649591,-4235.114536735582,7,0,1,0,High School,-7.918343356370253,-31.900337516211827,-0.012628904241636691,0
40,Female,White,-14651.30865024867,609,0.1863655204738723,193713.783714729,10,17.565082729934602,8810.186479817525,3,0,0,0,Bachelor,-0.07563379522762716,1614.2815309560751,-1.3221602816444742,0
33,Male,Black,80166.21497495101,578,0.13300316790583397,289757.1960189746,15,23.38356365687479,40182.18051260723,4,2,0,0,Bachelor,0.27666686479703984,1609.7622001054144,0.24096368285942987,1
74,Female,White,29994.589544464234,451,0.4995721944858318,180240.7039367053,30,6.685340603578725,28657.85199968738,5,4,0,0,Bachelor,0.1664140723451533,500.66862204640364,0.20030357327112275,1
56,Female,Asian,41751.59860300186,526,0.1787256668231326,63006.16954730332,15,15.931349039248747,-4246.743558577833,0,3,0,1,Bachelor,0.662658893612885,350.0342752627962,0.10060480182072724,0
62,Male,Hispanic,20902.15669421379,542,0.193253341392888,109477.21690581775,20,9.580578463524276,-16293.496607287016,8,2,1,1,Bachelor,0.19092700093203616,456.1550704409073,0.2618801937699654,0
70,Female,Hispanic,69438.60686881267,309,0.5892171119945196,82074.19997045517,15,2.835370349295445,15181.715056436838,2,3,0,1,Master,0.846046710096583,455.96777761363984,0.0787978558052145,0
59,Female,Hispanic,52868.57874074649,691,0.45863042573831536,138763.55632721147,10,3.152383366698116,36385.577933071574,1,3,0,1,Bachelor,0.3809975770300936,1156.3629693934288,0.26246886077204984,1
75,Female,Black,33472.69429468263,347,0.22524342080061124,84061.95493840564,10,4.094144118754523,8622.244271261476,6,0,0,1,Bachelor,0.39819076678872073,700.5162911533804,0.25113590856580514,1
56,Female,White,42155.40777311952,503,0.39547448007580066,214677.90127289883,15,18.44699546714514,36144.65535999082,3,3,0,1,Bachelor,0.19636584633614204,1192.65500707166,0.3395023519138132,1
31,Male,Hispanic,83563.5984424974,456,0.3670559192012567,145241.8593386952,20,3.1749059513193,21904.553860764303,3,0,0,1,Master,0.5753410127285148,605.1744139112301,0.08690498138291668,0
48,Male,Asian,48540.61136237443,325,0.5222366337569238,263343.222691876,30,17.103115277705207,46291.52692609353,9,3,0,1,High School,0.18432451333357167,731.5089519218777,0.18084047927477812,1
75,Male,White,46365.32924768188,720,0.4646603739163122,102352.205453337,10,17.648911739317793,9819.305577126894,8,4,0,1,Bachelor,0.4529978522917137,852.935045444475,0.22075159847690348,0
22,Male,Asian,31172.370277214697,563,0.5158605627465929,225534.68877451273,10,27.116895303656733,19099.339966178854,6,3,0,1,High School,0.13821541354279435,1879.455739787606,0.7235083080588398,1
52,Female,Black,12108.376990553945,828,0.20575329398868122,196240.08471380462,20,18.791297889765428,10172.09709150007,8,1,0,0,High School,0.06170185366670999,817.6670196408526,0.8103484259983669,1
40,Male,Black,46799.22652841311,769,0.4201096021835026,239602.8944241277,15,29.567635226445038,34780.26064698661,0,0,0,1,High School,0.19531995488156545,1331.1271912451539,0.34132030548077275,1
46,Female,White,56509.70224649235,553,0.12012042920919017,253671.3586298813,10,0.9297773982250446,28862.261855134246,2,4,0,0,Bachelor,0.22276737331210783,2113.927988582344,0.44889877055692157,1
60,Female,White,71991.68928655339,845,0.13447030613961006,264364.46259952243,10,21.12438409935357,-5476.540401812919,9,0,0,1,Bachelor,0.27231984427351486,2203.0371883293537,0.3672152511205213,0
28,Female,White,5030.069310006889,446,0.4567635163522986,283075.71709013055,20,0.7944023415912993,30382.61790991004,9,4,0,0,Bachelor,0.0177693422866269,1179.4821545422105,2.8138351545869935,0
35,Female,White,27498.07345953942,625,0.11221005132196568,254229.10241858708,15,21.881327336241107,-2335.112348554314,5,0,0,1,High School,0.10816257146777777,1412.3839023254839,0.61635615501733,1
64,Male,Black,38385.178188870996,637,0.38988250445025463,229786.60058140574,20,11.575506276121065,6331.552718697141,0,1,0,1,Master,0.16704706928841312,957.4441690891906,0.2993168345484296,1
29,Male,White,49930.383028535965,417,0.520202549222265,133327.6316091242,20,18.339232961777686,31185.36461071032,4,1,0,0,High School,0.37449388717048965,555.5317983713508,0.13351352775816422,1
26,Male,White,47099.32616943155,464,0.2899709042090143,285073.70485590986,15,9.286142162650131,1183.06252651037,3,4,0,1,Master,0.165218065949779,1583.7428047550547,0.4035071242568061,1
27,Male,Asian,47566.22628625461,849,0.1224202184199564,130311.57972001651,10,4.773151174579472,14428.756249507562,3,2,0,0,High School,0.365019182396944,1085.9298310001375,0.2739582049999058,1
75,Male,White,58161.92117139889,497,0.4569237248143634,170808.66780612408,30,21.70537554267847,31390.78817481121,6,0,1,0,Bachelor,0.34050919030300864,474.468521683678,0.09789260989893114,1
61,Male,White,31934.137784417817,673,0.5648432262320754,113834.67870957295,30,27.1386114081026,26228.087351974453,4,2,0,0,Bachelor,0.2805308377589536,316.2074408599249,0.11882234979804622,1
34,Female,White,68682.82884467389,428,0.4585856960291339,111751.86349528197,30,5.507473311001049,25350.8667615239,6,3,0,0,Master,0.6146011949731254,310.4218430424499,0.05423571188271265,0
78,Male,White,58669.04883398961,713,0.3892236215013877,168299.85309383477,20,27.62109003610802,31876.944230695262,0,1,0,1,Master,0.34859833657299133,701.2493878909783,0.14343155073986058,1
55,Male,Hispanic,43603.354717438415,679,0.21501441493953002,176697.1006471858,10,4.205463276136313,39605.3339617218,8,0,1,1,Bachelor,0.2467689314523728,1472.4758387265485,0.4052373992602887,1
24,Female,Black,82018.15983777831,300,0.1076878120222485,118644.4347852388,10,22.06985647648594,1392.0640116571449,7,1,1,0,Master,0.6912937803297844,988.7036232103234,0.14465629931213123,0
63,Male,Hispanic,81128.32071143534,466,0.4473360542395266,202196.32655499256,10,28.78335474537018,24998.684260222748,6,3,0,0,Bachelor,0.4012353839147042,1684.9693879582712,0.2492302623570664,0
30,Male,White,68657.90710387618,315,0.2155130879221465,215676.06984351258,10,4.421126452687131,34467.77871704142,9,4,0,0,Master,0.3183380852298175,1797.3005820292715,0.31413143648145997,1
57,Female,Black,-10371.135411355848,411,0.5290813385911788,145512.11158262673,20,13.0527014026606,31517.801843027126,1,0,0,0,Master,-0.07127334830452765,606.3004649276114,-0.7015244995417697,0
59,Female,White,81578.90185435952,667,0.33318205941630563,428963.9138815099,30,10.123724470751984,17610.083857515347,5,0,0,0,PhD,0.1901766074357797,1191.5664274486387,0.17527567550383186,1
26,Female,White,65895.17044943868,401,0.3653177911862281,233269.8276703041,30,11.654332505522945,16743.468393299685,3,0,0,0,High School,0.2824847564193889,647.9717435286225,0.11800046755034543,1
67,Male,White,90128.17275425873,705,0.4769682721331834,211826.4899331517,15,22.594192173953296,32364.969340202624,2,4,1,0,Bachelor,0.42548112269953314,1176.813832961954,0.1566853688917838,1
44,Female,White,74749.29183467077,806,0.4897153039016716,132404.40556902005,10,19.83566797666678,23210.375387610486,7,1,1,1,High School,0.5645529052710055,1103.3700464085005,0.17713131766100193,1
75,Female,White,81566.8535499457,339,0.4213254165402841,213784.1862881329,30,29.060608933884577,36411.96323544165,3,4,0,0,Bachelor,0.3815382932019675,593.8449619114804,0.08736562994396034,0
19,Male,White,67573.09700360757,847,0.5692159077063715,224080.26370657553,30,5.564385100692668,21648.048088407853,2,1,1,1,Bachelor,0.3015575574834736,622.4451769627098,0.11053721754315546,1
22,Female,Asian,76973.86397291024,680,0.5911492181602097,199652.56919966213,10,16.297826079776403,14396.667870947651,4,0,0,0,High School,0.38553906058645654,1663.7714099971845,0.25937709099536277,0
46,Female,White,89882.47481468879,815,0.5734427221873084,341865.10064394807,10,13.473784362570802,-6452.01405412424,8,4,0,1,Bachelor,0.26291795987769234,2848.8758386995673,0.3803467821160614,1
54,Male,White,54331.094767564115,796,0.5120895926719717,29852.85612887956,30,27.56568326777249,16543.45238074245,9,3,0,1,Bachelor,1.8199630391480157,82.92460035799878,0.018315390266902213,1
55,Male,White,18555.389118437408,580,0.4528126101221257,161962.0694943202,15,0.3185769743087985,1535.6868490827146,2,4,0,0,Bachelor,0.11456626342433912,899.7892749684455,0.5819048703695752,0
36,Female,Black,43850.78199969716,650,0.4316629289408338,271383.5393059119,10,29.675112023012826,-7443.165501379783,8,1,1,1,High School,0.16158232040104392,2261.5294942159326,0.618879588755763,1
25,Female,White,57798.91198766873,633,0.15187508846026695,110333.73521968802,30,14.392029431175864,7016.824051912376,3,0,1,0,PhD,0.5238553002178707,306.48259783246675,0.06363080285618956,0
65,Male,Hispanic,51497.751687431155,823,0.23574217340955625,45332.73322501153,15,18.766189417007922,30546.684820799674,9,1,0,0,High School,1.1359948545749319,251.8485179167307,0.05868571182183047,1
62,Female,Asian,25068.76067681147,582,0.10284411176468852,148111.0130181287,20,10.801576674171464,16372.239225388417,3,2,1,0,PhD,0.16925656077811763,617.1292209088696,0.2954095236848524,0
18,Male,White,17378.64749610042,618,0.16870493511699594,304393.6170422716,15,25.575800090864966,22672.651695467048,1,0,1,0,Bachelor,0.05709268040823281,1691.0756502348422,1.167692008677408,1
39,Male,White,35176.746627303415,713,0.3196147385845942,112704.00724990577,10,16.85963835355148,30103.987141549198,7,3,0,0,Bachelor,0.3121162014169006,939.2000604158815,0.3203934930196968,1
69,Male,White,66154.79111968302,313,0.17326827539453668,164357.33017722046,20,19.884328087492946,19462.885706799556,3,3,0,1,Bachelor,0.40250587575467883,684.8222090717519,0.1242217890763767,1
34,Female,Black,81606.79541645938,355,0.5508317073383789,242148.20667190338,15,19.467141241820293,9679.812812681637,2,2,1,0,Bachelor,0.33701176869350846,1345.2678148439077,0.19781702854209793,0
24,Female,White,68331.35227555403,702,0.502849592667641,142069.7093775103,30,10.919464196931976,13308.370537821671,2,1,1,1,High School,0.4809705923588728,394.6380816041953,0.0693043064646703,1
42,Male,White,71148.54574228273,641,0.13580595604475912,156004.88444286343,10,2.279729874198475,31586.446766050423,0,3,1,1,High School,0.45606614175173976,1300.0407036905285,0.2192664415207458,1
62,Male,White,48383.68853672885,498,0.22445685773363303,134794.97615380777,20,24.231186782821503,19606.809852749764,7,1,0,0,PhD,0.35894281758335456,561.6457339741991,0.13929795374269854,1
21,Male,Black,15158.35084588072,591,0.5095359423057544,143222.06217465838,30,8.691477575529525,-18163.35443705431,4,0,0,0,Master,0.10583809935228561,397.83906159627327,0.31494644685919987,0
53,Female,White,40895.58838234589,740,0.5015230632799368,83706.44768095636,20,25.467906854331133,14702.77529391128,4,4,1,1,High School,0.4885595974424542,348.77686533731816,0.10234165956772415,0
23,Female,White,44824.711762552426,377,0.5727252750588944,174271.6361326173,15,18.25929026372479,27975.119453988485,3,0,0,1,Bachelor,0.2572117457395172,968.1757562923184,0.25918982228043796,1
77,Female,Black,40058.95026328636,411,0.5987738808086801,306423.381438391,30,10.61111874292434,22743.155246215036,4,1,1,1,High School,0.1307307232080152,851.176059551086,0.25497704376877217,0
48,Female,Black,51093.89730749252,834,0.5881350316205609,358280.9271336392,10,17.827414469208684,4691.829167929911,4,2,0,0,Bachelor,0.14260847686272296,2985.674392780327,0.7012205880037655,0
36,Female,Hispanic,58828.39519785901,674,0.30506899286072076,324981.52878598013,30,19.364780770843126,8808.662664355963,8,0,0,1,Bachelor,0.18102073498645224,902.7264688499448,0.1841409678058595,1
78,Male,White,67060.30376486995,415,0.22516422190101612,213769.562787398,15,21.20050223276017,-9229.595755973078,5,3,0,0,Bachelor,0.31370370454265273,1187.608682152211,0.21251475740096762,1
61,Male,Hispanic,44437.60271267332,441,0.4792050952135313,365885.0047017364,20,24.67014403521214,28240.526100752166,8,0,0,1,Bachelor,0.12145237476703409,1524.5208529239017,0.41168400449895143,0
71,Male,Black,11924.811887108131,496,0.2496364463720154,430285.94331673544,30,4.7926482665395405,29326.996246987495,7,0,0,1,High School,0.02771369149358947,1195.2387314353762,1.2027749295341532,0
56,Female,White,40342.445614177304,839,0.5032001800656649,218127.7798943557,20,28.3243315430585,17999.102577247726,2,0,1,0,Bachelor,0.1849486829862573,908.8657495598155,0.2703452611431425,1
44,Female,Black,50874.207939839675,598,0.3669773651989622,100943.56506876116,10,12.325218432825325,14745.226661389777,1,2,0,0,PhD,0.5039866375353889,841.1963755730097,0.19841795903364245,0
27,Male,White,74456.15844266817,375,0.49696363761747697,331193.6576701602,30,25.81350895129132,3777.9434223382123,5,1,0,0,Master,0.22481154671391676,919.9823824171116,0.14827233663292022,0
43,Female,Asian,38643.84315631789,829,0.23793993985850523,79651.46673793266,20,6.6143878610335545,24985.602436906,1,2,1,1,Bachelor,0.4851617269455054,331.88111140805273,0.10305841789044527,0
36,Male,White,60250.87256798804,399,0.3540136577769104,111349.12601292209,10,0.8708691661414436,-4632.750324520359,2,3,0,0,High School,0.5410987470256022,927.9093834410174,0.18480915091689998,0
56,Male,Black,55801.75799270865,778,0.38201189680109104,-8253.413243786315,15,17.200321308685524,31652.392475894994,2,1,0,1,Bachelor,-6.761052227055236,-45.85229579881286,-0.009860398119673038,1
79,Female,White,50878.01066246777,767,0.5715540338600661,272741.3352518066,30,9.739988372173169,28687.65873691094,0,3,0,0,Master,0.18654308711767137,757.6148201439072,0.17868972712082687,0
20,Female,Asian,68610.66638649182,591,0.23329878841520865,-31544.43255594463,30,29.533860148438478,37522.7645231209,4,1,0,1,Master,-2.1750483628072734,-87.62342376651286,-0.015325329727524284,1
62,Female,White,36783.176064948384,424,0.5683441196424474,299285.1081842268,30,3.1336036414614874,20755.22075442214,7,1,0,0,Bachelor,0.12290346248135499,831.3475227339633,0.2712155757075611,0
30,Male,Asian,38496.271007129675,818,0.502429457732858,380944.23214643257,20,1.4190859801056521,12200.1170950997,8,0,1,0,Bachelor,0.10105487301966014,1587.267633943469,0.4947806919738798,1
67,Male,Asian,49761.98353811544,322,0.4654470270433476,372777.6037446084,20,1.3505345565939975,26482.746092541565,6,0,0,0,Master,0.13348973500083872,1553.240015602535,0.3745606356899716,0
45,Female,White,37197.06989812601,461,0.4934351345925626,73417.8993358086,10,6.506210856713835,31713.75880646092,4,2,1,0,High School,0.5066485180676319,611.815827798405,0.19737549096443052,1
79,Male,Hispanic,60160.245821091994,805,0.40271252294002846,13630.364366925176,30,17.37573349096015,2634.65559510015,7,1,0,0,Master,4.413693148737397,37.862123241458825,0.007552254361603918,1
75,Male,Asian,35736.15391267734,320,0.22204000523124293,135751.47906910913,10,15.166901209340752,18961.528010400107,8,3,1,1,High School,0.2632468843634814,1131.2623255759095,0.37987154241842325,1
37,Female,White,54526.08415490269,763,0.19474748441992637,287919.2186426535,30,10.502274145006844,23980.456111904427,8,0,0,1,Bachelor,0.18937980038969507,799.7756073407041,0.17601314007482255,1
45,Male,White,47996.54462426487,782,0.5331707179251952,320378.86566649587,15,2.663793222507278,27219.501435697886,8,3,0,0,Bachelor,0.1498118314527892,1779.8825870360881,0.4450026811645755,1
25,Female,Black,54298.51929553411,801,0.46256970129791664,266449.948454856,30,7.012112843829565,14715.532002745604,1,0,1,1,Bachelor,0.20378506211170758,740.1387457079334,0.16357103404890988,1
78,Female,White,40805.17209873922,608,0.20660214138047453,252800.5288197053,10,5.524411943541506,29465.254799475377,2,1,1,0,High School,0.16141252666382291,2106.671073497544,0.6195306031499772,1
58,Male,White,43218.23410946346,502,0.40754668293720075,436100.4937000359,20,22.370005114681454,5597.111593592157,1,3,0,1,Master,0.09910154822982238,1817.0853904168164,0.5045329855397115,0
56,Male,White,51920.185359941,715,0.3237732407071119,152195.58291160705,15,23.398391490039423,50270.6399995754,4,2,0,0,High School,0.34114121032077177,845.5310161755947,0.1954224955817582,1
18,Female,White,54041.49012322626,441,0.17932758498154697,122202.47677628965,15,23.310420391854592,10634.308345473477,2,2,0,0,High School,0.44222909018576995,678.9026487571647,0.1507514275884962,0
20,Female,White,49915.961692176876,406,0.3659285546785822,81086.9198441224,30,29.07121633242446,26116.572283506808,8,2,0,1,Bachelor,0.6155858649968814,225.2414440114511,0.05414895829926537,1
30,Female,White,84107.24713026168,828,0.24075954623320864,243296.59175148598,15,26.52713839002096,11711.932780767243,1,0,1,1,PhD,0.3456984190562463,1351.6477319526998,0.19284631630270713,1
45,Female,Hispanic,30185.261625174317,836,0.14812206207878578,182044.89109066245,10,14.934142415355145,21469.80058963133,4,0,0,0,High School,0.16581218755620764,1517.0407590888537,0.6030919769760689,1
79,Female,Hispanic,48715.924100945726,590,0.3334791492727054,282497.90644500963,10,12.448080627274955,3811.3668163501825,4,2,0,0,Bachelor,0.17244702700275993,2354.1492203750804,0.579888222708528,0
74,Female,White,18527.41955766031,610,0.3950542760467809,154945.05794119276,30,27.473055531283855,36133.59952331454,4,3,0,1,Bachelor,0.1195741239110197,430.4029387255354,0.27876711317691205,0
77,Male,Black,57441.62957334772,684,0.12345320519057526,262878.20996303175,20,18.3367575614444,7739.211559358329,0,0,1,1,Bachelor,0.21851042572690096,1095.3258748459657,0.22882203370236934,1
66,Male,Black,27695.06927246372,352,0.30104637470549844,161614.37905178967,15,8.831960010767858,21223.905201061214,9,2,1,1,PhD,0.17136513121514252,897.8576613988315,0.38903285746602184,1
42,Male,Asian,44433.79488246847,482,0.22883095991834265,183729.51591141763,15,16.93392083145502,19041.822206833458,6,0,0,0,High School,0.2418435310301016,1020.7195328412091,0.27566032625602405,1
73,Male,White,42558.713493373485,668,0.11532529535361621,193200.97756951657,30,29.764482680883788,9475.048372591862,1,4,1,1,PhD,0.22028208153377604,536.669382137546,0.15132112925954125,1
50,Male,White,55617.82253202343,312,0.1628312748057529,29969.841779936018,15,25.48410180457087,-18177.68539393688,1,3,1,0,Master,1.855792998188533,166.49912099964453,0.03592354682431768,0
55,Male,Asian,38944.1816490964,459,0.16951707940918878,186001.51805635993,20,8.438391481786248,35891.013472682935,8,1,0,1,Bachelor,0.20937561185546885,775.0063252348331,0.2388052722898539,0
70,Female,Asian,38093.88604612035,583,0.19143712405898558,256214.2822890749,30,28.58863277751651,22165.7162597629,0,3,0,0,Master,0.14867979140655693,711.7063396918747,0.22419545398866694,0
23,Male,Hispanic,78717.12928171796,586,0.5016887857189606,101188.84231147563,10,29.443863344373476,-6104.542928646104,8,1,1,1,Master,0.7779230148657488,843.2403525956303,0.12854742447394701,1
75,Male,Hispanic,55691.33580949053,307,0.31974593323906964,391012.26932652923,15,6.9350087824624564,-8699.330217793278,5,2,0,1,Master,0.14242861459414569,2172.2903851473848,0.4680707374472131,0
61,Male,White,38778.98295955464,371,0.17354299613519344,200488.57409301936,30,26.867763555040238,15169.199119824427,4,0,1,0,Bachelor,0.19342240890776455,556.9127058139427,0.17233439249135127,0
62,Male,Black,44983.32656377538,397,0.15014848346394463,137319.78224280485,10,26.49608153096496,18762.977689512663,4,2,0,0,Master,0.32758081777494497,1144.3315186900404,0.3052681798624184,0
49,Male,White,82907.0990454149,386,0.24897022936451954,134274.59764433213,10,1.1926071970212182,16775.593402091166,4,1,1,1,Bachelor,0.6174444049724136,1118.9549803694345,0.16195790130200927,1
62,Male,White,45296.70243497806,400,0.4990077593522262,337051.1559284474,10,20.09067579185061,41659.05145546343,5,4,0,0,Master,0.13439117961249214,2808.7596327370616,0.7440964525227268,1
78,Male,Hispanic,36214.467536952245,580,0.2822299239698217,117519.32085581738,30,9.15842139093508,-5043.509933687459,6,1,0,1,High School,0.3081575631413256,326.44255793282605,0.10816977196190436,0
64,Female,White,36300.07699747215,588,0.17994868014696905,229809.71679913875,30,20.238378794756276,23184.384896209172,8,0,1,1,Bachelor,0.15795710252408346,638.360324442052,0.21102775880718028,1
38,Female,White,39017.470380208455,495,0.30205809077308,288303.61717255495,10,27.406760825707305,29684.466007640654,1,4,0,0,Bachelor,0.13533465435799855,2402.5301431046246,0.738909043469913,1
33,Female,Asian,38110.04555146555,690,0.37765577864352873,255421.573807961,10,14.963377439685553,29366.976992508025,3,0,0,0,Bachelor,0.14920448959459717,2128.5131150663415,0.6702211191614244,1
71,Female,White,24407.04303301514,749,0.11479209181900693,143732.2702431976,30,12.432384923659583,33407.78092294564,4,4,0,1,Master,0.16980906926272007,399.2563062311044,0.19629889898142996,1
38,Male,Asian,27515.99806106044,667,0.4138209007200866,283922.17411109194,30,27.64593813562252,21753.588107416366,5,0,0,1,PhD,0.09691387489268129,788.6727058641443,0.3439479988829813,1
28,Female,Asian,33413.5925127726,729,0.2975503765073947,215577.64558675003,20,29.22344753215598,23691.92633996483,6,1,0,0,High School,0.15499562777870085,898.2401899447918,0.3225897447338891,1
77,Female,Black,61831.420369061954,395,0.1048629375655972,28005.808139758796,10,1.8670898338140818,15052.354504632329,2,1,0,1,High School,2.207807039900491,233.38173449798995,0.045293813359933446,0
54,Male,White,42375.25425454253,560,0.4369446994731905,322326.56058473093,15,27.685442074446218,-2644.4884983191587,2,1,1,0,Bachelor,0.13146683964756053,1790.7031143596164,0.5070987242515927,1
53,Female,White,45856.7662181192,811,0.45619381778132406,138641.41777096808,15,2.4830560056566653,24931.86942404703,8,1,0,1,Bachelor,0.3307580588498695,770.2300987276004,0.20155719530609095,0
52,Male,White,75401.76050509795,420,0.41441989427934145,182439.62452628615,30,10.11858640150769,13960.364616556102,8,4,0,0,Bachelor,0.4132970603336994,506.7767347952393,0.08065223910961218,1
36,Female,White,75900.14299876837,665,0.2709651087992111,230946.537655868,15,22.877223672909803,8840.05198848767,1,3,0,1,Master,0.3286481095112441,1283.0363203103777,0.20285120996378583,1
37,Female,White,44357.5011372453,631,0.3648024270329806,146810.80646625935,30,23.31110945819086,25587.41639043689,3,3,1,1,Master,0.3021405726521891,407.80779573960933,0.11032392320148676,0
74,Male,Asian,37382.72978633182,351,0.2935788530667177,275690.7721993194,20,21.77465672037499,26921.945283637524,3,2,1,0,Bachelor,0.13559659428609672,1148.7115508304973,0.36874082467369684,0
35,Female,White,32711.393726529244,695,0.4503108650798472,89615.95739828852,30,1.1733746418320512,9414.305344686065,4,3,0,1,Bachelor,0.36501751112412895,248.9332149952459,0.09131981978255804,0
64,Female,Hispanic,63855.51539416476,617,0.3917900931168443,142561.9490881314,10,3.9889814407227986,23750.13138157649,1,2,0,1,Bachelor,0.44791415803868856,1188.016242401095,0.2232570643399098,0
58,Female,White,45905.855329554244,576,0.14089955691372488,322572.3201905533,30,28.086494946592456,18781.58250271014,3,1,0,1,Bachelor,0.14231182422111188,896.034222751537,0.23422743342494762,1
66,Male,Black,42270.1021935442,493,0.42154677910949867,202527.70131484696,15,2.4438416518767236,22848.344915797705,2,0,0,0,PhD,0.20871269420982388,1125.1538961935942,0.31941836081922775,0
31,Female,Asian,33726.70849724895,320,0.4436192071689008,94318.58191846094,15,2.356377509193499,38803.51544930162,5,3,0,0,Bachelor,0.3575828623717638,523.9921217692274,0.1864369735855969,0
32,Male,White,34606.67181977223,698,0.28535109030734973,207872.82170362014,15,25.069378132736105,26637.95256214483,3,3,0,1,Bachelor,0.16648002146771046,1154.8490094645563,0.4004484506844983,0
48,Male,White,56401.16382986489,501,0.5378928904798522,240165.37673404464,10,19.237972596686586,25504.355311101222,0,1,0,1,Bachelor,0.23484302607166666,2001.378139450372,0.4258163492131257,1
18,Male,Black,23691.23468225476,765,0.5215071774224813,41398.07441716851,30,10.549681675355387,6721.844977869248,2,1,0,0,High School,0.5722786630971799,114.9946511588014,0.05824668204984767,0
70,Female,Hispanic,69897.37387575877,450,0.18758326194986893,365428.42544652335,30,4.971314612148792,8834.765818257614,7,3,0,0,High School,0.19127514174725174,1015.078959573676,0.17426902957091794,0
71,Female,Black,39323.10712370163,458,0.5521331542429343,378940.3564306525,15,26.525112596784446,27223.31701533629,2,1,0,0,High School,0.10377123063401643,2105.2242023925137,0.6424388171880577,0
71,Female,White,47007.28111496415,609,0.32043618574753874,212000.07431149617,10,29.656132728855365,-3814.88670871624,6,3,0,0,Master,0.22173238036650572,1766.6672859291348,0.450994121087358,0
20,Female,White,23260.440837188915,803,0.4618748263171467,179991.83403912396,15,1.4991518532848747,14654.13191716971,1,0,1,0,Bachelor,0.12923053404818857,999.9546335506886,0.5158739546940775,1
33,Male,Asian,49752.68123515271,325,0.507048503483618,202294.40880134582,15,16.623401462706052,8551.205184959623,4,0,0,0,Bachelor,0.24594194931017646,1123.8578266741436,0.2710666759113476,0
40,Male,Asian,43433.5811461888,365,0.352556210534845,289305.09851373575,10,7.839107547174452,17866.91020085852,6,2,0,1,PhD,0.150130714492495,2410.875820947798,0.6660862191860079,1
74,Male,White,48998.38802287067,562,0.29955096968540784,245260.93496447697,15,24.971605006491124,16765.30437192558,0,3,0,0,High School,0.19978064598819,1362.5607498026498,0.33369932476145686,1
28,Male,Hispanic,79434.1779672378,771,0.5577256843075492,223922.82005724983,20,10.382192753244171,21958.68486684534,0,0,0,0,Master,0.35473909245573565,933.0117502385409,0.14094866075759327,1
29,Male,White,53553.9609158048,466,0.2154267764677116,338233.0080304381,10,21.438878675590196,26977.157905476637,7,0,0,0,Bachelor,0.15833451982600527,2818.608400253651,0.6315742145799323,1
27,Male,White,34106.816317083925,453,0.22848503885957225,313093.8792561851,15,16.18570264578831,34499.10383836936,1,4,1,1,Bachelor,0.10893479105408016,1739.4104403121394,0.6119869145714,0
49,Male,White,35773.601789068634,642,0.2808101570067185,104008.63149604472,30,16.245701447849108,35626.98621100504,3,0,0,1,Bachelor,0.343948394229464,288.9128652667909,0.09691376349643636,1
33,Male,White,61902.62371827537,712,0.5297328889852828,288739.5831922889,20,25.739982935412645,16443.208946911516,2,2,0,1,Master,0.21438911504229308,1203.081596634537,0.23322079570194773,1
25,Male,Black,75973.86581986849,483,0.569394132106538,315162.0606814165,30,14.112132777736926,11136.347695986722,4,0,0,1,Bachelor,0.24106285399836605,875.4501685594902,0.13827652324052905,0
55,Male,White,55638.360415021,493,0.21003385737743094,227825.96986290417,30,25.36798602433442,8183.515256111736,1,1,0,1,Master,0.24421430291068996,632.8499162858449,0.13649214209015206,1
29,Female,White,63774.25489109539,301,0.5319350738156227,259903.34172837148,20,10.902804841127264,15164.04757205895,5,4,1,0,High School,0.24537681765456765,1082.9305905348813,0.2037682307478131,0
41,Female,Hispanic,62194.7544667341,514,0.22910147973428466,169256.1918909825,10,5.243488273929151,5182.526831869694,7,3,0,0,Bachelor,0.36745925671536783,1410.4682657581875,0.27213901452334216,0
45,Female,Black,78381.28826715042,782,0.5853206233749441,79557.97674739662,15,13.664321329698453,27044.781186690576,4,2,0,0,Bachelor,0.9852096731421126,441.988759707759,0.06766749097585267,0
70,Male,Black,11008.196545479346,331,0.3987039459907912,388727.85622056853,30,14.950673441310666,35351.96089374598,6,0,0,0,Bachelor,0.02831851736201064,1079.7996006126903,1.1770861061409266,1
25,Male,Asian,63344.378786090565,314,0.1035432337236912,66053.80210822335,30,14.351495929133744,-2869.3186917968087,4,3,0,0,PhD,0.9589815690292343,183.48278363395374,0.03475909695227644,1
75,Female,White,69674.72087807127,617,0.11706495203558895,368125.87597831746,30,24.249912356378466,20142.279168455298,5,0,1,1,PhD,0.18926874046250172,1022.5718777175485,0.17611642182369464,0
45,Male,Black,23225.52587728853,542,0.17374226540235424,193475.09439988382,10,16.940368243802915,43339.30361084081,8,4,1,1,Bachelor,0.12004400850315584,1612.292453332365,0.8330278307673397,1
53,Male,Hispanic,32286.63631987168,316,0.19378657890937837,324743.96287007094,30,26.653322152764087,-2224.120658535998,9,3,0,0,Bachelor,0.099421821531412,902.0665635279748,0.3352718027078369,1
43,Male,Black,32984.34502743693,833,0.48380956141329834,202291.5988438131,30,15.425564847478263,42158.49968988981,0,1,1,1,Master,0.16305345954037245,561.9211078994808,0.20443192942545277,1
25,Male,White,35424.19607245233,380,0.21138293820847495,293741.0779540167,30,6.741452486460128,7102.931620851074,9,1,0,0,Master,0.1205966707795556,815.9474387611574,0.2764034290321738,0
75,Male,White,40365.65898128948,735,0.5845708100249299,244885.4453908311,20,3.884875207882579,10892.248776096341,8,3,0,1,Bachelor,0.1648348635700537,1020.3560224617962,0.30333388772909886,0
77,Male,Hispanic,54852.05626109883,307,0.4180560286014692,133062.3391783734,20,26.05088462833863,29263.4644662636,2,1,0,0,Bachelor,0.4122282578210824,554.4264132432224,0.12129202462801876,1
67,Female,White,67313.4930233474,586,0.4462587546267589,213411.9588113646,30,1.6851839670663515,27613.67230652806,9,2,1,0,Master,0.3154157498870341,592.810996698235,0.1056806242087519,0
45,Male,Hispanic,71626.33915537073,485,0.20890825964260376,185706.95916100786,10,3.528288357592868,18418.89666301997,2,4,0,0,Bachelor,0.3856955037063028,1547.5579930083989,0.2592718842689632,0
45,Male,Black,33243.53877664436,823,0.5463531570475424,264298.0457334991,10,1.9097555675292321,8548.463473600947,3,2,0,1,Bachelor,0.12578049407964587,2202.483714445826,0.7950358339082265,1
54,Female,Black,33105.94002594035,721,0.4339072864099657,214154.12208402288,15,12.712025915454607,1341.2589102494458,7,3,0,0,High School,0.15458931961604414,1189.745122689016,0.43125014607896384,1
58,Male,Hispanic,76316.43680032446,765,0.5322028121709319,228615.6883899546,20,15.978468491807803,18850.35228546603,0,2,1,0,Bachelor,0.33381977124050166,952.5653682914775,0.14978142191577176,1
53,Male,Black,62934.87870837289,382,0.5782405486156135,97412.84784010489,10,0.596241930678022,16815.52088831624,3,4,0,1,Bachelor,0.6460634310956115,811.7737320008741,0.1547835633266185,1
44,Female,White,51657.29683737992,782,0.16282048855479822,72186.81200544057,30,15.467585006748129,8115.932134932829,6,4,0,1,Bachelor,0.7156057374231545,200.51892223733492,0.046580584238136914,1
71,Male,Black,59466.733511099344,624,0.14829361513447284,207062.78286983413,20,11.812784138718781,16166.925719962113,2,3,0,0,Bachelor,0.2871918008968416,862.7615952909756,0.17409967778975644,0
34,Male,Hispanic,49403.924362971185,718,0.5017039132948179,218155.21110438526,10,23.209355473676943,23763.384190554207,6,2,0,0,Master,0.22646227020142948,1817.960092536544,0.4415746601456121,0
26,Male,White,60491.693660952296,350,0.5330630295470852,94843.27128514928,15,24.898698652386695,36048.02612810218,4,4,0,1,High School,0.6378069086111772,526.9070626952738,0.10452484249791705,0
50,Male,White,43278.66606988519,326,0.39188071043899286,257155.65710387612,30,20.54902309158616,22925.942082329482,9,3,0,0,High School,0.16829754615276885,714.3212697329892,0.19806190937017967,1
70,Male,White,55376.098688784616,844,0.2830002738752603,261504.46019760257,20,14.204866059498718,17365.77342303509,8,4,0,1,Master,0.21175967188835082,1089.6019174900107,0.23611672399248065,1
37,Female,Asian,19789.078992610073,361,0.42631481803761184,215613.35341936254,15,6.484457851259644,7648.3703388959475,7,0,0,1,Bachelor,0.09178039615255561,1197.851963440903,0.7263715287941732,0
30,Male,White,36244.31410349138,470,0.25283203629622863,201573.85797323185,15,25.413446019076805,8832.995156621528,2,0,1,0,Bachelor,0.1798066201040041,1119.8547665179547,0.37076869932878553,1
45,Male,Black,36459.77646419313,585,0.2191928460767341,73250.30840904938,20,10.250074201332506,23246.68018979619,3,4,1,1,PhD,0.49774229291420796,305.2096183710391,0.10045358956189428,0
65,Male,White,42512.19933586172,416,0.34407260476363277,71573.65900478263,10,10.688756615848476,24061.23464288311,6,3,0,1,Bachelor,0.5939643149027913,596.4471583731886,0.1683602827492525,0
46,Male,White,31469.73490440504,303,0.20807691380318985,239470.8947603096,30,27.480346415611344,16666.25912636111,1,0,0,1,High School,0.1314136105596616,665.1969298897488,0.25365206230445997,1
30,Female,Black,39329.12748353837,365,0.3418518041575864,117197.87001936245,15,29.26791766793739,33576.150973056625,9,4,0,0,Bachelor,0.3355788588738066,651.099277885347,0.1986617002346279,0
63,Male,White,19711.71875203759,359,0.578303252731786,124223.68995771243,15,26.943928691535124,20882.554371801674,5,1,0,1,Bachelor,0.1586792242184059,690.1316108761802,0.4201348159788501,0
52,Male,Black,60974.00952789801,801,0.5198920178086952,227878.7138224366,20,29.947041706832433,12704.171052649244,8,2,0,1,Master,0.2675722032353098,949.4946409268192,0.18686544938312868,1
78,Male,Hispanic,48349.72962177211,528,0.5708154597500111,403765.24975723017,20,26.06726531704432,10174.371121203716,8,4,1,0,High School,0.11974712942939765,1682.3552073217922,0.41754654360612264,1
23,Male,Hispanic,15895.847844479664,399,0.5031644874236793,160255.8905382386,20,21.130725528602454,9167.829848133219,5,0,0,1,Bachelor,0.09919041222816556,667.7328772426608,0.5040809779576889,1
35,Male,White,33303.40178906654,418,0.2773754679731384,405067.86733272986,15,8.814581987144186,27200.404991059055,5,4,1,0,High School,0.08221684432379461,2250.377040737388,0.8108638468792759,0
68,Female,Hispanic,56732.02855124334,368,0.5060226192757795,192374.370368407,10,28.588711466996287,10679.859419536037,5,3,0,0,Master,0.29490429750386465,1603.1197530700583,0.3390930578035728,1
22,Male,Black,39139.56107228421,520,0.561457871776607,256385.3205060994,10,26.29880494841261,21613.51560960236,9,0,0,1,Master,0.15265913428671934,2136.5443375508285,0.6550541536033035,1
64,Male,Hispanic,36061.17079723807,522,0.5735178939185273,295971.6177831136,30,7.222403772469597,7272.651075118354,5,3,1,0,Bachelor,0.12183996245093845,822.1433827308712,0.2735829251979271,0
42,Male,White,48508.14645983847,803,0.44159892534249856,303251.7473200781,20,14.674874197254809,17494.60411091028,2,3,0,0,Bachelor,0.15995998997044122,1263.548947166992,0.3125781641349154,1
19,Female,Black,56871.950703564326,510,0.2056833219075566,233906.47084520556,30,2.1016698187665037,19181.911510588943,3,3,0,0,Master,0.24313970664454598,649.7401967922377,0.13709539175378066,0
27,Male,Asian,21272.950859216788,561,0.11986457668234543,177031.42817992897,15,28.59926589801651,55462.12202401367,5,4,0,0,High School,0.12016482653913661,983.5079343329387,0.554793516428486,1
73,Female,Hispanic,61002.56962435759,817,0.1736001140800779,282806.69845835463,15,17.18304983164368,393.47148175492475,9,0,0,0,Bachelor,0.2157041185972498,1571.148324768637,0.3090653395967038,0
47,Female,White,33994.134367852464,547,0.5827734589469727,242400.74284003148,15,7.356016377844963,32129.969004100825,0,3,1,0,PhD,0.14023939848355313,1346.6707935557304,0.4753775856681611,0
67,Female,White,49641.44063500402,556,0.3310484120963847,156413.421398596,30,8.771979408716271,8471.519325471692,0,1,0,1,Bachelor,0.3173732803178079,434.4817261072111,0.10502879542964155,1
76,Male,White,49291.59718616981,362,0.5274930074160288,340908.78335499094,20,29.41969117889579,40246.11068039242,6,2,0,1,High School,0.1445888155214883,1420.453263979129,0.345808213585989,1
62,Male,White,39458.67763520452,691,0.3325220767791456,245739.86378362094,30,18.46842875412593,9529.587092626221,0,4,1,0,High School,0.16057092661998343,682.6107327322804,0.20759258251166451,1
22,Female,White,29526.80507738571,839,0.43040879172991975,125081.01385611059,30,12.620493723192112,35543.55421813241,4,1,0,1,Bachelor,0.23606144663451845,347.44726071141827,0.14120617241214142,1
72,Female,White,44286.26903815473,716,0.11207038856116683,113384.16334739284,15,14.995363853566143,23326.134227208804,9,0,0,0,High School,0.39058601951727545,629.9120185966269,0.17068369919911594,1
73,Female,Hispanic,82506.6061815039,352,0.2249324713596834,395891.6624082344,15,2.956502171320301,29.422646053153585,7,2,1,0,Bachelor,0.20840703155911625,2199.398124490191,0.3198868395558725,0
50,Male,White,22766.499390727382,337,0.31813464002129466,150738.49663941795,10,2.2506828021862804,22980.904035651005,5,3,0,1,Bachelor,0.15103307979239836,1256.1541386618162,0.6621066069595775,0
71,Male,Black,83846.2603820975,607,0.41531552357708157,275294.5052530304,20,17.781232299011545,27733.834903087863,2,1,0,0,Master,0.30456932042661805,1147.0604385542933,0.16416623949504736,1
18,Male,White,44805.57657846935,352,0.18576059402658926,237685.3884915812,20,15.360121093209493,28814.68663779716,1,1,1,0,Bachelor,0.18850791318228785,990.3557853815884,0.2652408546459788,1
35,Female,White,50707.428341772786,751,0.482275732135245,271894.9577009356,20,10.774595739103233,16445.96847400218,1,3,0,0,Bachelor,0.18649639099797952,1132.8956570872317,0.2681017028396099,0
49,Male,White,28265.783772305454,760,0.2822023530681187,391181.3589893349,30,16.983418575340934,58919.43369077401,3,3,1,1,High School,0.07225749162826567,1086.6148860814858,0.46131318126595483,1
64,Male,White,34574.61166645038,785,0.5087176346169422,299731.6081183867,15,2.180278483115168,49191.29587226093,8,1,0,0,High School,0.11535190393665204,1665.1756006577039,0.577941623774828,1
66,Female,Hispanic,39941.80699923962,436,0.14898454519753365,283577.07238441426,15,28.31973514294639,25071.985975185817,8,0,1,0,High School,0.14084991661489085,1575.4281799134126,0.4733170474565873,0
28,Male,Hispanic,29086.100582441755,671,0.43987829384118593,180312.72548369464,10,8.811350633526656,258.0260516212511,0,4,0,1,High School,0.1613091949246364,1502.6060456974553,0.6199274631971226,1
38,Female,White,45821.64085258257,555,0.2466641666032551,133542.67861833423,30,2.1533637201599665,4995.69451884378,4,0,0,0,Bachelor,0.34312357163016843,370.9518850509284,0.09714673105950664,1
43,Male,White,41859.68216386458,694,0.497691587061309,441946.56822405447,20,5.085128177223122,15965.50217983037,8,0,0,0,Bachelor,0.09471661321429901,1841.4440342668936,0.5278904967481638,1
42,Male,White,87015.62284871467,336,0.3010852135212053,195816.38102857597,30,2.8642174344755054,18559.802741524985,3,4,0,0,Bachelor,0.4443735625775673,543.9343917460444,0.07501196322298057,1
39,Male,Hispanic,26680.51628639078,446,0.43267481613178327,189331.09483366055,15,5.358135130790437,7608.2050022353305,6,0,0,0,High School,0.14091988592698582,1051.8394157425587,0.4730820368475771,1
76,Female,Hispanic,52053.81033497174,307,0.5671526343182367,228879.28551866938,10,12.502621644798356,11843.998222646725,5,2,1,0,High School,0.2274291018386012,1907.3273793222447,0.4396974669977224,0
44,Male,Black,54956.9256380365,550,0.11031331600688218,219145.5111124829,30,22.141526818065625,-9832.773998860204,3,3,1,1,Master,0.25077824026168727,608.7375308680081,0.1329195599209484,0
66,Male,Black,28593.58902696325,746,0.10555839116718682,359277.6214371392,15,8.170450423651193,-12419.49717820909,9,1,1,0,Bachelor,0.07958633469178127,1995.9867857618847,0.8376647438891442,0
30,Female,Hispanic,63736.54990905677,562,0.4851396260883567,253960.68350309916,30,13.077798658249316,20206.37937888253,6,4,1,0,High School,0.250970146362356,705.4463430641644,0.1328179220376513,1
50,Male,White,42033.45974236744,738,0.4231965257540391,69007.56800339028,15,27.862718636647088,43885.85437581401,6,0,1,1,Master,0.6091137676421574,383.37537779661267,0.1094486288246764,1
51,Male,White,152.20696833865804,558,0.24648986025221634,134036.19454800838,30,8.874652179779263,-3266.3918095955123,1,1,1,0,Bachelor,0.0011355661718980045,372.3227626333566,29.353933005612028,1
58,Male,Asian,63196.9922420913,622,0.3471983513871312,201070.9409439418,20,23.841592597941293,16799.39476741545,6,2,1,0,High School,0.31430196698443114,837.7955872664241,0.15908268242710913,1
52,Male,Hispanic,27661.182317952724,829,0.12096783279943438,302564.1096646287,30,4.734506174470993,19722.637264499357,8,0,0,1,High School,0.09142254958333698,840.4558601795242,0.3646073478069878,1
18,Female,Black,29044.501077218018,600,0.1962228026806204,47957.01478558808,30,5.349652387717429,25591.260395913167,5,0,1,1,Bachelor,0.6056361349236108,133.2139299599669,0.05503854775365689,1
38,Male,Black,63758.04165784796,784,0.3122481872635837,249388.2695709493,20,13.68458620428797,12344.370117844555,5,0,1,0,Bachelor,0.2556577411100293,1039.1177898789554,0.19557397238553056,1
65,Male,White,43056.77035163101,391,0.5170222081107412,273131.2782395639,30,7.02306751399159,3497.3898236737296,5,2,0,1,Master,0.15764130212090113,758.6979951098998,0.2114505074803856,0
72,Male,Black,68355.44301103,463,0.33983359143004244,288236.6424242493,15,27.090842213827806,29686.65884795176,1,3,1,1,Bachelor,0.23715042763514813,1601.3146801347184,0.2811155237267048,1
23,Female,Black,74203.32190730638,634,0.3931812522629894,191991.17565631442,15,1.5225687337043337,-9311.74906646854,5,1,0,1,Bachelor,0.38649339821814827,1066.61764253508,0.17249108774954552,0
45,Male,White,37101.43079355404,614,0.5368768959968903,304923.98719584197,15,17.91817698431519,25726.840837525262,5,0,0,1,Bachelor,0.12167435935345125,1694.022151088011,0.5479105624300598,1
34,Male,Hispanic,65865.2499191006,537,0.2544094567944226,118498.7557154936,15,18.126881884485595,7941.211173010412,8,0,0,0,Bachelor,0.5558307302165941,658.3264206416311,0.11994059169900205,0
22,Male,Hispanic,34890.783972142366,382,0.450349660551028,294549.23287114763,15,1.9807778255834307,23657.706627316016,1,2,0,0,High School,0.11845484584034056,1636.3846270619313,0.5628023589387249,1
48,Male,White,94662.31834264353,408,0.5308336293391267,193835.40731978143,20,21.97692644612674,37407.64694215151,8,2,0,1,Bachelor,0.48836443068666835,807.6475304990893,0.10238255871685237,1
22,Male,White,36140.8599093757,477,0.20130785034808837,204288.55992244,20,14.06692633536588,9704.897214696295,4,1,0,0,Bachelor,0.1769108359425359,851.2023330101667,0.2826282501781913,1
55,Male,White,70521.74881920009,549,0.2782390825739163,203177.22259363168,30,21.692201204844256,14477.342597331002,8,1,1,0,PhD,0.3470947575666412,564.3811738711992,0.09603525436979102,0
20,Female,Black,66875.80051763152,390,0.5899050869446776,265012.16146301123,15,24.807749578052096,13691.09036051569,9,0,1,1,Bachelor,0.25234993046523124,1472.289785905618,0.2641834160356624,0
70,Male,White,56321.756442178674,638,0.5916092823981055,89519.37411530426,30,9.686980559720816,54177.11356158375,9,0,1,1,Bachelor,0.6291571740619429,248.6649280980674,0.05298093180457248,1
40,Female,Black,36589.13677166634,468,0.21161496514696895,288529.05154238414,15,14.53457648806463,18080.334297880516,1,0,0,0,Bachelor,0.12681266089522875,1602.9391752354675,0.5257098636369278,0
54,Female,Hispanic,46972.050161171814,438,0.13322291944631406,287086.20889295475,30,7.822823393040341,17392.14622270185,4,0,0,0,PhD,0.16361653296514214,797.4616913693187,0.20372839302514048,0
70,Male,White,6928.237741108962,816,0.23546080565502644,169851.67538124966,20,6.04540390567005,18702.67200086588,1,0,1,0,Bachelor,0.04078992877496095,707.7153140885403,1.2257927753649986,0
54,Male,Asian,54488.400767645006,483,0.2988659786518436,200246.76625720382,15,0.017842741279722185,40293.381896887004,4,2,0,0,Bachelor,0.27210627060842635,1112.4820347622435,0.24500231662284297,0
27,Male,Asian,56992.3066205677,469,0.3205028004655819,114055.42811646414,20,28.90894536239512,10430.533721253207,6,3,0,0,PhD,0.49968955938135434,475.2309504852673,0.10006212669702964,1
27,Female,White,52669.98838122743,661,0.40940315366521185,83962.47493884612,30,13.227854079889447,31899.96552520187,6,1,0,1,PhD,0.6273039047454174,233.22909705235034,0.05313745551585751,1
36,Male,White,-9466.123425851147,543,0.5497513800657732,219741.48418330014,20,0.3920931917662207,8614.974808312585,6,2,0,1,High School,-0.04307845403444559,915.5895174304172,-1.1606730352955548,0
34,Male,Asian,24687.27109820378,437,0.2651740059535812,220387.2527494613,20,0.268157327041445,7574.312564504009,4,4,1,1,Bachelor,0.11201769063416996,918.2802197894221,0.44635806823844626,1
38,Male,Asian,35038.18034302675,327,0.5249922677496043,166293.72171259695,20,8.650577056535852,25562.328577669112,6,4,1,0,PhD,0.21070056032291304,692.8905071358206,0.23730359294427872,0
31,Female,White,55833.17866378092,818,0.14673946046331346,75022.09542567584,10,0.4181303613035525,38213.41601642201,5,4,0,0,Bachelor,0.7442231298257281,625.1841285472987,0.13436830433289085,1
26,Female,White,55786.77811285969,697,0.12093734948660737,245705.7396707147,30,11.23543852975645,14250.070235552794,6,1,0,1,Bachelor,0.22704711004156014,682.515943529763,0.14681240966789574,1
63,Male,White,46595.52416057642,632,0.35202259156173066,163869.58522984572,30,1.8881550431684357,14144.420401395102,4,0,0,1,High School,0.28434516445026026,455.193292305127,0.11722841637830718,1
18,Female,Asian,62704.91073207914,616,0.12983111166530245,125065.85495483955,15,1.1775477345092922,29528.476686181864,1,4,0,1,Bachelor,0.5013751415581932,694.8103053046642,0.1329676346926124,1
68,Male,White,29475.152493942,725,0.29624490061711506,327593.19858607254,15,20.0814418222365,19840.253718821827,8,4,0,0,Bachelor,0.08997486095914056,1819.9622143670697,0.7409477042364242,0
62,Male,Black,62204.700113879924,435,0.5483890584346172,102484.52509638612,15,27.20523868328654,30200.015235619314,1,3,0,1,High School,0.6069667596681231,569.3584727577006,0.10983577865634457,1
30,Female,Hispanic,59494.842096797816,566,0.22074151810373668,256191.760947501,20,12.28159749906838,-4380.472510319672,2,2,1,1,High School,0.23222777296491415,1067.4656706145875,0.21530585838910057,1
21,Male,White,57551.094656758214,406,0.45298788756245156,50046.16510264922,30,25.10311290827798,4409.892646361213,8,1,1,0,High School,1.1499601325838995,139.01712528513673,0.028986512131020666,1
79,Male,Black,46359.19137828689,437,0.2511826961950334,56378.41964281065,20,0.8779638340724139,19075.59992201837,1,1,1,1,High School,0.8222861100399537,234.91008184504437,0.0608060860927963,0
18,Male,White,86614.87649662523,346,0.12246002762106781,248267.84080959356,30,23.330701679105474,26777.332362991918,7,3,1,1,High School,0.3488767462357463,689.6328911377599,0.0955447265918062,1
66,Female,Hispanic,59863.913769797575,667,0.37834529070515466,166386.32607505855,20,1.8839997696867272,18052.07687688858,2,4,0,1,Master,0.35978866281831573,693.2763586460773,0.13897047118810618,1
57,Female,White,30633.28273492882,305,0.5174267452683758,83115.22079917722,15,25.15318269592055,21197.663203351814,5,3,0,0,High School,0.3685640540972018,461.75122666209563,0.18088217210972127,1
49,Female,Black,54966.10951471968,822,0.3047342241713097,294993.5418090515,20,26.47099034616192,29098.320995423404,8,0,0,0,Bachelor,0.18632987413093638,1229.1397575377146,0.2683412964947551,1
51,Female,Black,65049.66754148437,828,0.40864691322904356,237131.4917153827,10,23.57921527146943,1299.7158602409472,9,4,1,1,High School,0.27431897413086026,1976.0957642948558,0.3645391293724229,0
45,Male,White,38237.82802151381,571,0.550011798828863,-12788.819467699155,15,24.622470732338673,29095.584173534728,9,1,1,0,Bachelor,-2.9899419659563935,-71.04899704277308,-0.022296976806150812,0
48,Male,White,71785.44493862198,365,0.4948472563684939,295940.1545674894,10,16.84453698996957,35759.241335133345,2,2,0,1,Bachelor,0.24256743747240034,2466.1679547290782,0.41225648851313,1
25,Male,White,57640.674114320216,719,0.19693819969640966,93611.54364986444,10,7.946548277479558,14857.376568357075,8,3,0,1,Bachelor,0.6157432285265353,780.0961970822037,0.162405358868986,1
56,Male,White,3150.4332466930573,638,0.46669197968250287,29210.64650613084,15,19.296930079829,7082.98635280983,6,3,0,1,Master,0.10785222593521963,162.28136947850467,0.6181297241533925,0
43,Male,Hispanic,55993.43954675853,797,0.35094651258007603,117943.9057097196,10,13.186249472290841,33331.6783742579,4,1,0,0,High School,0.4747463568365125,982.8658809143301,0.21063879387375017,1
75,Female,Hispanic,41879.41691174569,768,0.4729834039430424,195819.775224837,10,0.16009682757137988,45792.86171195844,7,4,0,0,Bachelor,0.213867148318705,1631.8314602069752,0.4675799943382605,1
51,Male,White,60743.59629083472,630,0.3472577752611091,207737.63276194705,30,14.30477119304505,22216.76815117783,5,4,1,0,Master,0.29240535517434474,577.0489798942974,0.11399700020356521,1
71,Male,Black,68884.29680503628,430,0.16397908205415143,36513.476344505296,20,19.535637736516367,6756.389192865483,6,4,0,0,Master,1.886544467996192,152.13948476877206,0.026503483404824217,1
71,Male,Black,53903.24094283636,829,0.38495472334461955,58689.83582674322,10,0.41650979073962313,19912.315993892367,2,2,1,0,PhD,0.9184425238803318,489.08196522286016,0.10887997604630671,1
20,Male,Hispanic,83305.0446788939,737,0.34606699619867,123909.42199801735,20,18.64081008324473,7493.786491508143,9,2,0,0,High School,0.6723059742803646,516.2892583250723,0.07437089943090262,1
76,Female,White,46425.86230873009,542,0.3589608668207209,130298.24357637051,10,19.57595718650569,30741.49979170307,5,4,0,0,Master,0.3563045904108364,1085.8186964697543,0.2806587472945414,0
67,Male,White,62496.35646107751,762,0.5394512268229351,276179.88339525776,15,4.743227347166902,19240.817076938478,2,2,0,0,Bachelor,0.22628859022159548,1534.3326855292098,0.29460905033427726,1
29,Male,White,66098.85147274694,649,0.5474185233531257,158667.84145514053,15,12.932225554695286,6080.56030398324,6,3,1,0,High School,0.4165863155794855,881.4880080841141,0.16003086076874873,1
18,Female,Black,48053.080622145346,316,0.32676855338285915,274262.99939141225,30,28.929978026673975,22991.396655819935,9,4,0,0,Bachelor,0.17520803290554982,761.8416649761451,0.19025002895445142,0
71,Male,White,65575.48615955564,765,0.3278660206400442,309582.48359841737,15,26.525676833993476,10169.368561949417,5,2,1,0,Master,0.21181911003924409,1719.9026866578743,0.3147339569801574,1
61,Male,White,38106.54025675663,662,0.35759347943630804,255567.05028575117,30,12.324642685747582,274.1074485190511,9,3,0,1,High School,0.14910584214259803,709.9084730159755,0.22355484435985315,0
22,Male,White,41548.63161957563,509,0.3597946391671285,-107410.99936155957,15,10.495388040724666,31389.160354971667,7,3,1,0,Bachelor,-0.38681915135820927,-596.7277742308866,-0.17234582732676232,0
47,Male,Hispanic,23750.226193273753,824,0.5751935720895563,169598.31047340104,20,3.7224204293056795,24479.46774273952,7,2,0,0,High School,0.1400381060812432,706.6596269725044,0.35704567420379474,1
47,Female,White,54828.18232740094,719,0.42470023368874676,183369.42170916763,10,1.0556725362047936,12962.747342922707,5,4,0,0,Master,0.2990039550561542,1528.0785142430636,0.3344437366429471,0
76,Female,White,56505.03351708688,432,0.23872849744397198,194557.62241141743,10,8.923883323262361,39081.09714267493,1,4,0,0,Bachelor,0.2904282690996276,1621.3135200951451,0.34431909920482395,1
74,Male,White,73585.26317158458,313,0.36576839847699494,-8217.9077728345,30,28.208500412467153,8798.942356746818,9,2,0,0,High School,-8.954257604938261,-22.827521591206946,-0.0037226238962513253,1
34,Female,White,65822.80008711768,343,0.4136117914539914,123591.44657362998,15,28.75840354001002,13479.7672192073,9,2,0,1,High School,0.532583782389047,686.6191476312777,0.12517592324650875,1
65,Male,Black,44304.08886705134,676,0.4198858605069823,63775.57894749628,20,24.375580217288288,25625.7275237079,5,0,0,1,Master,0.6946873646341182,265.73157894790114,0.07197482284183228,1
64,Male,White,26436.40625331446,594,0.3926271131190914,107343.73980185237,20,10.524744405595785,33143.97581214841,0,3,1,0,High School,0.24627804380687568,447.2655825077182,0.2030225643631009,0
40,Male,White,58657.00805039948,695,0.18886807731076868,174131.1047945094,15,4.308792986463335,25864.547640977624,5,4,1,1,High School,0.3368554292446494,967.3950266361633,0.1979088382697504,1
32,Male,Black,72215.06344829284,403,0.11679659453975375,125844.73960385194,10,17.86600426817038,11540.645194516763,5,1,0,1,Bachelor,0.5738425275114355,1048.7061633654328,0.17426383581862917,0
54,Male,White,65103.699476078866,744,0.26892152618342724,114698.74366641746,15,19.395150216185442,16439.728490037825,5,3,1,0,High School,0.5676060381744227,637.2152425912082,0.11745235635809133,0
38,Female,White,71689.55049714576,361,0.3137610772801268,180203.0558178723,10,12.737207077368122,10320.43397650747,8,4,1,0,High School,0.3978264972909282,1501.6921318156024,0.2513658609493539,1
31,Female,Hispanic,45762.20937603515,711,0.1309021197880433,150779.2209031955,15,20.74940386675921,15015.09392509452,3,0,1,0,Master,0.3035047475501666,837.6623383510861,0.21965609172438816,1
19,Male,White,40667.62063648709,620,0.507483669009923,219968.99086534532,10,22.40045656955206,16150.73997405783,6,3,0,1,High School,0.18487887986621668,1833.0749238778776,0.540894666131484,1
28,Male,White,35261.97295536402,430,0.27203871875513685,158014.38088856326,30,23.4918499072434,26244.279856592904,2,3,0,0,High School,0.22315673267885586,438.9288358015646,0.14937184701168407,1
68,Male,White,48882.07066772809,498,0.5568163730892524,43239.09879482555,20,15.068943340725218,9649.786513720408,7,4,0,0,Master,1.1305062323264203,180.16291164510645,0.04422797377870898,0
56,Male,White,48428.184080623614,335,0.1772050539211326,96891.76811891518,15,23.749223326792002,34322.231271416975,1,1,0,1,PhD,0.4998173221608233,538.2876006606399,0.133382065228255,1
55,Male,Black,54133.552570782325,515,0.12846747846865672,167194.93272770612,10,0.7642927880837036,19625.352162124473,1,2,0,1,Master,0.3237750791104674,1393.2911060642177,0.30885638349541233,0
77,Male,Black,47414.05085928984,605,0.34115805219316087,155202.4532230416,10,20.412131002166088,7191.386887532206,4,1,0,0,Bachelor,0.3054980760590882,1293.35377685868,0.3273343036722052,1
51,Female,Hispanic,47327.445405464576,311,0.19456466841285333,58651.773020552035,10,7.069018711514396,25829.065696304562,0,0,0,0,Bachelor,0.8069226720372233,488.76477517126693,0.1239276122302175,1
55,Male,White,34466.11894055712,382,0.5686996377889306,267658.04201387404,30,8.115608750629598,18198.013891417,0,3,0,1,PhD,0.12876922614105715,743.4945611496502,0.2588610208530658,0
67,Male,White,68832.38027102982,331,0.10515169922686948,231222.34548636567,10,2.7390511982019694,13098.78935438961,2,4,0,1,Master,0.29768913608347,1926.8528790530472,0.33592089155702576,0
51,Male,Hispanic,51530.36124487423,707,0.30630983752951746,139920.74687568,20,5.771767907795379,41247.725855111414,5,3,0,0,Bachelor,0.3682824913067332,583.003111982,0.13576534638557192,0
35,Male,Asian,46511.12131429436,385,0.5633738856725842,183630.92368909201,30,29.760246990060086,15310.238231598021,9,2,0,0,Master,0.25328588660286305,510.0858991363667,0.131603595369678,1
47,Male,White,35051.414935015906,710,0.29220910336488415,92812.64790266866,10,12.46170391690426,13188.807149600418,5,1,0,0,Bachelor,0.37765774091235754,773.4387325222389,0.26479001796286983,1
32,Female,White,23361.737792178283,555,0.14655464030023038,285306.7867099311,20,27.832961960660565,34410.511680516,7,1,0,1,PhD,0.08188286742694963,1188.7782779580461,0.6106283471888259,0
44,Male,White,76159.28385098687,540,0.2514474714308935,406893.0356421126,10,4.886985845783942,27558.032184241525,6,0,0,0,Master,0.18717273872923604,3390.775297017605,0.534265837423365,1
68,Female,White,61092.774162636146,751,0.34900519691721676,135541.3062833026,20,6.121765262955586,31316.366723543782,0,4,1,0,Bachelor,0.45073177939529857,564.7554428470942,0.11093071819138194,1
51,Male,White,17521.643148600655,300,0.19257584367166655,322393.2348866126,20,16.734400614452138,11553.790320726464,0,2,0,0,PhD,0.05434866880740567,1343.305145360886,0.9199857346494361,0
69,Male,White,65262.84601419314,581,0.333280852571631,113920.7796247972,10,10.485976226372474,23298.77907691355,3,2,0,1,Bachelor,0.572879208070196,949.3398302066433,0.17455686747099888,1
74,Male,Hispanic,68449.62340466218,813,0.5181715978929188,146803.85426057616,20,19.317456257243883,-795.7624306056241,0,4,1,1,Master,0.466265846693401,611.682726085734,0.10723496124492715,1
55,Female,Black,52487.52244601859,418,0.5363089850983065,343369.02318374545,15,12.66139727161291,-8806.704893777598,0,0,0,0,High School,0.15286038897554016,1907.6056843541414,0.436127809915061,1
50,Male,White,81962.21791503517,804,0.12463036735536606,188016.09631139564,10,24.34791712396386,11136.253519395732,9,2,0,1,Master,0.4359319203143537,1566.8008025949637,0.22939361707646752,0
41,Female,White,54334.39284245766,379,0.18045167902628675,268698.3686736405,15,12.946772135132512,20707.5455056526,0,0,0,1,High School,0.20221333352586113,1492.7687148535583,0.3296848209969332,1
32,Male,Hispanic,21663.529441016202,518,0.2376450678834021,173053.90912004982,20,17.170475473147917,56003.03426569151,2,4,0,0,PhD,0.12518370461072867,721.0579546668743,0.39941300791089407,0
77,Female,White,57303.38002096642,816,0.39743292544380093,19726.436998185352,30,9.632196000711863,38746.58492527508,9,4,0,0,High School,2.9049026961248905,54.795658328292646,0.011474853659573401,1
47,Male,Black,54897.946034254586,765,0.28049737939623354,433741.1803077031,30,21.12122962315962,3597.502341141546,1,4,0,1,Bachelor,0.12656844340975207,1204.836611965842,0.26336211803932963,0
72,Female,White,37934.0630244369,817,0.5220204567230378,178322.68537653485,20,19.642026268971424,33133.97365554569,9,2,0,0,High School,0.2127270736437024,743.0111890688952,0.23504295501072534,0
59,Male,Black,61471.1767375485,801,0.4583359341414688,215611.7544521175,15,11.910030983221732,-183.15808550005022,7,4,0,0,Master,0.2851012315805809,1197.8430802895416,0.23383507078195143,0
68,Female,White,16646.694676182764,357,0.1502280115567541,126747.22801878685,10,8.280963083717896,42995.54096192188,6,2,0,1,Bachelor,0.13133774155372724,1056.2269001565571,0.7613957634492466,0
34,Male,White,69811.33654885579,636,0.41227875125604563,278013.1623913508,30,18.42313124460897,12420.215648601708,9,0,1,1,PhD,0.2511080264990636,772.2587844204188,0.13274499345188248,1
22,Male,White,32437.565927890948,809,0.15650631267348922,270658.6308756466,15,28.294549476330232,11381.510731902446,7,3,0,0,Master,0.11984678198861615,1503.6590604202588,0.5562658050593224,1
46,Male,White,30301.077497659353,725,0.22751783481823004,44274.53273886113,30,3.979290720798047,35303.194912150466,3,0,0,0,Master,0.684390678415069,122.98481316350315,0.04870512469650755,1
21,Female,White,47723.504553850464,669,0.18893531676711403,217109.9587304875,30,23.973498550366813,11613.237741688097,8,2,1,1,High School,0.21981260018151774,603.0832186957986,0.15164432478305245,0
27,Male,Black,58659.45856087271,710,0.18653097460035248,287710.1002525958,20,16.28975318424272,46224.01478688739,4,1,0,0,High School,0.2038839043515417,1198.7920843858158,0.24523760303210967,1
73,Female,White,53278.48127186859,731,0.40819776238842964,320043.6866673032,10,15.766790855215774,11448.093328740979,6,1,0,1,Master,0.16647252700614423,2667.030722227527,0.6006997178357794,1
34,Male,White,35146.81668455244,495,0.38180246127708073,264644.8977237814,15,28.850524427279375,33312.20077894589,3,3,0,0,High School,0.1328074600600701,1470.2494317987855,0.501979833335512,1
27,Male,Black,39878.21417616223,676,0.18801407639386344,273433.746826572,15,18.176243927056703,21739.489896304025,0,4,0,0,Master,0.14584232794591875,1519.0763712587334,0.4571146635247622,0
34,Male,Black,27339.153052450758,664,0.5950864027092159,145990.62937466076,10,24.915534832455542,30181.972291887207,7,0,0,0,High School,0.18726649216840727,1216.588578122173,0.5339983615972835,1
77,Female,Asian,45506.4019674026,704,0.3109183661841469,77096.12980580344,15,15.434317466270898,4884.266615140497,8,0,0,0,Bachelor,0.5902553355405538,428.3118322544636,0.11294547063367681,1
37,Female,Black,71500.42429021819,791,0.14853466407746832,168912.61851230453,30,7.49560101765268,-7501.710117014951,8,2,0,0,PhD,0.4232983001504396,469.2017180897348,0.07874667420466067,0
41,Female,White,49914.741247122474,365,0.16028450847755757,74823.46133860767,10,20.83470814374329,5918.938952404043,9,3,1,0,Master,0.6671001361623362,623.5288444883972,0.1499025327371023,1
22,Male,Black,67188.28509518906,690,0.39194685686329733,126096.891399492,30,27.695307133320117,13941.66835657576,7,4,0,1,High School,0.5328306221469606,350.26914277636666,0.06255896704851852,1
51,Female,Asian,79108.02675452383,382,0.5895347016917364,124602.27046128827,30,25.236902868302266,17001.108335942117,0,3,0,0,Bachelor,0.6348843119925436,346.117417948023,0.05250300362394972,0
23,Female,Hispanic,38239.62961926066,780,0.3859755508095989,105929.5477719222,30,5.95090818720254,12739.11413141284,2,1,1,0,PhD,0.3609911533049752,294.248743810895,0.0923383662678637,0
70,Male,White,46268.534938892706,528,0.5745207383083186,253228.62544139332,10,9.506673571864507,-12048.60487198169,4,3,0,0,High School,0.18271447336668104,2110.238545344944,0.547302018047113,0
19,Female,White,93423.8572212499,524,0.3220664253790134,98727.27365871076,15,15.50642021921033,10419.13150629672,6,4,0,0,High School,0.9462821544551692,548.4848536595042,0.07045115069833545,0
30,Female,White,78886.8682395989,412,0.317920551826006,383558.0437856084,30,17.14809885708196,20593.306022744557,7,4,1,0,Bachelor,0.20567126545178935,1065.4390105155787,0.1620709303271481,0
79,Female,Black,16551.90948375295,484,0.3500036796579411,298915.00401425734,10,5.814423433755848,16349.725486434156,0,0,0,0,High School,0.055373297631334265,2490.9583667854777,1.8059245932178811,1
60,Female,Hispanic,57742.96632121813,811,0.4487127290777776,318949.37345501594,10,6.900370200454937,14384.733441495307,4,0,0,0,Bachelor,0.18104116554836908,2657.911445458466,0.5523605622903639,0
60,Male,Black,50011.199846793905,472,0.28380798322566636,131084.37438686486,20,22.764932071063093,13098.66238153553,2,4,0,0,Bachelor,0.381519155740085,546.1848932786036,0.1310550184642974,0
65,Male,White,66529.06221717525,822,0.5319430163394785,220029.65647972902,20,21.909522501448272,20846.301790188674,6,0,1,0,Master,0.30236406892406553,916.7902353322042,0.16536356379222028,1
28,Female,Hispanic,35100.4246502989,504,0.11464069238407312,95710.53063942847,20,25.17626443886673,4291.810545064225,5,0,0,0,PhD,0.36673524235836896,398.7938776642853,0.13633813777608164,0
68,Male,Hispanic,33207.83255918656,837,0.31988209751422114,221735.57941119708,15,27.987894218406932,16320.806312358709,0,0,0,0,Bachelor,0.1497632118732031,1231.864330062206,0.44514714817354445,0
64,Female,White,36478.58569412781,618,0.35549592498995897,23227.91353946147,15,9.24783356708075,13886.592681861053,1,4,0,1,Bachelor,1.5704632976248607,129.0439641081193,0.04245031817521116,1
74,Female,Black,38561.429076031345,458,0.40351611913154806,306229.68819112965,15,25.787848697117383,1267.1332911770805,4,0,0,1,Master,0.12592322221862332,1701.2760455062758,0.529423131747077,0
40,Female,White,66306.48333618029,577,0.23803595618293164,135510.4676161785,15,19.98035373828559,17277.585479555462,4,1,0,0,High School,0.48930894050183327,752.8359312009917,0.1362465737868873,1
72,Female,Hispanic,26375.976537022398,447,0.3137399854929177,230284.48392672307,30,28.733112716753983,-9792.028816345279,0,4,0,0,PhD,0.11453649020233286,639.6791220186752,0.29102806690207456,0
33,Male,Hispanic,37547.72200081362,382,0.3422688751070283,248847.41510318144,10,8.162224680702476,9816.041829986749,3,3,0,1,High School,0.150886526127848,2073.728459193179,0.6627497004952503,1
48,Male,Black,14219.752189971172,718,0.44345498934160665,144603.59546392984,10,8.090145049185768,25052.960783001923,8,2,0,1,High School,0.0983360900837225,1205.0299621994154,1.0169206434266491,0
28,Male,Black,70142.35646824745,837,0.48677209236790697,120173.9071134263,20,21.1288034607818,26178.581031622907,8,2,0,0,Bachelor,0.5836737620758514,500.72461297260963,0.0856642927072371,0
71,Male,Hispanic,75420.6019886228,848,0.4689136636718936,187979.22652042878,10,27.85232322114829,20197.800117903895,4,1,0,1,Bachelor,0.40121774828361906,1566.4935543369065,0.24924121733844745,1
33,Male,White,43458.53138272427,691,0.2707915261447926,280296.5683807511,15,24.73667474359304,23371.873102019294,6,4,0,0,Bachelor,0.15504482139678136,1557.2031576708396,0.4299831885133225,1
25,Male,White,44041.01270373554,432,0.5997252614959818,185301.4571378277,10,21.811186733800685,29297.87877791465,1,3,0,0,High School,0.23767224167577766,1544.1788094818976,0.42074749366994124,1
21,Female,Hispanic,59064.438045657946,541,0.5243326558935897,260295.77859633885,30,11.619275941721648,21569.55010118787,0,4,1,1,Bachelor,0.22691277731881246,723.0438294342746,0.1468993228464169,1
57,Female,White,79489.64014756511,750,0.23001168657248447,279409.1539166459,30,21.533020041059217,37648.009885287436,1,3,0,0,Master,0.2844918966802307,776.1365386573498,0.11716795354210054,0
21,Male,White,58172.21495127834,499,0.19755290283641377,180754.71182390803,20,24.032867292924433,-11823.13502672073,3,3,0,0,Bachelor,0.3218295908543173,753.1446325996168,0.1553617237845401,0
73,Male,Hispanic,36049.161150497705,416,0.25701062529169527,188732.34985985345,15,22.59857039371813,32371.952225706278,5,4,0,0,High School,0.19100679442218912,1048.5130547769636,0.34902772369087015,0
42,Female,Hispanic,17623.548560271192,518,0.3261724264998225,213880.73787387394,10,20.30432394858369,-12619.394773459135,2,0,0,1,High School,0.08239895156273422,1782.3394822822827,1.2136076746542734,1
20,Male,White,27697.474746730248,604,0.525399689159807,314240.46255826094,20,1.4139375507210894,10599.97165828683,1,2,1,1,Bachelor,0.08814101952766527,1309.3352606594206,0.5672727666181152,0
49,Male,White,51464.3890062493,542,0.4891811318972672,165671.84057040312,10,19.791447993444258,30956.88463479235,6,0,0,0,Master,0.31064053389555507,1380.598671420026,0.3219154910209575,1
20,Male,White,36893.44953598411,591,0.525623061752938,313775.0525828799,20,14.348839664487311,29301.75925864531,7,2,0,1,Bachelor,0.11757929520620237,1307.3960524286663,0.4252449371491255,1
44,Male,White,53899.35411981517,600,0.23597855745516425,225512.74519279727,20,28.847078146490567,5451.007379594472,8,0,0,0,Master,0.23900801736830918,939.6364383033219,0.2091980032743021,1
46,Male,White,38941.51967527532,687,0.39673061122591813,126338.90664924821,30,18.21569650131213,19279.9638771463,9,4,1,1,High School,0.3082306211766401,350.9414073590228,0.10814413313669684,1
49,Female,Hispanic,28837.07137411177,508,0.24162453113868723,195800.6148771399,30,18.24681768705898,11070.853650594418,7,4,0,1,Bachelor,0.1472777365495319,543.8905968809441,0.22632975026828162,1
67,Male,White,26459.367370938577,613,0.15451158035974658,87936.5964796306,30,29.821655621092496,32711.111252470997,1,3,1,0,Master,0.30089141984324524,244.26832355452947,0.1107819337311078,1
78,Male,White,81247.0901874646,325,0.4420988717373403,65399.27283866529,20,2.807633693427163,18839.941474753632,2,1,0,0,PhD,1.2423240605120272,272.49697016110537,0.040247147736470916,1
75,Male,White,67779.75498367286,378,0.1714987755977194,260684.92485540587,30,8.289488553010587,10277.267990564213,0,4,0,1,High School,0.26000642354469966,724.1247912650163,0.12820196085502766,0
68,Male,Asian,84610.35903655918,427,0.4338488808532357,279776.8921304772,30,19.682383169070768,25726.417173088026,0,2,0,1,High School,0.3024208267961607,777.15803369577,0.11022168574322708,1
36,Female,White,60799.01801510206,712,0.42398215245270454,196697.62536230814,15,9.45708768103124,28686.277683545217,5,3,1,0,Bachelor,0.3090988917792628,1092.7645853461563,0.21568070426559607,0
38,Female,White,41400.17182770322,436,0.5051242222120085,204768.13673861691,10,10.384504437873657,17072.369026021377,2,2,0,1,Bachelor,0.20218073225205854,1706.4011394884742,0.49460697310824886,0
22,Female,White,76466.81844979877,633,0.1697773022817822,142323.63326950883,10,26.779348193913258,29800.181486791138,3,0,0,1,Bachelor,0.5372742157656882,1186.030277245907,0.18612469585477226,1
35,Male,Black,49338.63997276464,847,0.49174007425440547,216987.94251344245,15,17.380617151193896,43424.16170776954,9,1,0,0,Master,0.22737963870830336,1205.4885695191247,0.29319541118715026,1
45,Female,Black,54416.83540580705,687,0.5996382629731185,398147.8770864456,15,3.0859674841246374,-11207.336726769041,7,4,1,0,PhD,0.13667493546371995,2211.932650480253,0.4877753659840811,0
59,Female,White,49143.51241848962,529,0.5255212242929511,300969.6720253503,30,9.325877571978655,38090.670077441246,4,0,0,0,High School,0.1632839351811844,836.0268667370841,0.20414337329845547,1
78,Female,White,-8938.08438568029,720,0.47590603816383314,192394.26710731335,30,2.2817512949825414,41480.923742765204,5,3,1,1,Bachelor,-0.04645712432114633,534.4285197425371,-0.7175074613509965,0
39,Male,White,82094.70024589707,423,0.43108267734735384,183681.064523908,10,16.683898003414356,26737.010893592404,8,2,0,0,High School,0.44694155305927896,1530.6755376992332,0.22374290176312325,1
38,Male,Black,59820.07891915507,387,0.31089074234271474,162360.89952284988,15,5.1980458912796905,15312.299015951017,1,1,0,0,Master,0.3684389474002408,902.004997349166,0.1809435922479869,0
23,Male,Black,56596.461217370204,440,0.46525008394580114,58893.26441595703,15,25.713454500753187,-3380.066051134483,2,4,0,0,High School,0.9610005792451112,327.1848023108724,0.0693721399408884,0
18,Female,White,48764.47875458879,350,0.4620890175702266,151708.71527716084,30,17.319420793694995,20636.94330796297,4,2,0,0,PhD,0.32143491997476625,421.4130979921134,0.10370165548892483,0
22,Male,White,53268.55640772262,704,0.41574914134364416,267423.17925034586,10,1.7812692579328404,13961.713858606601,1,4,0,1,Bachelor,0.19919199434038487,2228.5264937528823,0.5020282081674287,1
58,Male,White,38054.42128307505,636,0.4981391891489142,106798.17365249737,20,9.026269908729569,-866.0633108967704,7,4,1,0,Bachelor,0.35632089933389216,444.99239021873905,0.1403229507263543,0
29,Female,White,62331.587046145425,665,0.3243819442134174,171994.26788155345,15,18.490130017083803,10149.723525804746,1,2,0,1,Bachelor,0.3624050255504506,955.5237104530747,0.1839562422331419,0
43,Female,Black,23858.03311201735,557,0.16062635606619532,88181.8857787143,10,10.064949545814848,19401.870351202168,3,4,0,0,Bachelor,0.27055480727512743,734.8490481559526,0.3696108785023728,1
63,Female,White,53721.368649410935,687,0.37953386380461873,278544.4630055175,10,15.395300057818671,24041.34524534976,2,3,0,1,High School,0.19286460793279817,2321.2038583793124,0.518498448584429,0
51,Male,White,61231.46941142209,344,0.23252176435567132,72676.8371861801,10,27.28086884048207,4629.997721121143,3,1,0,0,Bachelor,0.8425169804041168,605.6403098848342,0.11869196980698785,0
66,Female,White,46026.61732354194,568,0.29221654871457514,259267.79072618362,15,10.50107911518835,-15701.399279370635,3,0,0,0,Master,0.1775253964043351,1440.3766151454645,0.37553312380627185,0
31,Male,Asian,57417.35584942049,610,0.10870745197061302,302864.0610073081,20,10.076185874093639,16165.034520306619,5,1,0,1,PhD,0.18958127834135796,1261.9335875304503,0.2637391225412593,0
43,Male,Hispanic,30173.312155314994,577,0.2913952939589417,167662.4154095528,30,24.59270523938096,6230.276519929483,9,0,1,0,Bachelor,0.17996467533650853,465.72893169320224,0.18522153456507345,1
62,Male,White,30683.464582080716,774,0.5044005530677274,131307.65845406445,20,9.562695687503098,13454.783650758174,9,3,1,1,Master,0.2336761232614224,547.115243558602,0.21397136901344047,1
44,Male,White,54734.342420527864,444,0.3713611834691274,247511.79533384054,10,2.3387503242117678,-10702.59213121347,9,1,0,1,Master,0.22113831927364483,2062.598294448671,0.4522056617254844,1
26,Male,White,63570.993092421035,534,0.10490026346698553,360242.51456264046,15,5.428348627124847,15188.480339940983,8,3,0,0,Master,0.17646721450853922,2001.3473031257804,0.3777850001901667,1
43,Female,White,12502.686889965778,435,0.33492191011992367,334167.7561049988,15,28.46400752388903,25585.313084276997,2,2,0,1,High School,0.03741440238189022,1856.4875339166601,1.7818450228389988,0
74,Male,White,60440.41270221533,744,0.24572582382270372,192623.95587276135,20,27.998783777331642,13348.947076217668,0,0,0,0,Bachelor,0.31377412237416374,802.5998161365056,0.15935029830272907,1
64,Female,Black,39135.969992473256,652,0.33877532769858554,111681.74305184196,20,6.744362723344434,21549.82145291318,7,2,0,1,High School,0.3504240614717715,465.3405960493415,0.1426842660004606,0
74,Male,Black,46143.87825385175,693,0.3023463607239385,176790.75309773162,15,16.605056192960575,15587.34670890031,6,2,0,0,Bachelor,0.26100843763215925,982.1708505429534,0.25541958440677076,0
39,Male,Hispanic,23209.641528699256,574,0.5659896097786907,31009.11401904581,20,4.121043012690086,-9566.963144252717,1,1,1,1,Master,0.7484780608192767,129.2046417460242,0.06680222523191995,0
64,Male,White,32967.65519626584,683,0.12058864948150791,144429.4875215982,30,20.240328855346075,21215.40361692632,4,4,0,0,Master,0.22826124887645127,401.19302089332837,0.14603150336470533,1
73,Male,Hispanic,69322.50651060622,622,0.44179400564096616,245054.59456939017,30,5.5591738802943205,8231.817929309058,9,4,0,0,Master,0.2828859692772531,680.7072071371949,0.11783310928603793,0
47,Male,Hispanic,50657.26747960426,482,0.5255132981508708,163229.29159634313,30,1.4937126876481188,128.7820284776899,3,3,0,1,Bachelor,0.3103442218255584,453.4146988787309,0.10740761705584354,0
60,Male,White,42344.43196580883,739,0.5796192923252377,139955.08599734062,10,24.746904216263978,30173.06955784138,8,1,0,0,High School,0.3025572930348058,1166.2923833111718,0.3305159131910138,0
65,Male,White,47670.23294737931,362,0.18881811327214795,194451.1395632768,20,9.762011481708772,24040.786113384416,3,2,0,0,High School,0.24515275690563296,810.2130815136534,0.20395446753734278,0
78,Male,White,59784.23649328602,333,0.3656524009830969,173064.61833267065,15,3.25567210680291,10816.383127161234,4,3,0,0,Bachelor,0.34544459213706374,961.4701018481703,0.19298801655640047,0
34,Male,White,58809.88992326675,776,0.12179478865860596,275549.3140430379,10,25.017118525866756,17673.078041803514,7,2,0,1,High School,0.2134278219037093,2296.244283691982,0.46854247542813926,1
43,Female,White,48499.45999206398,386,0.3495917622275443,67324.37994555663,15,22.871924326384452,22406.405503712114,2,3,1,1,High School,0.7203848001464574,374.0243330308702,0.09254313341024552,1
53,Male,Black,71859.18221793337,509,0.16272904477049097,252646.75646146835,20,20.512753512959044,-5480.359507796249,5,0,0,0,Bachelor,0.28442550866032096,1052.6948185894514,0.17579295273305875,1
18,Female,White,69409.25273813332,761,0.5189483373493567,195386.16342095597,20,27.337461295335878,2892.6341846093965,5,3,1,1,High School,0.35524139234257,814.1090142539832,0.14074936389108478,0
25,Female,Asian,58267.44058260792,380,0.15693500130268243,243427.81606612072,10,14.676782606119055,3608.6526095082045,6,3,0,0,Bachelor,0.23936229443385018,2028.5651338843393,0.4177767439793482,1
66,Female,White,51092.23565820141,621,0.3566441801932476,61089.80200808577,10,3.8416949276039314,27465.115415659842,8,2,1,1,PhD,0.8363463946312825,509.0816834007147,0.11956768229279773,0
52,Female,Asian,63146.42190239078,714,0.36054803449637685,288304.63224629906,30,1.8403922968535857,43482.093451128516,2,4,1,1,High School,0.21902673366845074,800.846200684164,0.1521884236459979,0
78,Male,White,56285.34843602367,489,0.5858252489658027,254304.05441725563,10,9.553230538789759,28867.97734954479,4,2,1,0,Master,0.22133091257629775,2119.2004534771304,0.45181217045552896,1
69,Female,Hispanic,71216.00143611895,532,0.4274903470194441,367320.7510639245,30,2.6049249041224867,21765.418857765377,4,1,1,0,PhD,0.19387960312573055,1020.3354196220125,0.17192800478200243,1
32,Female,White,67991.22753476615,691,0.24392014653840097,116726.30964150219,10,16.06528321041256,4591.541209839235,4,2,0,1,Bachelor,0.5824841695380026,972.7192470125182,0.17167848540727726,0
64,Male,White,29634.921971645428,468,0.22039965496906924,141502.38970418135,30,0.43497053469473634,31109.331193465885,5,4,0,1,PhD,0.20943054059792834,393.06219362272594,0.15916175949394012,0
73,Male,Hispanic,28280.736585165872,742,0.16412410282253245,21581.735280074994,20,13.312899045281277,14562.71762297093,0,1,1,0,High School,1.310401421301633,89.92389700031248,0.03815624677080598,0
39,Male,White,35975.00911191847,467,0.47825736202452973,117640.16548307291,15,5.353808695607563,4828.37159263329,8,4,0,0,PhD,0.3058054956331634,653.5564749059606,0.21800349443895647,0
31,Female,Black,69522.77380133842,530,0.4453783280911693,343430.41525806545,20,11.048041316014745,30838.627102598643,2,1,0,0,Master,0.20243627446071313,1430.9600635752727,0.24699130693448673,1
43,Female,Black,18473.820064575088,449,0.404938563654053,229506.28637323552,30,20.251022243120673,39947.75090082879,5,2,1,0,Master,0.08049374314101342,637.5174621478765,0.41411086169689176,0
45,Male,White,57895.14778215987,849,0.12042022147499418,127364.30853098583,20,10.528913131521046,31080.429187669695,3,4,0,0,High School,0.4545633580547006,530.6846188791076,0.10999566752140891,0
40,Male,White,57250.86182185923,685,0.4814144331971473,213309.13607549926,10,10.240196616006457,55677.207546638245,6,4,0,0,Master,0.26839385726824044,1777.576133962494,0.3725867686310613,0
31,Male,Hispanic,73252.96117372386,680,0.42094378857423964,193844.95803276787,10,29.72252198518506,8622.076741866527,7,0,0,1,PhD,0.37789459120902724,1615.3746502730655,0.26462405741257716,1
41,Male,White,53606.77381327775,574,0.5819444340552442,9086.88963132439,15,21.564441681788587,12966.964704489379,3,0,1,0,Master,5.89935346287074,50.48272017402439,0.011300673385016226,1
19,Female,Black,23135.812188321986,361,0.3936010649384061,27184.308332147222,15,15.415851355501541,6789.798649458748,9,3,1,1,High School,0.8510723136907028,151.02393517859568,0.07833255246850235,0
62,Male,Hispanic,30812.900787037543,766,0.2519759533308541,310677.46252602665,20,17.381269529927383,6698.729933248074,5,0,0,1,High School,0.09917971048336416,1294.4894271917776,0.5041353695863703,1
43,Male,White,26360.089562043508,827,0.29076027609466015,273661.0764206884,15,18.60547894556433,40958.10033686613,9,4,0,1,Bachelor,0.09632385396862643,1520.339313448269,0.6921096272620136,1
31,Male,White,39241.120673337195,449,0.18792035268911625,51547.00735444226,10,0.7372619682252579,3380.967758269824,6,3,0,0,Master,0.761268649477775,429.5583946203522,0.13135967186958153,1
76,Female,Hispanic,46341.96865152146,441,0.46145709110069255,187313.32199621134,10,2.407937715757428,11789.050023622729,9,2,0,0,High School,0.24740348501458317,1560.9443499684278,0.40419802491507145,0
73,Male,White,26691.169475578863,415,0.45386083001086264,128429.51672784981,10,19.475680540699553,38911.48921586574,6,3,0,1,PhD,0.20782737610185922,1070.2459727320818,0.48116856342827785,1
68,Female,White,79413.23981304579,364,0.20032500773883813,308883.7765398461,30,10.934065765449411,25793.395674180923,8,1,1,1,Bachelor,0.25709747757762685,858.0104903884613,0.12965251019729981,0
24,Male,White,23494.37256095118,728,0.1792446615911393,244756.91780890257,30,1.6633212069577519,4762.223791530976,7,3,0,1,Bachelor,0.09599063745072466,679.8803272469515,0.34725608891225973,1
20,Male,Black,76922.06847724962,609,0.1385024666010973,89539.5045844626,20,8.925397381548784,18788.97956683454,2,0,0,1,Bachelor,0.8590852588947379,373.0812691019275,0.0582014409889047,0
64,Male,White,73703.26062878681,729,0.5559878718408793,212024.0834323968,30,3.9085026126417057,-5480.81806639905,3,2,0,0,Master,0.3476174000407216,588.9557873122133,0.09589086544410176,0
40,Male,White,67966.05099378071,460,0.21653491684742557,195888.926783597,15,27.48941526678964,16984.75796254498,8,1,1,0,High School,0.3469621897967942,1088.2718154644278,0.19214389529219716,1
63,Male,Hispanic,36124.66785006499,605,0.27208176337590195,196162.80657056713,10,6.087761776593451,21151.21758344833,6,3,0,1,High School,0.18415656097920677,1634.6900547547261,0.5430162220030329,1
60,Female,White,56849.01758353803,660,0.24025225418874532,148988.06149590103,20,4.310735921821573,22114.55069171147,6,2,0,0,Bachelor,0.381567603556625,620.7835895662542,0.13103837834749496,1
64,Female,White,24452.57732898764,577,0.3068123013053955,202482.53541608655,30,18.785064512658497,48161.90251181011,0,0,1,0,Bachelor,0.12076388355538621,562.4514872669071,0.2760207137429925,0
77,Female,Asian,68218.140700675,595,0.45702439969124165,114923.01916588197,20,15.65735790830498,31148.39135211245,1,2,0,0,Master,0.593598577515682,478.8459131911749,0.08423200778084593,1
62,Male,Black,48520.30436927462,468,0.5352978168631423,81219.20929155116,20,17.27797362107376,2440.511587777295,0,2,0,0,Bachelor,0.5973993688500727,338.4133720481298,0.08369610449412498,0
35,Female,Hispanic,41813.59570826629,758,0.19129937476427009,75345.2515840089,15,13.078444441209458,21630.74782501189,3,1,0,0,Bachelor,0.5549599321683161,418.5847310222717,0.12012879273317889,1
75,Male,White,25525.103066874613,306,0.44320617187058253,95089.53541232916,15,14.015079327963885,19019.541180355507,3,4,0,0,Bachelor,0.26843230389329537,528.275196735162,0.2483556028829055,1
55,Male,Hispanic,449.87762741966435,431,0.27628107112124256,242228.31295033617,15,23.363926675413886,47984.07170142681,4,0,0,0,Bachelor,0.0018572462563940754,1345.71284972409,35.89543736440364,0
52,Male,White,29229.18285928488,646,0.5902635841486464,244947.18375951026,20,6.597665544770022,13379.660585865773,4,1,1,1,Bachelor,0.11932851160265702,1020.613265664626,0.4190113437976266,1
68,Male,White,72255.96391225813,552,0.24945957964203844,346052.5293475635,20,11.895879084937024,21955.092822892617,0,1,0,0,Bachelor,0.20880056576522424,1441.8855389481812,0.2394629526828969,1
32,Female,White,41943.33143050392,709,0.10359647800392999,177153.09426776553,15,28.734761547838477,24006.24943426436,6,1,1,1,Bachelor,0.23676318838160906,984.1838570431418,0.28157530367100386,1
42,Male,White,46613.42285769906,842,0.35781998700992257,270140.91946752975,30,5.699571035581355,3953.3369960889668,5,4,1,1,High School,0.1725522477289927,750.3914429653604,0.1931782041210268,1
72,Male,Hispanic,63111.08716576906,654,0.17536554213796887,204706.26131841424,10,8.813207851256012,-2865.874954576542,7,4,1,0,Bachelor,0.3083007171314693,1705.8855109867852,0.3243586357191534,0
54,Female,White,86113.3775623253,667,0.12224721340919956,229959.8232759611,15,5.747007728579716,16603.42660730917,3,3,0,0,Bachelor,0.37447140259359896,1277.5545737553393,0.17802872583842594,0
45,Male,Black,76500.09309891277,810,0.4491346159738543,280836.74300579226,30,0.614864890744069,30002.100723897805,0,3,1,0,Bachelor,0.272400585052131,780.1020639049785,0.12236880228048751,0
27,Male,Hispanic,30553.299923676237,832,0.4661296412542283,258204.70805774158,20,8.09489775125011,305.5702746290626,2,0,1,1,High School,0.118329755307342,1075.85295024059,0.4225479877832356,1
56,Male,Black,11148.588571251872,827,0.33034950655825124,210843.99897274727,20,1.3940233788671752,18503.344497815513,8,0,0,0,High School,0.05287600607828012,878.5166623864469,0.9456084849899149,1
74,Female,White,97192.28518200207,827,0.4384427583782886,138642.4080609053,30,4.640553792199,9959.571020904068,9,4,0,0,High School,0.7010285419978116,385.11780016918135,0.04754918143323955,0
34,Female,Black,95379.83223318907,701,0.369119724123567,227579.8409081033,30,10.88046210202844,-9040.69458422872,6,4,1,0,Master,0.41910492534223814,632.1662247447314,0.07953457790101981,1
56,Male,White,53769.071928585654,474,0.4149005538609658,336430.11694937863,20,0.6216365120687473,23497.086034632626,1,4,1,0,Bachelor,0.1598224095278488,1401.7921539557442,0.31284724180865,1
39,Male,White,24590.235088363566,377,0.39835198659398063,217533.23972684675,20,22.588696977921497,26138.161246256426,2,1,0,1,Bachelor,0.11304127644695201,906.3884988618614,0.44231630756101725,1
43,Male,Asian,69264.53067787879,739,0.4329113820277962,160465.90869169496,20,23.867670413086405,30056.452652138356,1,4,1,0,PhD,0.4316463929479099,668.6079528820624,0.11583555617950893,1
79,Female,White,47840.326279747795,848,0.19981532433658564,282140.0302856109,20,12.342414072550888,31748.42158125005,3,1,0,0,High School,0.16956234899145273,1175.5834595233787,0.2948767830676867,1
61,Male,White,47740.37753786779,531,0.2343533100183501,61487.66093153949,15,29.53997938122808,18512.427034447108,1,1,0,0,Bachelor,0.776422079074077,341.5981162863305,0.08586395011611477,1
42,Male,Hispanic,67889.17686210258,699,0.31998157475384603,164004.64965980087,20,20.369817444230975,26006.789459220425,3,0,0,0,Bachelor,0.41394665945707565,683.352706915837,0.12078850947989055,1
34,Male,White,56687.49493746597,512,0.3230640047095932,101922.50798483528,20,22.31165243942247,22818.271600879274,6,2,0,0,Master,0.5561823002422617,424.67711660348033,0.08989858177475446,1
30,Male,Black,26283.701779701096,492,0.4872058557934521,187851.3869467016,30,5.769012709984002,-18597.553023437533,7,3,0,1,PhD,0.139917528461786,521.8094081852822,0.23823557848534516,0
37,Male,White,43505.16129836052,566,0.28369682961476606,324648.0001277578,30,25.1231286846514,-2497.0700765960974,9,3,0,0,Master,0.13400717479004973,901.8000003548827,0.24874290041228744,1
42,Female,White,63223.05857322693,425,0.1812525780295912,264087.9637256476,30,28.351391940645183,8893.451491558899,5,0,0,0,Bachelor,0.23940151486384026,733.5776770156878,0.13923610029072575,1
21,Male,White,60205.04444810037,681,0.22573298524553795,13204.288567575975,20,7.089304997213754,20785.70066445812,8,0,0,1,PhD,4.559506870816042,55.01786903156656,0.010966098180492753,1
27,Male,White,55240.33148716952,843,0.2073667511921142,138128.58053502755,30,20.593928831591406,24016.195370883634,5,4,1,0,Master,0.399919634830109,383.69050148618766,0.08335007944157022,1
20,Female,White,68668.45908951729,801,0.465830009628011,50093.526924652135,20,22.40823145989994,29781.907714155124,2,4,0,1,Master,1.370805038199936,208.72302885271722,0.03647491700618287,1
58,Female,Hispanic,42765.66024365471,702,0.33516980731299106,305828.91780988616,20,9.155075154286472,30120.024172847043,0,4,1,1,High School,0.13983524040143033,1274.2871575411923,0.35756365746190377,1
62,Male,Black,53573.39550438144,560,0.45431534898549175,141753.2835160637,30,14.250270077168892,22790.320393325244,8,1,1,0,Bachelor,0.37793407091208875,393.75912087795473,0.0881988047621327,1
35,Male,Asian,-17511.582003552,686,0.3081098403788135,207589.28207748535,10,2.926172807421723,27383.11889455079,2,1,1,0,Master,-0.08435686962400872,1729.9106839790445,-1.1854399107709315,0
64,Male,White,41006.99612314372,711,0.5448678012519526,212404.2423580569,15,5.1928441187852385,42995.438507742874,0,4,0,1,High School,0.1930610974050926,1180.0235686558715,0.3453138284342318,1
53,Female,Black,65278.05817151289,645,0.5917601538613673,220585.51698477735,15,1.847115709415842,26163.042427006632,1,1,1,0,Master,0.2959308438006732,1225.4750943598742,0.2252778581997711,0
64,Male,Black,42192.11065765715,393,0.4349212543513058,-89273.95384445548,10,16.80496471635881,19496.71348565415,2,0,0,1,High School,-0.47261389062222614,-743.9496153704623,-0.21158921052519988,1
39,Female,Asian,40675.452165657756,627,0.5319062786181095,236112.743663948,10,18.757886918318082,26872.564239983025,7,4,0,1,Bachelor,0.1722713121471744,1967.6061971995666,0.5804797023579193,0
51,Female,White,29170.94096450363,399,0.3539666335860313,145153.69360905414,20,27.48358750301199,32234.842387127333,7,3,1,0,Master,0.2009658882196302,604.8070567043923,0.24879844257626618,0
64,Male,Black,70067.31785458291,760,0.567310420176954,284580.11890203354,30,16.265544318708045,43241.97444192819,1,3,1,1,Bachelor,0.24621297554065444,790.5003302834265,0.1353841456167665,0
25,Male,Hispanic,60969.26547081141,614,0.515793242836414,220276.12690762628,15,7.818341124242998,3577.3047626564185,5,1,0,0,Master,0.27678562505495263,1223.7562605979238,0.24086029270281198,1
57,Male,White,66508.2919564617,324,0.5958892858830196,263169.834675474,15,1.7842063977335643,-4591.700668042449,1,3,0,0,Bachelor,0.2527200430796939,1462.0546370859665,0.26379651512501406,1
66,Male,Hispanic,15475.72076084221,793,0.41154686766389026,127183.5099861702,10,26.548591582525106,23109.793634156,6,4,0,0,Bachelor,0.12168024583159423,1059.862583218085,0.8218260845593643,0
61,Male,White,46790.99913468732,652,0.48960337013411426,87108.13873532442,30,14.365742355841602,-1679.304682641603,9,3,0,0,Bachelor,0.5371599004871453,241.96705204256784,0.06205476861378453,1
36,Female,Hispanic,44397.77984499987,416,0.3714340699891068,289034.9347314228,15,22.119659683269635,16262.185031187644,2,0,0,0,Bachelor,0.15360696756693165,1605.7496373967933,0.43400809040525967,0
59,Female,Asian,44388.56586802895,498,0.22956005213571143,256340.45049040575,15,0.4394804578676692,47164.40226238931,7,1,1,1,Master,0.17316254919233012,1424.1136138355876,0.3849947172619906,0
58,Male,Black,37679.44912564088,578,0.2773775855648789,222221.44080146437,20,14.644167679932528,20051.839418069685,2,3,1,0,High School,0.1695581172984303,925.9226700061015,0.29488414236162835,0
54,Female,White,43077.914564399696,378,0.547002707365658,222077.69001409793,20,9.771678694994957,20216.26565520092,9,1,1,0,Bachelor,0.19397677705340427,925.3237083920746,0.25776281449523397,0
23,Male,White,66992.89565413304,723,0.1279739732993103,242062.7606054048,20,0.9099381784148053,13991.746815935046,5,0,0,0,High School,0.2767583724426764,1008.5948358558533,0.18066300780243333,0
69,Male,Asian,11742.972933043413,653,0.39573994303720406,70774.0908031919,15,23.27018421217375,42575.711603411626,0,3,0,1,Bachelor,0.1659219185972758,393.1893933510661,0.40179541817184145,1
43,Male,White,85545.89536060908,825,0.28624201625205437,307556.7937999995,15,15.387049586808397,26349.59034975956,7,4,0,0,PhD,0.27814666131627885,1708.6488544444417,0.23968170730929753,1
51,Female,White,59676.82250052923,840,0.2933462690027778,184594.4261188389,20,9.995407289733928,12979.9645593839,6,2,0,0,High School,0.32328615633340013,769.1434421618287,0.15466174168137206,1
76,Female,Black,49153.36208679574,776,0.5422856032068837,187446.23201088764,20,24.17395451722198,42199.30326823839,0,3,0,0,Bachelor,0.2622264612069701,781.0259667120318,0.19067488372401897,1
73,Female,White,68136.68292745852,309,0.5269111872731133,158188.4325400479,30,13.407703555504995,22777.702395669356,6,0,0,1,Master,0.4307311339608137,439.4123126112442,0.07738779648179755,1
76,Male,White,20963.3050966313,802,0.39942118778623437,-46955.38281708048,15,0.10493869104903908,13775.260132734962,4,2,0,0,Bachelor,-0.44645158529099865,-260.86323787266934,-0.1493256354397602,0
62,Male,White,36705.98189697972,559,0.23645942370216697,257519.7065651539,15,28.333428961149764,-11322.112049020936,1,3,1,0,Bachelor,0.1425365941370895,1430.6650364730772,0.46771614735334355,0
23,Male,White,47578.491352188925,823,0.337728173081012,100161.1655374735,10,7.670482213871565,22061.230222499315,0,1,0,0,High School,0.4750193460397412,834.6763794789458,0.2105177417166369,1
54,Male,Black,77311.20740864355,305,0.30414669689460805,210805.82507947893,20,24.91726566190024,13229.248282624834,1,0,0,1,High School,0.3667413240573183,878.3576044978289,0.13633587687049267,1
74,Female,Black,49070.068377468844,334,0.2768090146012476,117978.82800389988,20,24.49246152243819,15279.046510298664,5,3,0,1,Bachelor,0.41592266347862683,491.5784500162495,0.12021465620992632,0
50,Female,Black,59001.09342370293,474,0.15139278927864822,165647.42241176224,20,4.871217940821939,14435.963705252136,1,0,0,0,Master,0.3561847963866258,690.1975933823427,0.14037656999184994,1
70,Female,Hispanic,38208.42008127744,741,0.3715569433576602,160084.694446895,15,14.220080436443299,-7459.02883852907,5,4,0,1,Bachelor,0.23867628453357448,889.3594135938612,0.27931835287677564,0
39,Male,Hispanic,59736.84137934982,446,0.25091564893724183,115665.81706026672,30,1.205969354954789,58456.63058496241,7,2,0,0,Master,0.5164606354548503,321.2939362785187,0.06454186639796167,0
38,Male,Black,83544.79185948914,492,0.4304039714637642,177410.4166237777,15,10.63655018665386,9592.856312057267,7,2,0,1,Bachelor,0.470912550961745,985.613425687654,0.14156910137670634,0
23,Male,White,69910.53383348227,312,0.25960196791276535,151908.9995700589,10,21.929365301088602,30024.861145244762,5,4,0,1,Master,0.46021324629447147,1265.9083297504908,0.21729057302278112,1
23,Male,Black,48370.880244442415,829,0.3155817465674009,95953.51611229184,10,7.112084103310728,16716.502758559094,4,2,1,0,PhD,0.5041074283076324,799.6126342690986,0.19837041548012027,0
72,Male,White,63509.816945309394,545,0.12618018709720377,317287.07438555965,30,3.5138379222692997,-21060.632400222086,3,2,0,0,High School,0.20016515664339288,881.3529844043323,0.16652914968971755,1
65,Female,Black,61550.33909214423,413,0.5962690349527389,119855.95958509446,20,15.213706528050269,17776.514086029114,5,4,1,1,Bachelor,0.5135359084789203,499.39983160456023,0.09736417487941335,0
21,Female,Black,60131.753433945516,532,0.35380519163758795,256207.40062449835,10,16.109591531208963,21791.740802896948,4,1,1,0,High School,0.2346995179974351,2135.0616718708197,0.4260767165320418,0
47,Male,White,72239.06721720818,621,0.11211879708208641,266823.8608239461,15,20.274867939634742,11823.81239583289,9,2,0,1,Bachelor,0.270736908588818,1482.354782355256,0.24624151547773174,1
28,Male,Asian,72089.55407674934,837,0.37061532938057207,292393.22440179007,10,22.774132404077722,41763.624909379534,3,1,0,1,Bachelor,0.24655001573390767,2436.6102033482507,0.405597216055043,1
79,Male,White,47456.82806250232,425,0.5351769996528248,145451.546414649,10,20.874285937939653,46879.70805678592,5,0,0,1,Bachelor,0.3262724201447387,1212.096220122075,0.30649234757764293,1
79,Male,Black,62837.581229555384,612,0.48627606713310134,180126.04445642087,30,25.362366248845518,24306.61174216422,8,0,0,1,Bachelor,0.3488533899647039,500.35012349005797,0.09555112345821239,1
47,Female,White,42338.101576804125,810,0.4504533420647271,183215.83634871148,30,6.687193928461196,26349.2740595688,8,2,0,0,Bachelor,0.23108319903211183,508.9328787464208,0.14424819057789337,1
48,Male,Asian,31538.55207368845,783,0.16973232729951745,252721.44840151144,15,17.093002386494884,2711.7752624870445,7,0,0,1,High School,0.12479570797481955,1404.0080466750635,0.5342064062020323,0
41,Male,White,44610.124885920275,580,0.42886853949373616,175762.66718759277,20,10.802860722639755,2655.93896766967,9,4,0,1,High School,0.2538088753415853,732.3444466149699,0.19699862714693553,0
72,Male,White,48474.43696520835,582,0.48314918900613013,245847.98604776835,30,28.863370710049267,10183.314848215781,0,2,1,0,High School,0.19717239805165518,682.9110723549121,0.16905679325663361,1
26,Female,White,16768.380216440157,691,0.3862095319827483,174420.80227728255,30,13.208385702444714,50002.20585776097,8,4,0,1,Bachelor,0.09613750193502095,484.5022285480071,0.3467256030416022,1
72,Male,White,67206.6511883344,822,0.5463745022601758,311719.6164341796,20,28.7914179940067,11771.462723846527,4,1,1,1,Bachelor,0.21559968524638956,1298.831735142415,0.23191128476305278,0
20,Male,White,-5346.508452047958,681,0.23849489089244272,198825.6847978435,10,23.071969621773178,39756.03403859101,2,3,0,1,High School,-0.02689043147259386,1656.8807066486959,-3.718794921603166,1
68,Male,Black,104296.33878972643,515,0.2210723498696253,186790.5023043752,15,21.553915862060972,9161.68831355523,7,3,0,0,Master,0.558359967466523,1037.7250128020844,0.11939728947466802,1
48,Female,White,80037.58267592637,841,0.534784872471323,233950.7768372794,15,14.746911357654808,5566.5186919966945,7,2,0,0,Bachelor,0.3421129169047179,1299.7265379848857,0.19486743520191038,1
57,Female,White,44779.82551655373,415,0.4126991214957262,363550.02972234983,10,13.301344027668064,12494.50123442919,8,4,1,1,Bachelor,0.12317376387165459,3029.5835810195817,0.8118612020673385,0
54,Male,White,50188.52721127547,808,0.10072361026049967,139481.47224695317,20,15.796445625552208,12111.335894807213,1,3,1,1,Master,0.3598221785501105,581.1728010289715,0.13895752674688663,0
53,Female,Hispanic,56059.43747174567,799,0.2765657042555263,303942.49952586816,20,8.808991887808597,9117.292371264308,9,2,0,0,PhD,0.18444093063390274,1266.427081357784,0.27108950181586927,1
41,Female,Black,38216.79224022116,570,0.5289279929073373,118241.37883370182,30,27.135298195154,43423.085334716554,3,3,0,0,High School,0.32320996775562294,328.4482745380606,0.10313213285097836,0
48,Female,Hispanic,53852.38295173873,739,0.11365975582087165,204382.91476853075,20,23.829919657960993,19187.22598466277,9,3,0,1,Bachelor,0.2634876942269271,851.5954782022114,0.18976218280971338,1
23,Female,Black,47120.000445966776,590,0.10162396413075445,120522.43308314616,15,24.041875629751317,17015.516503417166,1,0,0,0,PhD,0.3909645635303394,669.5690726841453,0.17051843794915506,1
19,Female,White,48114.54565538068,338,0.2406296452625649,162868.7985347036,15,12.994607863483083,20380.675576615937,5,2,0,1,High School,0.29541904949417663,904.826658526131,0.225668137450225,0
37,Male,White,53629.221269612775,323,0.557000018504639,132145.39381917007,15,2.1326684473265125,33723.71002864479,0,3,0,0,High School,0.40583496495534216,734.141076773167,0.16427038679134662,0
45,Female,White,23729.444032920113,342,0.5507387907350082,269821.75508037495,20,20.492319537788358,20376.236715673433,9,2,0,0,Bachelor,0.08794488800894334,1124.2573128348956,0.5685378778913832,1
28,Male,Hispanic,50791.394482672964,469,0.359380972900754,150275.58604507474,10,11.232407519142352,24582.99754248903,2,0,1,1,Bachelor,0.33798833076876655,1252.296550375623,0.2958682028238857,0
21,Female,Asian,53268.954932349545,639,0.37661843556981134,253020.70141050813,15,26.11290937352476,35265.16379147487,1,2,1,1,High School,0.21053200246221926,1405.6705633917118,0.3166581131941223,0
32,Male,White,52576.99242711828,468,0.2660040056585944,147317.10273747938,15,23.410153153495905,3964.206011373002,6,0,0,1,High School,0.3568967312696275,818.428348541552,0.18679539717135007,0
23,Female,White,45683.38489127691,837,0.22186833101390493,199446.16457866444,10,4.359844259692682,7434.0894888247,7,3,1,0,Bachelor,0.2290512078173292,1662.0513714888702,0.4365835961002706,1
71,Female,White,72757.15551938744,771,0.5076109271060592,345759.84784712445,30,18.05147191615543,21626.756547211957,1,3,0,1,Master,0.21042684965420438,960.4440217975679,0.15840817551614816,1
66,Male,White,42926.948902368975,442,0.15314743024982072,125450.8730680485,20,20.76641777781553,9383.398606837629,8,3,0,0,Master,0.34218134838395303,522.7119711168688,0.14612134833221907,0
47,Female,Black,54546.518136463805,400,0.3436771854393179,127347.1731606286,15,17.044127394730843,16518.5628512335,0,0,1,0,PhD,0.42832924188793636,707.4842953368255,0.15564351005507263,0
73,Male,White,75945.95067851091,774,0.41719862974854227,175379.1523164513,20,15.421265284657839,3457.779099108335,1,1,0,1,Bachelor,0.4330386461298163,730.7464679852138,0.11546313578906536,1
55,Female,Asian,48412.477199593755,610,0.1518401451855146,198241.85513617654,15,6.835892250178238,7057.532490724132,2,0,1,0,Bachelor,0.24420916141214577,1101.3436396454251,0.2729900315007224,1
68,Male,White,54289.26534935103,359,0.35980354773617307,262080.4180019578,15,7.077205332635531,36655.80914463169,1,0,0,1,Bachelor,0.20714735485863534,1456.0023222330988,0.3218320924839342,1
79,Male,Asian,48072.307273702056,328,0.38876064395622156,204298.48930923553,30,23.040244159276636,14496.500010705182,0,4,1,0,High School,0.23530427188297812,567.4958036367653,0.14166055323428517,0
74,Female,Hispanic,74747.39587127199,830,0.47124803025368245,224519.7090181838,10,0.5606935669067148,13118.520645566201,7,3,1,1,High School,0.33292131099821715,1870.9975751515317,0.30037127902736005,1
19,Male,Hispanic,44845.50876827409,372,0.21741802457376644,84567.25006377284,10,23.36730188116729,7594.2316862483185,0,3,0,0,High School,0.530294040949135,704.7270838647736,0.18857462516647785,0
32,Female,Black,75667.09154576411,693,0.24666375164537915,230156.85285863644,10,15.803962096174173,6719.245537140059,4,4,1,0,High School,0.3287631482875691,1917.9737738219703,0.30417034427632994,0
28,Male,Black,47928.24210705871,693,0.3847605733165167,232830.08823800916,30,28.08667957154508,4437.51173783535,5,1,1,0,Bachelor,0.20585072346003816,646.750245105581,0.16192963897843352,1
25,Male,Black,32810.80553103966,780,0.5915632049908071,267160.0215223434,30,29.919646431687692,633.3794372806951,6,2,0,0,PhD,0.122813306212792,742.1111708953983,0.2714146728985413,0
43,Male,Black,63587.46341148242,772,0.20874659141005722,167164.8078094073,10,19.904536953268842,9443.189986005353,2,3,0,0,High School,0.3803878594110644,1393.0400650783943,0.2628895679131953,1
68,Male,Black,43906.64332488688,612,0.592951913561732,199326.58542376285,20,12.367715832604109,18265.199626165988,6,3,1,0,Bachelor,0.2202748982607742,830.5274392656786,0.22698909587422486,0
62,Male,Asian,62410.017981983256,737,0.4571712665272406,270635.67623952875,20,14.252577256820834,29609.594824915937,7,0,0,0,Master,0.2306052877032615,1127.6486509980364,0.21682070041836618,0
61,Male,Hispanic,-4588.087698474679,623,0.5130410348150116,94135.80292145339,30,6.126462829545231,18733.3684894238,9,1,1,0,High School,-0.048739029743050735,261.48834144848166,-0.6839145856834796,1
22,Male,Hispanic,50104.105237898926,386,0.14482063411816962,20502.00982766776,20,2.9770297197444306,4886.973063699375,2,1,0,1,PhD,2.443863097279502,85.42504094861566,0.020459411190283033,1
23,Male,Hispanic,40807.89402485039,658,0.2502100937153161,89105.1047295672,10,17.362901799064055,11880.051915482582,4,1,0,1,Master,0.45797481691651454,742.54253941306,0.21835261745020637,1
43,Female,White,28734.82626937444,496,0.12886813982549053,136068.01702074683,15,24.16485293899802,10973.324501826235,0,1,1,0,High School,0.2111798709096578,755.933427893038,0.3156866531810056,1
71,Female,White,38935.17996320401,684,0.28577349750158765,307240.6086496827,20,7.852995531876397,10082.69643137951,8,4,0,0,PhD,0.12672537049813654,1280.1692027070114,0.39455398554731586,1
21,Male,White,38525.93711414697,417,0.590644829960026,402925.20611586806,10,12.589584307360495,14318.812765289018,7,0,0,1,Master,0.09561560440839775,3357.710050965567,1.0458543939425977,0
36,Female,Black,49040.28410298838,797,0.15263653110316924,109055.70533111207,10,16.643209853309422,33343.95371181616,2,4,0,1,High School,0.4496810501944264,908.7975444259339,0.22237984001496947,1
37,Male,Hispanic,22653.470774300884,761,0.3811863911855997,191580.7608961619,10,27.23693459910172,30106.649870904905,3,4,1,0,Master,0.11824501932414405,1596.506340801349,0.8457015827945434,1
50,Female,White,56325.475605194275,795,0.10303531140690617,147314.2192327411,20,4.158936829861681,43950.54636518977,0,2,0,0,Bachelor,0.3823492117635019,613.809246803088,0.1307705062850423,0
37,Female,Black,77324.29570411576,546,0.4563414080220314,248119.50991375322,15,7.106495061889879,6602.9956169228935,0,0,0,1,Master,0.31164133659216814,1378.4417217430735,0.2139211293202433,1
66,Female,Black,55618.56993895653,533,0.19859634618602054,227989.5668981869,20,27.555913553573543,3248.25856316098,5,1,0,1,Bachelor,0.24395225928822464,949.9565287424454,0.20495813461979878,0
29,Male,White,66179.77218458019,716,0.16479226856238147,112341.60115652894,10,1.1860677946407538,14462.38926509062,5,0,0,1,Bachelor,0.5890940800493836,936.1800096377411,0.16975217267777842,1
64,Female,Black,71891.24909227592,766,0.2685089060803938,137885.6121010598,10,19.68346902179576,37496.02847164693,8,1,0,0,Bachelor,0.5213832538204568,1149.0467675088319,0.19179749113007752,0
18,Male,Hispanic,74729.79024368353,781,0.48552214896949075,185697.94485056488,10,19.185776496538548,-11571.025689746897,4,2,0,0,Bachelor,0.4024265874553442,1547.4828737547073,0.2484925278727928,1
43,Female,White,87402.77385642611,664,0.1533065431556054,323025.29817992065,30,11.49763300897692,21708.957573524796,2,3,0,1,Master,0.27057563091465353,897.292494944224,0.12319414435310887,0
31,Male,Black,40015.960034481395,452,0.2149194978993477,134620.93176293455,20,14.044940370213544,14922.326846198563,5,4,0,0,Master,0.2972491685390271,560.9205490122273,0.16820904914805607,0
55,Female,Black,35630.320296777674,571,0.10423221080865477,44864.077910342196,15,25.64753854441684,29352.9672273177,7,2,0,0,Bachelor,0.7941837201687828,249.24487727967886,0.08394363290712939,1
54,Female,White,65669.31296649469,691,0.5842074313478091,330302.26301042415,20,4.9494619004033735,26303.58851765186,6,4,0,0,PhD,0.19881581303129675,1376.2594292101007,0.25148905028056906,0
79,Female,White,64165.324393147996,846,0.3960727999944319,249729.31821332182,10,6.947024348367813,29286.785754620265,9,1,0,1,Master,0.2569394929366571,2081.0776517776817,0.38919668929467705,0
28,Male,Asian,65513.50599231379,729,0.4599498181923497,83711.32898772672,10,15.370512343196713,27352.107955836374,2,1,0,0,PhD,0.7826121838529049,697.594408231056,0.12777720825618452,0
53,Female,White,87785.64908500505,488,0.42569158557800724,230634.28393704313,30,12.292362690000903,62033.129907772636,0,2,1,0,Bachelor,0.3806270585034449,640.6507887140087,0.0875747863654093,0
30,Male,White,50227.39817596988,551,0.1721822794348372,281166.7362960001,10,17.231174926355507,46764.46496005125,3,3,0,0,Bachelor,0.1786391905303217,2343.0561358000004,0.5597875791036249,1
60,Female,White,58523.1311929237,694,0.3974699694969971,209374.55203352412,20,27.625175582813874,32380.946602897355,5,3,0,1,Bachelor,0.2795140604458618,872.3939668063505,0.1788818777854803,1
20,Male,Black,30392.234970330504,518,0.16570779757063106,336257.68604220636,20,27.5130605321351,12721.60665336666,3,4,0,1,Bachelor,0.09038376290532057,1401.0736918425266,0.5531967069392358,0
50,Male,Black,92706.42247951915,489,0.30061822698156393,255532.81472039054,20,6.900550191449753,14363.803198023874,4,1,0,1,PhD,0.36279654564506914,1064.7200613349605,0.13781829127148296,1
23,Male,Black,43269.10157581778,533,0.38448156796264654,230549.5486072813,10,9.064338385465213,37237.03483098948,9,1,0,0,High School,0.18767810146322378,1921.2462383940108,0.5328272143652059,0
67,Male,White,43835.6814367834,531,0.37944055705107793,220388.40717596543,30,4.862060438910897,37818.00541112492,6,3,0,0,Bachelor,0.19890193862049893,612.1900199332373,0.1675867694629799,1
73,Male,Hispanic,43065.002179835144,657,0.15953671299137048,213589.43641868714,20,27.833711143917792,7237.997590059562,4,1,0,0,High School,0.201625150110033,889.955985077863,0.24798493626769016,0
27,Male,White,37102.08282711325,777,0.1172179848232611,287806.8008979121,15,11.935923905945856,-9986.241500384102,4,1,0,1,Master,0.12891315532280878,1598.9266716550674,0.5171440145090549,0
22,Male,White,35411.259023047016,728,0.49911715693690695,185041.7905336149,15,13.491154346510315,-7479.329452893773,1,2,0,0,High School,0.19136898168208208,1028.0099474089716,0.3483671495802743,0
40,Female,White,39525.91434220949,536,0.46296121849800265,294953.3267889979,15,24.07922342332379,37589.85418482292,0,3,0,1,Bachelor,0.1340073521885899,1638.6295932722107,0.4974851422543294,0
27,Female,White,22684.081438981106,332,0.14090945228236904,231193.7625540629,20,15.389204184308758,40405.267474872875,3,3,1,0,Bachelor,0.09811718615754872,963.3073439752621,0.50959471992719,1
61,Male,Hispanic,34293.641594735236,512,0.16370775940077673,210556.2396738089,30,3.5926644666453633,20259.59515503699,9,0,0,0,High School,0.16287164725140665,584.878443538358,0.20466013511781098,1
19,Male,Asian,88979.26222895239,678,0.5462918881948101,169196.20923589836,10,13.135461283280899,24857.779712042742,7,3,1,0,Bachelor,0.5258939466243884,1409.968410299153,0.19015240742336106,1
30,Male,White,64713.102872827374,301,0.48456445081088995,170131.22015837487,30,18.915721298358953,46735.13655469332,2,3,0,0,Master,0.380371708452958,472.5867226621524,0.08763357682122616,0
57,Male,Hispanic,68518.08353455436,749,0.5980801481083371,231901.95180651764,10,21.576272632711092,50211.442356960586,5,0,0,1,High School,0.2954614353212557,1932.5162650543136,0.3384536458752048,1
19,Female,Hispanic,73544.1757483383,726,0.22699372460251085,301310.34272295656,10,19.360555583486818,30194.991941108416,9,1,0,0,PhD,0.24408115262063665,2510.919522691305,0.4096998024072145,0
37,Female,Asian,86682.69128724781,578,0.34390149443440743,250439.91965754546,10,3.5754215769708986,19674.524993734987,1,1,0,0,High School,0.346121702186212,2086.9993304795453,0.2889157177038278,0
18,Male,White,14571.54897112312,513,0.21822978803117785,128552.79936140515,10,9.13033575485455,13514.722190019012,8,4,0,0,High School,0.1133506935944475,1071.2733280117095,0.8822178041343587,0
54,Male,Black,25402.337694269187,584,0.4114000692386549,40107.26340578904,20,22.00693934889646,15777.61560517296,8,1,0,1,Master,0.6333600334996339,167.113597524121,0.07894404028578304,0
26,Male,White,33925.526782106295,842,0.157707119545659,273975.8183977438,15,26.40570583008224,8381.191396025379,3,3,0,1,Bachelor,0.12382671938169004,1522.0878799874656,0.538386763370269,1
34,Female,Hispanic,40605.404070208046,573,0.16362158637151655,468296.8275463645,20,1.415592451867792,29775.84410900079,7,4,0,1,Bachelor,0.086708689193902,1951.2367814431855,0.5766434767360821,1
26,Female,White,43988.612188295025,310,0.13594394570256133,172413.87975937797,30,1.2668732420993145,18029.385231128665,1,4,1,1,High School,0.25513382246073135,478.9274437760499,0.13065038971249607,0
28,Male,Black,41060.448943879186,346,0.4467930411320835,153638.66621963968,10,19.30213588017187,7705.6691326281125,9,1,0,1,Master,0.2672533546026737,1280.3222184969973,0.3741767812369288,0
32,Male,White,54386.17826264108,814,0.3470362887166034,282052.6208387295,20,16.44138462489843,36938.14089278009,1,4,0,0,High School,0.19282280767650697,1175.2192534947062,0.25930542451120975,0
41,Female,White,50705.90781490432,737,0.408865608177315,113911.69029164198,20,4.66017151553142,28293.912209511152,5,0,0,1,Master,0.44513348616884457,474.6320428818416,0.11232585629613673,1
55,Female,Black,35543.30409643501,726,0.5396505232946794,349619.83548274974,20,16.44874745090881,23865.312175592244,1,4,1,0,Bachelor,0.10166272187433918,1456.7493145114572,0.49182236200406676,1
72,Male,Hispanic,6489.0244602486055,731,0.4701642423776793,241231.01940335336,10,29.234620305025526,17589.77158270265,0,2,0,1,Bachelor,0.026899627072414556,2010.2584950279447,3.717523656770303,0
52,Male,Black,30142.625892426036,429,0.3308614590833455,197338.8098038867,10,18.927006611898747,26857.157789940007,9,0,0,0,PhD,0.15274555432041712,1644.4900816990557,0.6546835385482198,0
47,Male,Hispanic,39015.22693374849,321,0.5921779941971133,122588.47704814437,10,13.474234681491557,14774.89720677756,1,3,1,1,Master,0.3182617801706271,1021.5706420678697,0.3142067512674246,0
48,Male,White,45058.41126384561,688,0.3281280505709866,288206.8997323182,20,24.82597463818726,61536.71744971639,1,1,0,0,Master,0.1563405015830472,1200.8620822179923,0.3198147600507747,1
66,Male,Black,27406.650813789263,434,0.1562253366167666,155580.269685723,20,6.384674569564547,54238.940793361646,4,1,0,0,Master,0.17615762505844446,648.2511236905125,0.2838367058105564,1
22,Male,White,40183.8706700716,831,0.596327373626358,270921.4683886812,30,12.429792924807398,7740.897144919492,5,2,0,1,High School,0.14832294726980166,752.5596344130033,0.22473483669859595,1
79,Male,White,27380.25223028827,519,0.11141036500742366,239908.9344932287,15,15.833036754325422,16104.417406324275,2,1,0,0,Master,0.11412768885879514,1332.8274138512706,0.5841410382816936,0
77,Male,Black,47483.61296903334,632,0.3749417797438761,329142.41192577506,15,15.136196761522664,6519.818575479036,7,3,0,0,High School,0.14426464426511335,1828.5689551431947,0.4621136870108948,0
61,Female,Black,28538.17343274769,429,0.2545477443498546,215897.7681039414,10,27.62917407633457,-8134.879432004105,1,4,0,1,High School,0.1321837353085018,1799.148067532845,0.7565227277517267,0
67,Male,Black,33021.90687259071,331,0.35177607550849244,511634.80330180196,15,8.780043217400275,45602.22127382734,9,1,0,0,High School,0.06454194800565947,2842.4155738988998,1.0329199648703025,1
31,Male,Hispanic,23826.31738021722,724,0.37935647629726077,255497.15291001368,10,1.6951116218885887,17753.583722621115,2,3,1,0,Master,0.09325472753353486,2129.142940916781,1.072331694541057,1
70,Male,Black,46929.986088604324,597,0.2200479481392438,214627.00103618368,10,27.49131613541226,3586.6359918052476,3,0,1,0,Master,0.21865835082274881,1788.5583419681973,0.45733446549710366,0
73,Male,White,32671.04460095203,803,0.37842937786863096,161095.49299430393,20,6.512029714150279,-5994.020722514386,4,3,0,0,High School,0.20280545404275974,671.2312208095997,0.24654169305258397,0
28,Female,White,68135.68533350859,656,0.4780305560027688,287667.05352669774,15,11.370839219301223,23342.669859710415,4,2,1,0,Bachelor,0.23685606154124658,1598.150297370543,0.28146489573819583,1
26,Male,Black,58117.00533385798,754,0.23325491862199918,163339.19052470988,30,15.926748735542315,25374.62128666326,5,3,0,1,Bachelor,0.35580564068649567,453.71997367974967,0.09368410593215892,1
51,Male,White,48602.96263632714,700,0.2917130666569535,122579.63888911261,10,29.276414116446404,26172.559466591167,3,1,0,0,Bachelor,0.39650110798820437,1021.4969907426051,0.25220610481364636,1
29,Female,White,34050.29005312423,754,0.23412134658202896,153131.52883457195,10,16.05805324885794,36053.6317211374,9,4,0,0,Bachelor,0.22235976034634103,1276.0960736214329,0.4497216575707895,1
52,Male,White,57610.40610632606,333,0.5102798654941012,180784.60644931486,30,13.432299196454371,33444.70328798414,6,3,1,0,Bachelor,0.31866875857308036,502.17946235920795,0.10460182379531566,1
52,Female,Black,63814.01778697274,547,0.4624911296047983,424978.40227814426,15,17.5091543855294,689.4431241638413,7,2,0,0,Bachelor,0.1501582608548824,2360.9911237674683,0.44397601761714195,1
18,Male,White,52853.7682440326,341,0.5355982186092036,229247.30422230903,30,29.124244797514134,3672.1490257377827,3,0,0,0,Master,0.230553499520232,636.7980672841918,0.14457960257683358,0
57,Male,Hispanic,82074.0371093386,422,0.18502494645082965,133899.46041043935,15,24.538337962693213,34619.931471082506,8,2,0,0,Bachelor,0.6129527098746977,743.8858911691075,0.10876314859639814,1
39,Male,Black,59192.74636149632,326,0.13678981907987578,308879.36331305385,15,5.0690440893576625,10733.296554391804,5,0,0,0,Master,0.19163710299902292,1715.9964628502992,0.3478797457453037,1
77,Male,White,68272.14435136068,761,0.15969175192933668,218850.9284433645,15,24.09780044712627,-1996.2427053042738,7,3,1,1,High School,0.3119572982256209,1215.8384913520251,0.21370446226409642,0
46,Female,Hispanic,52671.30831071956,446,0.1805091664121182,329476.3431412261,15,25.232971794116654,-604.6998934306648,8,4,0,1,High School,0.15986370313738318,1830.4241285623673,0.4170219090281856,0
25,Female,Black,63513.28906513953,795,0.3665413303374012,391175.7801309897,15,20.72082311875399,34053.94235124675,0,2,0,0,High School,0.16236508570104052,2173.198778505498,0.4105973053185745,0
28,Male,Black,34064.37534661649,785,0.5854560351813825,50823.923745217355,15,19.71700377501793,33790.7433466496,4,4,0,1,High School,0.670242925701344,282.3551319178742,0.0994664234566989,1
58,Male,Black,40832.03273574413,759,0.27861770830839105,-37509.5272450193,10,13.226310025434127,21922.87274889421,6,3,0,1,PhD,-1.0885776423952664,-312.5793937084942,-0.09186299268462253,0
54,Female,White,56987.2710696476,427,0.5792541346801026,399146.89398824703,20,19.250861613583613,5858.537579693959,9,4,0,0,Bachelor,0.14277267824944068,1663.1120582843625,0.3502070607139842,1
31,Female,Black,56841.98963114763,675,0.11910039749458987,131267.75747425438,10,22.127249164567733,19055.609040302374,1,4,0,0,Bachelor,0.43302323986372726,1093.8979789521197,0.23093448756115276,0
77,Male,White,60152.23645886495,382,0.5634361014073291,30149.008100401785,10,3.684607442228971,17604.697101356298,6,2,0,0,Bachelor,1.9951646919376869,251.24173417001487,0.050121175662386476,1
47,Male,Asian,72007.85784557459,834,0.1905763036524856,147513.70618709875,30,7.71989880550307,13393.38465120588,6,3,0,1,Bachelor,0.48814350684297464,409.7602949641632,0.06828592998996084,0
52,Male,Hispanic,21500.576563691757,822,0.5562374928596744,103238.91398200692,20,5.822456368988821,30258.591670345537,2,4,0,0,High School,0.20826039072281408,430.1621415916955,0.24008405931854762,0
38,Female,Black,30510.949047794078,402,0.1281137150577306,122748.26798352404,20,25.23635510718043,12799.832996952884,8,0,0,0,Bachelor,0.2485652103204375,511.4511165980168,0.20115445735765905,0
54,Male,White,54591.452821485065,818,0.5741097237475163,285574.3443556822,20,20.40007774595303,28103.172817180697,6,1,0,1,Bachelor,0.19116371586059402,1189.8931014820091,0.2615559117738769,1
22,Male,White,35512.72736393078,661,0.20039913215943042,164060.2964106205,15,13.523356187255297,25007.525134144125,9,0,0,1,PhD,0.21646143607498597,911.446091170114,0.3079840357502395,1
36,Female,White,117555.36482578724,555,0.2513570300365804,38212.71542455064,15,24.781672514654044,-1621.9780165411867,4,4,0,0,Bachelor,3.0763415664059583,212.29286346972577,0.02167076224391828,0
76,Male,White,60314.39238340272,546,0.34547117205147904,203254.01012872465,15,21.50344019977532,49900.13757071215,6,3,1,0,PhD,0.2967439232574278,1129.1889451595814,0.2246605960278849,1
31,Male,White,48433.383021396854,491,0.2903604406177376,114884.83065364034,10,27.407792446358904,28653.833463213945,6,0,0,0,Bachelor,0.4215820552272551,957.3735887803361,0.23720174699109214,1
43,Male,Black,39690.614538322814,834,0.43376398463157495,175065.22995065292,20,2.3042098829374726,-3889.9625442313154,5,3,0,0,High School,0.22671900382223661,729.4384581277205,0.2205373134014097,0
79,Male,White,40396.754336139114,613,0.5874038836250387,180789.54434501042,20,15.274721446237058,-1553.2950014273556,3,0,0,0,Bachelor,0.22344629764123866,753.2897681042101,0.22376741314496557,1
21,Male,Asian,50602.813226303544,575,0.4032132454024704,284548.2284145223,10,21.202437107287654,43762.40048071377,7,3,0,1,Master,0.17783562915945028,2371.235236787686,0.5623170141588354,1
42,Male,White,52239.63865242516,672,0.4607427047182746,149461.2083362973,15,6.224795604145372,22696.394909034934,1,4,1,1,Bachelor,0.34951971306750457,830.3400463127629,0.19073793029176295,1
62,Male,Asian,40866.017106129744,743,0.14400262515285076,269778.33900455735,30,9.813786959140922,28411.540390396975,7,2,0,1,High School,0.15147997892239745,749.3842750126593,0.22005108246291646,0
59,Male,Asian,44536.955069601965,494,0.41390621453500265,40488.427763247455,20,12.569287539594798,25818.46049079859,4,0,1,0,High School,1.0999922083916895,168.7017823468644,0.04545486742411161,1
42,Female,Black,76885.69150469193,557,0.32692488852320656,289876.4668739664,10,23.829768548117674,36310.39822412159,6,3,0,0,High School,0.265236058428022,2415.63722394972,0.37702264387682166,1
35,Female,Hispanic,77690.09925302069,659,0.5428911789598142,329893.03257321374,15,14.807286031715854,36977.412429621596,2,0,1,0,Bachelor,0.2355008793214776,1832.7390698511874,0.2830845764089964,1
57,Male,White,55040.67959869754,847,0.294105549821551,176976.48750674922,10,14.786100985433679,6836.523766665692,6,3,1,0,Master,0.3110056051745207,1474.8040625562435,0.32153761326547486,0
25,Male,Black,23174.805455265247,407,0.43972707202495953,118140.97667509834,30,12.92662855656436,27547.856352480838,8,3,1,1,Bachelor,0.19616229785367953,328.16937965305095,0.16992731884797344,1
56,Male,White,60770.063132780866,323,0.21407686412953955,92239.91125352822,30,6.857672678889461,-1074.5620018512782,6,2,0,0,Master,0.6588261231708025,256.22197570424504,0.050595038904812185,1
57,Male,White,81085.64883222053,764,0.229686266762098,197451.29629443886,15,27.69214606838294,3681.2078416430213,0,3,1,0,Bachelor,0.4106615168092177,1096.9516460802158,0.16233969811599905,0
31,Male,Black,77395.62203924757,321,0.28806121546113683,321607.1919120379,10,9.534033619700264,15449.315913637416,8,0,0,0,Bachelor,0.24065264703538058,2680.0599326003157,0.4155366717628419,1
49,Female,White,64688.51705619334,801,0.2520317687532514,157422.18376855197,15,17.023969823097016,-5507.576208072347,6,4,0,0,High School,0.4109237688590373,874.5676876030665,0.16223609272292036,0
68,Male,Black,78448.45910571644,800,0.22693941969503742,311144.2246380659,10,4.463392065669195,8335.271416573913,1,1,0,1,Master,0.2521289257320154,2592.868538650549,0.39662248077909434,1
78,Male,White,51067.68544958044,706,0.12483435295040465,84861.62648931162,10,13.027301762971415,-12585.975469410907,4,3,0,1,High School,0.6017759447023143,707.1802207442635,0.166174804560305,1
55,Male,White,62562.0593966741,629,0.5183731658762295,164845.7083551588,30,27.114105485076532,19699.377371697505,9,1,0,1,High School,0.37951888478579393,457.9047454309967,0.08783049979751906,0
50,Female,White,36384.488673496395,585,0.13215076544564217,195640.39655491855,10,29.863957155317763,44639.00868746071,1,4,1,1,High School,0.18597635924993047,1630.3366379576546,0.5377027510556419,0
40,Male,White,55845.309123114246,446,0.5436827578014838,221639.48742479485,10,10.852555702004013,20480.44895024772,6,1,1,0,High School,0.25196461953587257,1846.995728539957,0.3968811184054469,1
32,Female,White,76590.68487941049,683,0.16273269453403014,166723.98332909937,30,4.6197163894300655,20523.166225371857,8,3,0,0,Bachelor,0.45938612639926435,463.1221759141649,0.07256060080569884,0
50,Male,White,38211.53177026218,310,0.13263086853132952,324664.3306286349,20,9.433545801911853,14609.58094878864,3,0,0,0,Bachelor,0.11769550321796879,1352.7680442859787,0.4248250666586759,0
42,Female,White,32771.13141071427,575,0.3815023819903486,326234.37967402296,20,9.817253051610583,34652.290425074985,2,2,0,1,Bachelor,0.10045272188498204,1359.309915308429,0.49774659224515383,1
34,Female,Hispanic,51949.778780473935,602,0.35122089628736086,182517.9556602583,20,19.33526382846953,19222.813672842665,5,3,0,0,Bachelor,0.2846283183073453,760.4914819177429,0.17566769286114872,0
50,Male,White,45466.75592552001,503,0.3456172844159425,147950.3291136524,20,14.884701734836808,3510.0961906461926,7,3,0,0,Bachelor,0.3073109481939265,616.4597046402183,0.1627016554205151,1
64,Male,Black,62982.95442140841,644,0.38725216375069893,139958.49154830107,10,23.053791847968913,22544.8728999715,7,2,1,0,High School,0.45001166935035425,1166.320762902509,0.22221645972950432,0
72,Male,White,40934.80948105916,565,0.24352830305957787,303439.1622299562,20,21.039098534924435,43286.880357943686,7,2,1,1,Master,0.13490285558472973,1264.3298426248175,0.370637076459779,1
19,Male,Hispanic,84368.79231205428,321,0.43147463671480557,133498.43868907116,20,7.539261717757388,-1411.035702407069,4,2,0,1,Bachelor,0.6319833635549561,556.2434945377966,0.07911600665996343,1
31,Female,White,24206.478040778886,835,0.35120110985359165,53860.9936064246,10,23.52767069657334,5885.156451204824,5,2,1,0,High School,0.4494250183660093,448.84161338687164,0.22250652703664248,0
70,Female,White,75074.6957243947,395,0.2673717334786626,68784.1716196462,20,25.423856007444478,18433.512612579827,1,2,0,1,PhD,1.091453076436437,286.60071508185916,0.04581048977684737,0
57,Female,Black,34703.015433837936,744,0.5132503334903641,266697.5746905358,20,17.951705692620052,14742.510425672486,5,3,0,1,High School,0.13012122616452662,1111.239894543899,0.38425706146343475,1
57,Female,White,14080.345308319535,562,0.4638605481633551,63464.07526436364,15,27.830031277457284,26299.664696039,4,1,0,0,Master,0.22186323915801123,352.5781959131313,0.3004854112816166,1
68,Male,Black,54757.503126977346,682,0.29680517097231096,160107.8810855646,20,23.488443682036507,5255.406958502901,2,0,0,0,Bachelor,0.34200379616362503,667.1161711898525,0.14619720763590147,0
56,Male,White,44907.84027972233,849,0.5238088926144364,210215.86309497495,15,17.86187720619597,12054.141404675032,7,3,0,1,High School,0.21362726684157557,1167.8659060831942,0.31207002576176845,1
68,Female,Asian,27807.812641939385,691,0.5601291250558871,31789.490532719472,20,27.184979919399904,20786.642211945582,3,4,0,0,PhD,0.8747486095544084,132.4562105529978,0.05715927919619066,1
23,Male,White,16372.46216569472,839,0.3684331335421812,218227.26092242112,10,18.01075440721617,21300.8435796188,1,3,0,1,Bachelor,0.07502482548005339,1818.5605076868426,1.3328921375043608,1
23,Female,White,49832.78425457086,391,0.2074762250784604,167543.13354045307,20,15.635733820120205,59050.62645804262,2,3,0,0,Master,0.2974325667756405,698.0963897518878,0.16810533070413916,1
20,Male,Hispanic,69516.73783247636,458,0.5578960782734934,9269.458795087034,30,10.687750212333082,31749.33256577991,1,1,1,0,High School,7.4995465613722105,25.748496653019536,0.004444713165062909,0
24,Male,White,61699.06986172889,527,0.19473981004775862,219522.5650163982,10,26.48589991783336,-3108.4727075499286,1,2,1,0,Bachelor,0.2810602630172438,1829.354708469985,0.355795582507744,1
68,Female,Hispanic,51134.13297678531,772,0.12421161320863458,239580.10052174996,20,3.681815126184648,4769.373595491668,2,4,0,1,PhD,0.213432304542101,998.2504188406249,0.23426631740340484,0
25,Male,White,59576.9514643547,671,0.26374350443656547,218467.67292337134,20,14.20508142652369,-423.9345624183261,6,1,0,0,Bachelor,0.2727037399498992,910.2819705140472,0.18334915395434595,1
59,Female,Hispanic,49455.71735244286,675,0.46348317223051994,250431.14914764458,10,16.122399956250653,44209.59344174824,9,0,0,1,High School,0.1974822921220781,2086.9262428970383,0.506374515534703,0
69,Female,White,21405.515139392577,336,0.5616370431767748,225811.761597042,30,16.642473203093306,3962.236075073337,0,4,0,0,Bachelor,0.09479362362705636,627.2548933251167,0.35164109206834043,0
32,Female,Hispanic,21582.120295531135,336,0.4186428234072199,273015.2114062217,10,19.556694914557294,28810.435066020265,9,4,1,0,Bachelor,0.07905098102178239,2275.126761718514,1.2650064389769577,0
64,Female,Hispanic,45936.629420306424,400,0.57591927348333,105413.77939679669,30,15.173868727614469,27306.727378056057,5,1,0,0,Bachelor,0.4357744280033123,292.8160538799908,0.07649217391223326,1
46,Male,White,46786.93427267851,842,0.14618541963794832,60317.31910970787,10,7.704544429197812,-1985.7358197226058,0,4,0,0,PhD,0.775679936762115,502.64432591423224,0.12891915242442056,1
50,Female,White,67019.6535701353,489,0.13037686479401003,83867.83900125265,10,25.708331884184993,13716.879805585393,2,3,0,0,Master,0.7991102950576119,698.8986583437721,0.12513917117384965,1
69,Male,White,65146.08447549494,811,0.40209597537183206,118784.1633120813,15,19.725759835065848,16033.731330693443,3,3,0,1,High School,0.5484408245932315,659.9120184004516,0.12155671802169743,1
47,Male,Asian,62102.66031517899,389,0.5830581612463774,402195.6153595149,15,25.745634411309187,-3714.717337635295,7,2,0,1,Master,0.15440909334545236,2234.4200853306384,0.4317535011847806,0
56,Female,White,44394.34573845639,305,0.351360654477362,119668.76216774844,10,8.281304729411302,46774.983529180776,1,1,0,0,PhD,0.3709768943396071,997.239684731237,0.26955856692372865,0
44,Male,White,22386.95659779721,438,0.12575761296965257,147822.9074409178,15,19.11170684708465,22555.45010307305,6,3,0,1,Bachelor,0.15144443432588334,821.2383746717655,0.4402054586120414,1
53,Male,White,58241.42274132048,394,0.2106093280387281,176568.96691030066,20,21.42521235229185,43897.00910006247,2,4,1,0,High School,0.32985084389663943,735.7040287929194,0.15158366554207686,1
46,Male,White,60503.38626524337,685,0.22239645320788534,164325.20087621227,20,11.502154811035153,53120.89884543809,0,4,1,1,High School,0.36819298526719063,684.6883369842178,0.1357983503235836,0
55,Male,Black,2229.37075044628,422,0.268928564568475,381521.0056037539,20,24.367323546207036,22394.13386573062,5,3,0,0,High School,0.005843376164618561,1589.6708566823079,8.556697120193675,0
74,Female,Asian,33313.23626834675,584,0.12180169179310632,27439.51176205353,15,0.07526324526890171,25603.859394536077,1,1,0,0,PhD,1.2140608243043185,152.4417320114085,0.05491213070388629,1
50,Male,Black,36178.91245212208,665,0.5524463502489582,418537.17332849465,15,17.847592506426647,8183.122216075968,2,1,0,0,Bachelor,0.08644133605720743,2325.206518491637,0.7712359584834071,1
78,Female,Hispanic,52367.004022468725,789,0.3577819723607476,214469.4213193085,20,18.407054110563912,40003.800290885876,5,0,1,1,Bachelor,0.24417002526669368,893.6225888304521,0.20477534023837576,1
54,Female,Black,33932.79134468612,624,0.4354653964770545,296148.56507091684,10,16.015292791159062,19282.67462045047,2,1,0,0,High School,0.11458029971058765,2467.904708924307,0.8727503790144095,1
44,Female,White,49237.30862350719,706,0.1335864184475045,202036.90549462906,20,18.901454607583485,13649.419356989214,4,3,0,1,High School,0.24370452766025025,841.8204395609544,0.20516647958919032,0
72,Male,White,45789.30119294016,818,0.1270577339018247,281526.91015015723,15,5.016805710698106,8484.88126197608,2,0,1,1,Bachelor,0.16264626769965845,1564.0383897230956,0.4098874668908659,1
50,Female,Black,46817.01056924544,376,0.39323388602027365,105564.04094546019,30,20.543444454071274,21098.92748254839,6,4,0,0,Master,0.4434939222668969,293.2334470707228,0.07516074439746925,0
79,Male,Asian,35672.11412598508,533,0.543648005252104,64502.722928655654,20,10.073668885099957,29322.805186800004,6,3,0,0,Bachelor,0.5530326861618049,268.7613455360652,0.09041056930470676,0
21,Female,Hispanic,37220.29891866645,783,0.3642410004797735,459312.101769616,20,13.561612277277534,23054.68620488574,0,2,0,0,High School,0.08103487536092743,1913.8004240400667,0.6170182872164753,1
39,Male,White,28394.658804386145,763,0.5389095862850357,391347.1558706324,15,9.99328091988806,26937.229224119503,5,2,0,0,Master,0.0725561905291387,2174.1508659479578,0.9188280997180138,1
19,Female,White,57601.34881147664,570,0.5054956365276196,94622.16453700176,15,14.218086104984561,16765.04974312232,2,1,0,0,PhD,0.6087511218257089,525.678691872232,0.10951382966938325,0
27,Female,White,61422.052571827364,766,0.13792689289746038,271654.7152734463,15,18.647076795352433,27572.35613653107,6,0,0,0,Bachelor,0.22610339198419668,1509.1928626302572,0.2948503606320346,1
22,Male,Asian,34587.640997493225,768,0.20097873719284495,315787.6914475647,15,25.15030412686653,27111.806197029153,0,0,0,1,Bachelor,0.10952814797481226,1754.3760635975816,0.6086715415109339,1
76,Male,Hispanic,80412.80192034089,846,0.4288553345776712,266018.8239857944,20,14.50305172920663,38222.51258296844,9,4,0,0,High School,0.30228237504213235,1108.4117666074767,0.16540825442777127,1
27,Female,Hispanic,43707.971051159024,569,0.32175069127502076,179167.24342060878,15,9.696714828108098,32093.926985962557,2,1,1,0,Bachelor,0.2439506810324208,995.3735745589377,0.2732792808141689,1
50,Male,White,80603.71247593121,677,0.24534990682346028,402449.93192824186,30,14.63825636776153,22319.34749737241,9,0,0,0,Bachelor,0.20028258444407718,1117.9164775784495,0.1664315118853514,1
71,Female,Black,37157.45652336793,476,0.3093169280239896,268766.26237950154,10,20.664109922115465,26221.320657193985,1,3,0,0,Master,0.13825193755494916,2239.718853162513,0.7233171684140364,0
55,Male,White,9468.444468011287,573,0.3225998231353172,107209.6334240932,15,10.401021501773869,2730.0342877109397,7,4,0,0,Bachelor,0.08831710514815962,595.6090745782956,0.7548556596689571,1
30,Male,White,58043.956498247026,326,0.5552761254107983,161311.36988617928,15,12.428462241702185,39168.05785530732,7,0,0,1,Bachelor,0.3598255754644117,896.1742771454404,0.18527495323427975,1
48,Female,Black,54970.90210237975,359,0.15172914185247652,93002.3045376108,20,16.885194510262092,16256.725814056757,8,2,0,0,Bachelor,0.5910703221353952,387.509602240045,0.08459230336478746,1
64,Female,White,50687.87590615166,516,0.2398653734038075,189260.31485511796,10,8.820277914820501,18129.35223847515,8,2,0,1,High School,0.2678209425201163,1577.1692904593162,0.3733837953784697,1
53,Female,White,37155.35043112021,569,0.368782408291357,186025.45855325038,10,6.272539786333253,12823.904092670395,1,0,1,0,PhD,0.19973261036464196,1550.21215461042,0.5006693690000593,1
62,Male,Hispanic,49308.55549028362,415,0.44914346331529587,275536.2615868472,10,4.211768515897859,6699.675060392376,6,2,0,0,Master,0.1789548686126087,2296.135513223727,0.5588001085149256,0
41,Female,Hispanic,39774.810842609455,544,0.41531864447962186,274064.8158802434,15,10.578299493782229,7736.8149592682585,6,3,0,0,Bachelor,0.14512921228089942,1522.5823104457966,0.4593607697506998,0
69,Male,White,43953.00867336499,384,0.5708213688686973,238833.92862190114,20,1.4502871931417116,3836.0990742468257,3,4,0,0,High School,0.1840316781077916,995.1413692579214,0.27169235489291055,0
73,Female,Black,66832.64511530151,749,0.49780446240973664,236139.8971265925,20,17.504475801285047,16408.45639639025,5,3,0,0,Master,0.28302140353467303,983.9162380274687,0.1766650838966477,0
32,Female,White,53684.34459060187,835,0.37853842098721513,304326.6755414496,15,5.2772809799257345,32500.340376068,0,2,0,1,Bachelor,0.1764036770522603,1690.7037530080531,0.37792107160508,0
46,Male,Hispanic,62199.02774663955,388,0.20734134583675376,177416.22562862947,10,11.321843769901283,19659.819757175414,5,0,1,1,Master,0.35058252156054526,1478.4685469052456,0.285239548038136,0
25,Male,Hispanic,45362.629867484204,848,0.3254371157011199,-39306.17633804999,10,8.076684461951176,29951.457110514857,0,0,0,1,High School,-1.1540840166529074,-327.55146948374994,-0.08664880420926509,0
22,Male,Hispanic,43159.6530839045,806,0.4466911220972387,411096.7952448771,20,18.911698990252482,27218.016201607352,4,4,0,1,High School,0.10498659581667545,1712.9033135203213,0.47625127389889416,0
46,Female,Hispanic,26930.349382227127,707,0.5189810874180425,108926.01284105699,30,25.51036984400599,13272.93541852634,3,2,0,0,Bachelor,0.24723524417921586,302.57225789182496,0.13482435905930415,0
64,Male,White,42599.26774863606,570,0.5798681122111937,269546.6641138615,15,18.99903128965035,38572.62739125258,5,2,1,0,Bachelor,0.15804041904462726,1497.4814672992306,0.42183301632376347,1
21,Female,White,-16422.291111782775,823,0.4027263830689588,165937.8749354424,30,16.275147860201816,34988.663044771194,4,2,1,0,High School,-0.09896650248276238,460.93854148734005,-0.3368143007694872,1
29,Male,White,38195.5606738873,793,0.36345968365221626,339803.09650348604,30,20.072512179661263,32318.46490635682,4,1,0,0,High School,0.11240498119915,943.8974902874612,0.2965467631214318,1
62,Female,White,48362.51645618322,747,0.10884596156057416,103830.838497415,10,0.899719132805995,26237.687795103928,2,0,0,0,Bachelor,0.4657818154611866,865.2569874784583,0.2146927953831486,0
19,Female,Hispanic,61273.47308540312,842,0.13604953457508998,128921.45013985346,30,3.685339828863593,14903.505365345523,9,2,1,0,Master,0.4752775664478945,358.11513927737076,0.07013445549820145,1
44,Male,White,44626.442449500864,649,0.17805249881870014,150223.31756669504,15,2.8478170791313273,14869.927398938275,1,4,1,1,High School,0.297067347282408,834.5739864816392,0.22441600289139077,0
48,Male,White,56953.47084489999,627,0.12737996559481404,255429.58974564695,20,2.9459149724635205,19551.817888476384,6,1,0,0,Bachelor,0.22297131237462903,1064.289957273529,0.22424409430748493,1
68,Male,White,6404.226772195092,585,0.3004316194024632,222303.70511531012,15,7.81451145589644,40668.851676373924,9,2,0,0,Bachelor,0.02880845719091,1235.0205839739451,2.314135263296993,1
68,Female,Asian,48863.262955861006,334,0.2684392725694361,256520.82330749556,15,15.961567811496156,36765.85785829176,7,0,0,0,Master,0.19048458649802413,1425.115685041642,0.3499845729898896,1
53,Female,White,16409.944141731932,832,0.4186770789341965,212675.7043739063,15,3.4404473597024134,-1639.417613998292,4,1,0,1,High School,0.07715946769773721,1181.5316909661462,0.8640114901754531,0
53,Male,Black,25833.929686813346,787,0.36783255396670134,293202.88940468885,15,28.05348723568168,23894.873259075463,8,3,1,1,High School,0.08810939666817695,1628.9049411371602,0.7566351511602747,1
43,Female,White,46256.689042722785,786,0.3979853796939299,294879.9405364417,30,25.627704079632462,-17307.713789872032,0,4,1,0,Bachelor,0.15686617732821442,819.1109459345603,0.21249535050241772,1
60,Male,White,75525.27975747109,444,0.33598860146882703,351448.0297758265,10,29.14933061498946,13379.899834167249,2,0,1,1,High School,0.2148974339268466,2928.7335814652206,0.4653382693906018,1
44,Male,White,57424.13526940117,823,0.23886857427712857,234379.65798799513,20,1.2750013526547177,9842.819198510402,7,3,0,0,Bachelor,0.24500477457110387,976.581908283313,0.20407765557846014,0
22,Female,Hispanic,50364.61994274234,445,0.5764126574732386,233902.09913263255,10,25.54207341267949,28340.99183960025,4,0,0,0,Bachelor,0.21532350555855181,1949.1841594386046,0.46441748076039713,0
37,Male,Black,49609.392210657956,802,0.1432045798800695,376700.8626634792,30,24.112022263244683,3678.8382738515065,1,4,0,1,PhD,0.13169439501649313,1046.391285176331,0.2531112529820175,0
28,Male,Hispanic,35727.42213591065,826,0.5694454997326536,319740.2611398549,10,27.06317593807381,-2925.1415878279367,9,2,1,0,Bachelor,0.11173889083765845,2664.5021761654575,0.8949435532279134,0
79,Male,White,39120.33173254633,571,0.2556190234323673,251873.44358764836,10,15.83832502979426,12517.134516784781,8,3,0,1,High School,0.15531741328232967,2098.945363230403,0.6438428112257064,0
27,Male,White,58547.52090941594,833,0.35633072268364874,60552.66437266825,30,23.636672123270202,19882.566916555363,0,3,1,1,Bachelor,0.9668859581320525,168.20184547963404,0.034474937869333325,1
57,Male,Asian,22292.789631110114,394,0.15442116141377307,31631.860156100185,10,1.5386063802795724,-6083.238013209942,2,1,0,1,Master,0.7047574667154364,263.5988346341682,0.14189278542312703,1
55,Male,White,61861.081005660424,746,0.13546553418550464,261270.63296193024,20,2.2763336845196647,37067.13696914753,3,2,0,0,Master,0.2367701272215856,1088.627637341376,0.21117528882014153,0
23,Female,Black,42229.85865762294,714,0.3147727243593015,265392.48202008934,30,3.5559672284876473,16980.15355699855,6,4,1,1,PhD,0.1591222868718123,737.2013389446927,0.2094824929218521,0
25,Male,Hispanic,66511.1414973913,556,0.47084868818983905,127721.34803393927,20,27.44366589894624,20379.32242137036,3,1,1,1,Master,0.5207519535396492,532.1722834747469,0.09601500226766424,1
40,Male,White,69221.86914464166,561,0.23468238877427447,235389.72266697814,10,1.835080481653466,36539.318194113686,1,3,1,1,High School,0.29407345554578246,1961.5810222248178,0.34005109306586706,1
64,Male,Hispanic,16538.319749885202,386,0.38117394446766006,108685.4426926826,15,3.0044858009733275,9007.267323337479,1,0,0,0,High School,0.15216683430778047,603.8080149593478,0.43811561809732624,1
43,Male,White,38368.384735455635,735,0.23932517026140918,257217.93837246473,15,27.91231207888581,42219.38322680001,9,4,1,0,Bachelor,0.14916683096921587,1428.9885465136929,0.4469268820253003,1
63,Female,White,32889.44624118753,407,0.29430653044652044,259822.08130885605,30,3.221777454968345,20083.186168863267,0,1,0,0,Master,0.12658449226296184,721.7280036357113,0.2633287280094937,1
60,Female,White,13745.440698537139,318,0.5532231592369123,259174.26543810812,15,26.092688961761215,31879.632832496813,6,2,0,0,High School,0.053035515217152635,1439.8570302117118,1.2570193085463885,1
29,Male,Hispanic,29349.33447581179,664,0.5279198127474598,233553.56540969378,15,23.67812364186859,26659.451654248485,8,0,1,0,High School,0.12566425361277583,1297.519807831632,0.5305141657236477,1
43,Female,White,98825.1169053068,678,0.35800877170881495,170587.772987464,15,1.2084596559646277,30304.994434826793,9,1,0,0,PhD,0.5793212208272932,947.7098499303556,0.11507720461450398,1
30,Male,Hispanic,62190.1979242488,459,0.21905281373603938,178830.64104291034,30,0.6554219066889,21140.31951899039,1,4,0,0,PhD,0.3477603030530226,496.75178067475093,0.09585146159782085,0
57,Male,Asian,88345.75937211508,399,0.19659195636651142,315909.8581861674,20,16.031651505407794,12978.143614922414,6,0,0,0,High School,0.27965496195453465,1316.2910757756974,0.1787917498425393,1
79,Male,Black,66581.96880036671,564,0.5770436765178572,241491.48557162032,15,29.915262113003017,49081.44500484325,7,1,0,0,High School,0.2757114547652247,1341.6193642867795,0.24179868305955957,0
35,Male,Black,35163.13677983049,348,0.20135829825534377,248808.89996675448,30,26.364904802969594,19697.96815263397,2,1,1,1,Master,0.1413258801615575,691.1358332409847,0.23586149469034362,0
42,Male,White,42364.57606651914,714,0.5040841554562696,208648.98174059376,20,9.300763001138538,3535.0127799522706,3,4,1,1,Bachelor,0.20304233317174578,869.370757252474,0.24625406544017056,0
50,Female,White,61768.723604806146,358,0.28448510476776867,265144.9836013225,30,11.589277023462103,42032.18710358038,8,2,0,1,Master,0.23296206764251998,736.513843337007,0.14308481063313402,1
64,Male,White,58750.124069460726,482,0.5928299237791191,295893.06885694544,15,11.637179887143033,15338.429893350913,3,0,0,1,Bachelor,0.19855187651544645,1643.8503825385858,0.335764475444181,0
57,Female,Black,38453.15968583332,746,0.28407787018139397,137203.29418747034,15,22.025364477150443,-5848.229638392309,5,1,1,0,Master,0.2802641140182255,762.2405232637241,0.23787086299008423,0
77,Male,Asian,19800.136588415862,600,0.2757583124553631,259274.72845078327,10,10.233982579871505,7636.5619494077655,7,4,0,0,Bachelor,0.07636739880791897,2160.6227370898605,1.3094592923286843,0
60,Male,Asian,115755.22374777478,653,0.4187318144388116,177391.6136722926,10,4.433911841257822,-9371.150320744913,9,1,0,0,Master,0.6525405646380621,1478.263447269105,0.15324717790604475,1
29,Female,Hispanic,47177.00655314389,512,0.5807584033134097,231385.33314335378,10,22.41322225750651,8326.270166043032,1,4,0,1,Bachelor,0.20388935595980742,1928.211109527948,0.4904620917028789,0
61,Male,Hispanic,43485.2221363476,488,0.5881048028982164,283523.6547027846,20,13.740468547353139,46371.624642478004,0,4,0,1,Bachelor,0.1533742296808807,1181.3485612616025,0.3260000073286946,0
53,Male,White,52266.68927810604,646,0.4536030732334926,54829.87063492552,30,2.3033617105940096,26884.343846964613,6,1,0,0,Bachelor,0.9532520991361452,152.30519620812646,0.03496801461391024,1
65,Female,Black,45145.42821377943,436,0.47730318281817685,91618.01631887456,20,23.70156805476182,19928.769734802943,0,4,0,1,Bachelor,0.49275710201639517,381.7417346619774,0.10146987186059145,0
21,Female,Hispanic,52454.57815410967,329,0.3817010879865138,134060.69499818084,10,17.559337918506877,11338.517883438602,3,0,0,1,Bachelor,0.3912748487155125,1117.1724583181738,0.2555748224765345,0
22,Female,White,75738.94572232838,445,0.4778878695661659,126965.5520278881,10,14.681079758063529,17928.937315147352,4,4,0,0,Bachelor,0.5965314568607731,1058.0462668990674,0.16763575306865902,0
73,Female,Asian,47509.03040627152,767,0.5298898274852483,183765.10990972148,15,20.200295014418394,36721.155461241055,1,2,0,0,High School,0.25853128719380597,1020.9172772762304,0.25786691966876146,0
54,Female,White,26745.791213444772,802,0.3430476515975116,369238.0878461994,20,15.161030484610988,-7415.53129985727,9,2,1,1,Master,0.07243508211586594,1538.4920326924976,0.6902732562658084,1
25,Female,Black,46767.12411042778,490,0.40993113141505155,317844.6885375321,15,19.452604439654976,64091.42006141581,3,4,0,0,High School,0.14713829048272856,1765.8038252085119,0.4530884955095504,1
59,Male,Hispanic,40711.96437180178,770,0.36865834761652383,141941.01991527752,15,26.024656360959646,6760.160702445066,9,0,0,0,Master,0.28682310720397913,788.5612217515418,0.2324312964758991,1
66,Male,Asian,78477.97874493702,644,0.3812353067643386,286888.3360088586,30,18.40543104333376,16257.509318200879,6,3,0,0,Bachelor,0.27354886516722576,796.9120444690516,0.12185513295021719,0
45,Male,White,73422.38129475141,300,0.5450239549369704,195677.73263112674,10,19.788014935628247,17603.111714483624,3,3,0,0,Bachelor,0.3752209324356818,1630.647771926056,0.26650965166273455,1
48,Male,Hispanic,52150.50000861598,409,0.2778084151027851,234374.9284972754,15,18.415682082620243,17209.24778453664,0,0,1,1,Bachelor,0.22250886791938682,1302.0829360959744,0.2996135268227578,1
75,Female,Black,24425.282903614872,363,0.2040920128003121,101914.0671729447,15,15.935393328998899,9923.190165249705,9,2,0,0,PhD,0.23966547093215304,566.189262071915,0.2781655046401713,0
26,Female,White,25482.154731201084,352,0.32814005513681455,67931.64489555886,10,5.1591723292641465,33122.12773829327,3,4,0,1,High School,0.3751146431148324,566.0970407963238,0.26658516758938516,0
71,Male,Hispanic,50302.46523169107,561,0.2040425952406326,273234.853380596,10,10.070329306765963,37113.32751418279,5,1,0,1,Master,0.18409973914134392,2276.9571115049666,0.5431838223476475,1
68,Male,Black,56726.45938642562,828,0.34920021283100955,203284.5811280085,30,20.793269020743665,34329.38376317338,4,4,0,1,High School,0.2790494934325831,564.6793920222458,0.11945312253858825,1
46,Female,Black,42507.543613478905,601,0.5517540526785293,252259.71530633635,30,12.764283201053315,21336.442060378075,3,4,0,1,PhD,0.16850706250048314,700.7214314064898,0.197815645461375,1
31,Male,White,40396.608315855316,533,0.40871676024123893,359374.75940440304,15,12.183870357330697,11159.98042208046,1,3,0,0,Master,0.11240802882986328,1996.5264411355724,0.5930774461633067,0
57,Female,White,38144.01533642706,372,0.5277164266515388,176119.9964529957,15,22.77807852391674,17216.638340046466,9,4,0,0,PhD,0.21657969625616724,978.444424738865,0.3078158655639369,1
58,Male,Black,49532.120795121074,656,0.1830954598077559,177036.46039975033,15,0.16706581870983728,18703.028952289827,5,3,0,0,Master,0.2797848572168523,983.535891109724,0.23827832331538754,1
39,Male,White,2344.752958538702,783,0.5504367962685884,376866.1239579193,20,20.369834407360155,5293.574306213577,5,1,1,1,Bachelor,0.006221713254334624,1570.2755164913303,8.036371648141346,1
28,Male,White,27973.467424605802,305,0.40089358220355786,201698.92803840348,30,14.67679531470046,22672.35802157472,5,4,0,1,High School,0.13868922208292378,560.2748001066764,0.24034552096198925,0
40,Male,Asian,37458.983091052985,436,0.1158798943702399,119669.27512408943,15,11.302877437390563,46992.916422009075,3,0,0,0,High School,0.3130208907191123,664.8293062449412,0.21297833033926689,1
18,Female,Black,74150.06389903842,703,0.41655947764251844,273568.2159292585,10,10.216098347207689,17453.511102437813,7,4,1,0,High School,0.27104780300286324,2279.735132743821,0.36893861116794824,0
63,Female,Hispanic,33723.72716142141,505,0.5756984781304589,176232.38557257928,30,5.186264859455086,27498.796627691947,0,0,0,0,High School,0.1913594204144316,489.5344043682758,0.17419227786718075,1
54,Female,White,53609.36283662413,709,0.13958350023768104,117736.17822588175,30,10.027562482458093,10146.211385581379,9,3,0,0,Bachelor,0.45533466131177064,327.0449395163382,0.07320622866114244,1
38,Male,White,54530.85501861992,335,0.39122806523478604,208968.65999544086,15,11.742554163311185,33286.272304859034,7,4,0,0,Master,0.2609523122740493,1160.9369999746714,0.2554745197913941,0
43,Male,White,75958.33011321524,529,0.5577393014348574,282668.6021107913,20,13.123467582745047,10133.323899627134,7,3,0,1,High School,0.26871866753507895,1177.7858421282972,0.18606820455997136,1
63,Female,White,75251.548139283,526,0.10484758416718729,84081.78939692819,15,20.169019160325828,13801.798442475972,4,0,0,0,High School,0.8949803361586428,467.1210522051566,0.07448953230951148,0
53,Female,Black,48849.94062410167,561,0.41545646323291163,81756.42202307083,20,13.607130582690148,27761.310245154335,8,3,1,0,Bachelor,0.59750585232701,340.6517584294618,0.08368118873693543,0
71,Male,Black,40490.30517621114,430,0.3374511459154813,191994.09401194906,20,23.88852912670052,5139.106810283736,8,2,0,0,Master,0.21089349328470056,799.9753917164544,0.237086499072313,0
40,Male,White,36723.33794348619,747,0.2734946593243053,89996.73220226112,10,19.192139921351234,26487.70657547018,9,0,0,0,High School,0.4080519041619551,749.972768352176,0.24506686276927694,1
74,Female,White,45178.73555068438,485,0.41376824497268805,72392.7318029429,15,5.687912384822679,35766.71524233646,3,3,0,1,Bachelor,0.6240783352901151,402.18184334968277,0.10682419641386101,1
18,Male,White,41319.332913528,485,0.12635104729370847,200611.60670084434,20,8.315195183115403,22443.8075421719,1,4,0,0,Bachelor,0.20596681115836005,835.8816945868514,0.24275755748607916,0
71,Male,White,61072.54818716464,573,0.47653152314370006,310607.04735963495,30,2.377475593241564,33030.647472789555,0,3,1,0,High School,0.19662318903038947,862.7973537767638,0.16952900366284587,1
72,Male,White,58406.196349704085,651,0.10223973845985382,278801.73575606383,15,28.371652647699666,625.2961802423451,7,1,0,1,Bachelor,0.20949007434016226,1548.8985319781325,0.31823305651424705,1
68,Male,Asian,61836.023822900315,712,0.25346787189617614,189305.89719586362,20,26.596514436878,26722.980920660488,7,0,0,0,Bachelor,0.326646051384877,788.7745716494318,0.1530708844880128,1
57,Female,Black,75185.67422872336,450,0.35197931884233924,328257.1989229576,30,2.5438867635281137,13157.499835937479,6,3,0,1,Master,0.22904501249451514,911.8255525637711,0.14553180167645674,0
32,Female,Black,87257.38242800353,683,0.2885111252832758,373495.95767688414,10,17.2222804754238,25779.73912002501,2,2,0,1,PhD,0.23362336495082217,3112.4663139740346,0.42803937877125453,1
38,Male,White,52493.26786815114,335,0.2537379676027912,249122.14913635928,10,28.812054565824557,43726.3267359556,2,1,1,0,PhD,0.21071296972240902,2076.0179094696605,0.4745792351165612,1
64,Male,Asian,71989.27542791306,625,0.5154175727340481,163380.83613513655,15,22.414283698384672,-24773.868214096394,9,0,0,0,Bachelor,0.4406225181046867,907.6713118618698,0.15130108863575478,1
26,Male,Black,42966.7963233157,764,0.5674162871359545,356261.5824670779,15,14.75436581912018,10689.291354015446,7,1,0,1,High School,0.1206046299625536,1979.2310137059883,0.5527703761237519,0
70,Male,Hispanic,73700.13967166032,765,0.5368563424529443,351854.8556444603,15,7.233089667199045,-14363.157413401794,7,4,1,0,High School,0.20946176666134259,1954.7491980247794,0.3182760640726057,0
26,Male,White,71230.18314351689,394,0.3612156565249999,225339.61534892247,15,8.371112252438868,1534.512801137571,1,2,1,0,Bachelor,0.31610146770341285,1251.8867519384582,0.210902743195162,1
27,Female,Asian,70168.31939885982,433,0.5420820875967415,322284.54900629754,15,22.08713864014082,12870.920802331317,0,4,1,1,PhD,0.21772163640860334,1790.469716701653,0.306201385247499,0
69,Male,Hispanic,51881.39682383048,461,0.5604307825907718,121871.53460791704,20,23.4172581973154,32899.10669200313,0,3,1,0,Bachelor,0.4257056169083486,507.798060866321,0.11745205610186875,0
74,Male,Hispanic,36632.836720182226,599,0.304619198523731,-6724.02806590026,30,15.860799730542977,32117.276598832254,0,1,0,0,PhD,-5.448049347973321,-18.677855738611832,-0.006118397834581538,0
70,Male,White,22109.43124269047,655,0.24172292975272272,102881.08933945523,15,3.6284610455011435,31683.366242511576,2,4,1,1,High School,0.21490277158458734,571.5616074414179,0.31021780768623625,0
43,Male,White,49199.25584957802,539,0.14913260290666017,220656.96801445694,30,28.016051208797837,28402.708919629993,0,3,1,1,High School,0.22296715255488597,612.9360222623804,0.1494988519671208,1
58,Male,White,80660.25084498366,466,0.3395459605246145,192582.0360156614,20,25.342882037002045,-115.94377753306253,7,2,0,1,Master,0.41883579857066267,802.4251500652558,0.1193785253567918,0
52,Male,White,43803.101972718534,439,0.5731484602192207,296186.283065109,20,4.216163370822685,32030.761981189054,7,4,0,0,Master,0.14789038006560737,1234.1095127712874,0.3380882514320331,1
69,Female,Hispanic,65702.5317092011,438,0.3804537640351855,51434.45005079018,20,1.7018275088655666,9833.280564163442,8,1,0,1,Bachelor,1.2774032121335321,214.3102085449591,0.03914190877639135,0
42,Male,White,66879.02801037862,534,0.43378105089308583,53388.84201259469,15,16.07603048249201,26718.627170997934,3,4,0,0,High School,1.252678003291428,296.60467784774823,0.05321931613032169,1
43,Male,White,44326.275581456546,302,0.1564419092459238,276230.44655803056,10,8.524278531885779,6229.479371301031,7,2,0,0,High School,0.16046846440638277,2301.920387983588,0.6231754031543062,1
28,Female,White,76326.89675039038,555,0.17175983207112813,56407.334292329615,10,8.49749128243704,17293.009052777907,6,3,0,0,High School,1.3531378092577133,470.0611191027468,0.07390230271878716,1
55,Female,White,-8173.214889610077,670,0.33223663097983624,172924.65084443017,15,2.616647782512352,18984.548292852724,3,4,1,0,Bachelor,-0.0472646025288958,960.6925046912787,-1.4104988320997554,0
19,Male,White,25544.9944252365,577,0.5756323994918628,202456.29330960714,15,28.601575058141623,25182.623672629146,0,4,0,1,High School,0.12617535374003766,1124.757185053373,0.5283652051732839,0
24,Female,Hispanic,31687.354072830803,815,0.2803923207957645,134951.08054175638,15,24.904993789795338,7409.8898051868855,2,0,1,0,Bachelor,0.2348062271574487,749.7282252319799,0.2839220555337466,0
35,Male,Black,33605.699542652204,511,0.5387420206587668,257786.1214096289,20,3.4150377562775045,29923.61267313185,7,3,1,0,Bachelor,0.13036271836082233,1074.108839206787,0.3835452392271256,0
44,Male,White,56725.25902371791,515,0.16014429671285577,-6186.739395566983,10,26.297963029524908,303.1069722879838,7,0,0,0,Bachelor,-9.168845719340233,-51.55616162972486,-0.010906498272630523,1
51,Male,White,55800.756061078035,569,0.408508603466855,383192.8089933372,10,20.48868167889411,45507.9078088473,1,0,0,0,Bachelor,0.14562057207615364,3193.27340827781,0.6867161594977396,1
44,Female,White,57879.811443500155,775,0.40030648845525907,166986.3964712646,30,9.76323395485826,8725.705545972114,6,2,0,1,Bachelor,0.34661393183282596,463.8511013090683,0.09616847527470479,1
34,Female,White,61921.62988264974,827,0.5299373750351343,182972.8137147331,30,26.137516632453952,-9363.072775246168,0,2,1,1,Bachelor,0.33841983749121174,508.25781587425865,0.09849698404337467,0
60,Male,Black,30997.908617087014,363,0.10165835220245076,469357.7202426576,10,17.94066563345875,18918.53235514634,3,1,1,1,Bachelor,0.06604324863573378,3911.3143353554797,1.514159313263905,1
76,Male,Hispanic,25636.47866385362,759,0.19496583359878608,64009.95447706184,10,25.46009533003158,13821.928539831235,6,3,1,1,Bachelor,0.4005076846764597,533.4162873088486,0.24968309929129712,0
61,Female,Hispanic,57926.39364015726,315,0.20984381271474087,95490.2046167774,20,14.078037734617572,6229.5132054673795,3,3,1,0,High School,0.6066213165279963,397.8758525699058,0.08242374383771336,0
76,Male,Hispanic,37395.35852707122,318,0.5749830440453687,340449.72780946014,30,15.019531204854825,40185.85628800957,3,2,0,1,Bachelor,0.1098410586716648,945.6936883596115,0.3034687915105846,1
68,Male,White,18590.499092640588,624,0.17684682813494748,44353.65081656375,15,8.730300882328683,31323.295133480024,6,2,0,0,High School,0.4191424775725117,246.40917120313193,0.15905490431981645,0
71,Female,Asian,69426.88569082963,392,0.1184811751102802,249518.04408486193,20,11.630780758341247,26930.960169512444,0,0,0,1,High School,0.27824394802973573,1039.6585170202582,0.17969842777912473,0
41,Female,Hispanic,77902.03813004596,316,0.367230747370904,139371.87511506717,30,17.03256207384664,5669.095615131246,4,2,0,1,Master,0.5589509222411556,387.1440975418533,0.05963552792735513,0
42,Female,Asian,81143.21779397319,787,0.3642792312168408,38385.943815734645,15,28.41177671125852,12050.028995309825,5,4,0,0,PhD,2.1138784077705046,213.25524342074803,0.03153760709301138,1
24,Female,White,53740.1544294944,393,0.5220234826839322,252684.93557073033,15,18.00353279904404,10834.3066305594,6,3,1,0,PhD,0.21267652663231965,1403.8051976151685,0.3134650904936097,0
69,Male,Asian,62518.64191945805,309,0.5744298250889011,255625.7391209508,10,4.421345753411807,-7403.2764711103155,6,1,0,0,Master,0.2445709971712864,2130.21449267459,0.40887922589596576,0
23,Female,Hispanic,77397.36446723822,827,0.3692727210700655,200138.58548430013,10,0.2098855642946018,24071.178204270713,6,0,0,1,Master,0.3867188542376785,1667.821545702501,0.2585857888856376,1
70,Female,Hispanic,37171.684199531315,788,0.5649970912098278,406908.89450243686,15,25.529635665260397,25167.543556643905,1,4,1,0,PhD,0.09135136808691388,2260.6049694579824,0.7297829037791574,0
41,Male,White,72213.55368108183,443,0.4625795756499148,122850.26754763382,15,10.929762700984591,21832.150743874263,5,2,0,1,Master,0.5878176346102122,682.5014863757434,0.1134138595737673,0
50,Male,Hispanic,55507.92468286418,814,0.2322795639977925,286657.362382332,10,9.448978189194987,23412.39151628151,8,1,0,0,Bachelor,0.1936385802951398,2388.8113531861,0.5164260130784999,1
66,Male,Asian,68274.23304685182,769,0.5642103554719632,232734.15136270502,10,24.021933688271456,3008.0395562633967,6,2,1,1,Bachelor,0.2933571744717848,1939.4512613558752,0.34088138522624767,0
46,Male,Black,53721.86041751871,676,0.4337215880909374,297152.17651023006,10,28.360928972695064,6583.145479629195,6,4,0,0,Bachelor,0.18078905242569954,2476.2681375852503,0.5531308376158334,1
60,Female,Black,75925.13419496003,793,0.3070479663713169,149591.31708698257,10,22.44135265055869,15253.661096250995,1,1,0,1,High School,0.5075504091645372,1246.5943090581882,0.1970247648201227,0
39,Female,Asian,54470.475250830736,783,0.4401210422584654,61533.06069642259,30,5.215419387342969,40766.097524555276,6,2,1,0,Bachelor,0.8852229132492598,170.92516860117385,0.03765529883425801,1
43,Male,White,20320.41881065165,751,0.30065641387187547,131798.85465799493,10,11.741348807731267,37438.32361703389,8,4,0,0,Bachelor,0.1541775068029319,1098.3237888166245,0.6486030425165649,0
45,Male,Black,79038.53264629444,835,0.15709188399397964,193622.1436371902,20,22.78195657304222,27754.86184422135,2,4,1,0,Master,0.4082101931192183,806.7589318216258,0.12248591740921431,0
67,Female,White,31049.38518055776,374,0.4594893735884499,268089.5538960813,20,27.2077744401172,50223.12870120283,1,1,1,0,Master,0.11581721379786897,1117.0398079003387,0.4317147543133178,1
38,Male,Asian,75061.16420487828,339,0.5120438060853719,201728.67637662144,20,29.958001918489806,27646.495770511865,5,4,0,1,PhD,0.37208970758694376,840.536151569256,0.13437619740749435,0
66,Male,White,48195.14237119356,601,0.46440309950969383,221507.7021316029,10,15.346827214145573,29539.323002307017,1,2,0,1,Bachelor,0.21757772712824086,1845.8975177633577,0.45960586738301457,1
24,Male,Black,73520.21970395414,361,0.21455733387833828,372556.21861100965,15,24.675744550258493,42196.72949429603,0,1,1,0,PhD,0.19733993430053967,2069.756770061165,0.33782653725391637,1
34,Male,Black,72695.3722973353,802,0.5783175067388064,197577.7951793916,15,1.3989492833215222,30434.996950758774,9,0,1,0,Master,0.3679329057768421,1097.6544176632867,0.18119245552639207,1
37,Male,Hispanic,58602.859486307425,544,0.11262728084557797,146762.6383329608,30,8.574742492649039,44729.09419405581,3,4,1,1,High School,0.39930366578280607,407.67399536933556,0.08347865594468243,1
58,Male,Black,60170.70635254261,317,0.2663426486878203,244032.46655707306,10,11.145402100424679,20427.713003000674,8,2,0,1,Bachelor,0.24656844722941895,2033.6038879756088,0.4055668968339459,0
66,Male,Asian,58452.57234385132,697,0.23004621726744776,28418.435097182635,20,29.265715358456823,10395.083637442882,9,1,0,0,Bachelor,2.0568540154994754,118.41014623826098,0.024308968756763357,1
37,Male,Asian,9723.504874378443,488,0.12406311380742549,28204.281077098625,15,0.10180944644581635,18569.148729713484,2,0,0,1,High School,0.34475280003764236,156.6904504283257,0.19337527254133272,1
71,Male,White,52366.604377964046,403,0.3028648464943342,186594.76536883984,10,9.240622132877792,23565.836013805336,2,0,0,0,Bachelor,0.2806434804023122,1554.9563780736653,0.35632397323695714,1
39,Male,White,27678.7164785621,643,0.4115574200813873,106709.94078036901,20,27.912367788387115,6428.461186462504,5,3,1,0,Bachelor,0.25938273675486884,444.6247532515375,0.19276533444572602,0
45,Female,White,53423.74287491326,670,0.5412764317425507,139176.156676231,20,9.200347051320337,9314.530361582976,5,3,0,0,High School,0.3838570064784463,579.9006528176292,0.13025683823959983,1
78,Female,White,27141.14907233569,332,0.5948448580957351,293477.34439106483,20,6.752002974437305,13656.572309906349,7,1,0,1,PhD,0.0924812411964909,1222.8222682961034,0.5406501832492403,1
57,Male,Black,26300.9611754785,673,0.5040447932021991,252624.49476308335,20,21.902655343079505,3524.7473114851236,9,4,0,1,Bachelor,0.10411089075168306,1052.6020615128473,0.48025715310856365,0
66,Male,Asian,82098.69003507803,477,0.33434025935641243,192302.49513789854,20,22.36016678999596,11178.42277994476,5,2,0,1,High School,0.4269247259439132,801.2603964079105,0.1171166647456458,0
24,Female,Hispanic,71388.94776248379,311,0.4618522129835153,208296.6068631836,30,14.165336479425255,31023.649104510347,7,4,0,0,Master,0.3427273676588237,578.6016857310656,0.09725903583665899,0
18,Male,White,49917.14830111691,755,0.5218118942948203,157548.52554887466,20,28.4075240959627,31910.425639484245,7,2,0,0,Bachelor,0.31683665795800564,656.4521897869778,0.15781002211753897,1
49,Male,White,53695.37300498048,548,0.3326535982093407,284934.0904059049,30,6.081212386255256,-1038.7903474775703,6,2,0,0,Bachelor,0.1884483984646707,791.483584460847,0.17688308101797154,1
30,Female,Black,45041.67948513982,747,0.49252721701274993,279254.1786260331,20,27.402475019387925,24635.475564353022,4,3,1,1,Master,0.1612927681395879,1163.5590776084714,0.3099952997069801,0
47,Female,Black,61397.527519590454,303,0.3413262091564384,299093.28491049464,20,22.665242295758873,18960.5841855667,3,3,0,0,High School,0.20527885652118205,1246.2220204603943,0.24357111515204033,0
40,Female,White,36478.912669023906,535,0.29324799543836133,294492.69960527594,20,11.046250225621423,35766.08642666059,0,4,1,0,Bachelor,0.12387034625278831,1227.0529150219832,0.40364785852751667,0
68,Male,Hispanic,69874.80525735914,472,0.3630454188918806,205404.81398198346,20,24.20725859170122,15961.718433998523,5,1,0,1,Master,0.3401809524458761,855.8533915915978,0.14698059853293863,1
76,Female,Asian,44938.26317971778,621,0.4379273688135724,130178.95237577507,30,3.996065292412616,1406.9672674319627,7,2,0,1,Bachelor,0.34520375498182543,361.60820104381963,0.09656132893191817,0
73,Male,White,41603.06008337542,670,0.46344102815929866,183269.55781660203,10,3.929474795796819,12700.795266762945,3,3,0,0,High School,0.22700474961044884,1527.2463151383502,0.4405194171998817,1
36,Female,Hispanic,50434.26036969685,847,0.2783681344460539,211662.45400112608,15,27.89811609742218,2040.3029064794391,6,1,1,0,Master,0.23827683850546555,1175.9025222284783,0.2797866006818681,0
79,Male,White,38177.06340148779,595,0.38566012577801745,132597.3452730067,30,2.843415235362351,-13825.156721285544,2,3,1,0,PhD,0.28791725296524184,368.3259590916853,0.11577400447536719,0
49,Male,Hispanic,56573.64698992966,699,0.5549354370402235,362986.9154751075,30,0.12238820548214013,19200.304238612243,4,2,0,0,Master,0.15585588509679849,1008.2969874308542,0.21387279224413483,1
47,Female,White,39252.748213732004,357,0.5881564500553199,363486.1166616422,30,11.67091474754706,27788.024027977703,6,0,0,0,Master,0.10798967667387184,1009.6836573934506,0.30867148008971074,1
46,Male,White,59370.47205637672,829,0.21362404559197726,187993.21397333377,10,3.1155292329638327,22805.72293323073,8,3,0,0,Bachelor,0.31581178278487343,1566.610116444448,0.31664429717658316,0
66,Male,Asian,74320.13077822953,847,0.19641558285667074,303087.9997678773,15,25.89109479732753,725.8402546120778,8,1,1,1,Bachelor,0.24520974382076588,1683.8222209326516,0.2718760911695097,1
62,Female,White,35613.566263836525,707,0.4383428167143243,256002.15153396962,10,27.680805403287987,-288.25639459146987,6,4,1,0,Bachelor,0.139114324041573,2133.35126278308,0.7188332379785416,0
46,Male,Hispanic,47388.49085409658,812,0.3073419429117219,150337.91343313377,15,14.472790930692382,23270.070532746424,3,4,0,0,Master,0.3152131739221836,835.2106301840765,0.2114970825525351,1
47,Male,White,59226.61426070843,363,0.11211116920906852,241201.04825765276,15,12.764145990301108,45473.75474525946,5,2,0,0,PhD,0.2455487432104446,1340.0058236536265,0.2715007448013318,1
33,Male,White,41282.852900371865,719,0.27343093532364204,122574.38949372324,15,16.17117830832276,39423.6564650324,3,0,0,0,Master,0.33679835625439414,680.9688305206847,0.19794237539660464,1
57,Female,White,59286.411216533306,445,0.503372371736126,111999.71059916007,10,6.7858387453495865,15595.40404135277,2,3,1,0,High School,0.5293443250823714,933.3309216596673,0.18891295374601208,0
36,Female,White,61107.9772130348,571,0.4987134651915913,247690.34255848845,15,8.93897584261008,23173.242506032228,8,3,0,0,Bachelor,0.2467111821229164,1376.0574586582693,0.2702215039180997,0
35,Male,Black,71665.23552588608,316,0.34734257440829097,248880.80744033496,20,3.0293151145201436,33697.966222038835,4,0,0,0,PhD,0.2879500282201014,1037.003364334729,0.17364124014525645,0
18,Female,White,37880.19907830176,397,0.3362889674437677,469408.75353379414,30,13.3935027333409,17841.81553866824,7,2,0,1,High School,0.08069768361397771,1303.9132042605393,0.41306431412313355,0
31,Male,Black,31144.495195390507,751,0.38975372121718876,184453.0094996371,15,18.35074867600978,-157.88652125992667,2,2,0,0,Bachelor,0.16884785604678237,1024.7389416646506,0.39483276973440196,0
68,Female,Black,43848.452208725124,542,0.209698355281788,147103.60128516084,30,27.90671203174806,-22297.000697981784,8,1,1,0,PhD,0.2980787134077347,408.6211146810023,0.11182728532425418,0
64,Male,Hispanic,30644.953209058,778,0.3630218124454777,292275.42183548247,10,22.172195118802748,22726.931596878156,0,1,0,0,Master,0.10484957310679237,2435.628515295687,0.9537473261636178,0
67,Male,White,61289.96408094994,500,0.1055231800283242,197494.36000876565,10,21.6919120065956,17018.75010063217,1,1,0,0,Bachelor,0.3103377943462772,1645.7863334063804,0.3222295248010279,1
19,Female,Asian,26764.973996471774,772,0.33777977739156684,135237.96659880676,20,9.239968862823066,-5588.735353789081,3,2,1,0,High School,0.19791020724137337,563.4915274950282,0.2526398243776254,0
71,Male,White,96660.32836505376,478,0.26802552312529626,141418.66947574957,15,26.648798925301335,-1405.3236223073654,1,3,0,1,Bachelor,0.6835047219959105,785.6592748652754,0.09753651221602759,1
45,Male,White,75918.55723147502,807,0.4374348029518298,182046.8251779429,30,28.40867090039993,16061.37209479195,8,4,0,0,PhD,0.4170276364735716,505.68562549428583,0.0799307537869754,1
66,Male,White,50251.51539200629,752,0.41917679207631375,305445.10746789264,30,27.967888096261113,11803.4045548724,6,2,1,0,Bachelor,0.1645189730115044,848.4586318552573,0.20261087656438515,1
67,Female,White,67347.88985995951,569,0.29041794009140454,243162.5986058467,30,1.1640907957315516,41483.06220646285,1,0,0,0,Bachelor,0.2769664835221093,675.4516627940186,0.1203515057469849,1
47,Male,White,17263.962713784167,533,0.10363649073929579,116660.76220578853,10,18.130519089120646,41283.31138846603,3,4,0,0,Master,0.14798431269744913,972.1730183815711,0.6757473017052011,1
55,Male,Black,100467.46662799115,785,0.22613681469748023,383471.8224496187,15,19.29675317175885,7251.755539093743,5,2,0,0,Bachelor,0.2619943911033796,2130.399013608993,0.25445837365411716,1
68,Male,White,38195.70775599021,637,0.4166739250945811,109262.01444122398,20,8.851954806495106,42567.64354144399,1,2,1,0,Bachelor,0.34957901839286587,455.2583935050999,0.14302917901041967,1
21,Male,White,47590.05172201281,747,0.13618667150875227,126267.19489802151,20,29.772365494737894,44254.84103307976,8,1,0,0,Bachelor,0.3768995720578766,526.1133120750897,0.13266133396490568,1
18,Male,Hispanic,12881.334256231268,656,0.15382121091673193,316702.6690633779,10,8.735623764556767,24394.087055752683,2,3,1,0,Bachelor,0.04067327343443854,2639.1889088614826,2.4586169628365546,1
25,Female,White,59725.74609481789,348,0.4235175122835436,349756.08075470437,15,6.498349745431673,6036.237028306608,1,3,0,0,High School,0.1707639963426556,1943.0893375261353,0.39040235702198667,0
46,Female,White,27873.116858457823,795,0.4778837004746461,235355.6781657136,20,14.524369513295754,21786.757633716228,3,4,0,1,High School,0.11842976160886334,980.6486590238067,0.4221911732384842,0
72,Male,White,52033.11523132058,645,0.260774854006356,70938.77622370081,20,9.694421393110304,-11878.479944118553,4,2,1,1,Master,0.7334932740767551,295.57823426542006,0.068166950900722,0
56,Male,Hispanic,39114.511341509235,592,0.34483653275828097,209689.81185278326,10,27.720883796098327,11182.766498754036,3,1,0,1,High School,0.18653510628818878,1747.415098773194,0.5360921168667536,1
20,Male,White,28445.12130139313,449,0.5728556824918293,63293.64049997,30,13.202301939443183,23996.658749743277,2,0,0,1,High School,0.4494151557202119,175.81566805547223,0.07417047001878448,0
49,Male,White,33912.769964747655,844,0.5727717810879848,448474.5045695931,20,12.304486640177503,25782.595654561635,2,2,0,1,Bachelor,0.07561805547295088,1868.6437690399714,0.6612177433984051,1
27,Female,Black,54515.760681710424,559,0.2537513872317151,228716.79441406947,10,18.775863903255004,13328.75232114596,2,1,0,0,Bachelor,0.23835486511329357,1905.9732867839123,0.4195425167951513,1
27,Male,Black,24370.18054262351,621,0.5049939375085452,280149.41876295354,20,2.433440137533701,21052.177176542762,2,0,0,0,Bachelor,0.08698993790611491,1167.2892448456398,0.5747791204767061,0
36,Male,Black,35023.766579528456,376,0.39697202640342943,162972.44276175645,20,22.701988404495655,4713.836440201912,5,0,0,0,Bachelor,0.2149060662404652,679.0518448406518,0.2326597888774969,0
63,Female,Hispanic,63265.46762528956,409,0.58774224667519,380566.7174607299,10,23.051964654146143,41114.91164658335,3,4,0,1,High School,0.16624014850120947,3171.389312172749,0.6015394049005706,0
51,Male,White,102049.59749748626,846,0.33880678485554827,149752.14093062596,10,14.22077504183003,41718.363621351156,6,3,0,0,High School,0.6814566847812992,1247.9345077552164,0.14674446994689494,1
77,Female,White,59551.7763910601,722,0.48735343400778075,114117.73031934815,15,28.670938230012847,30657.282902710293,6,3,0,1,High School,0.5218450824811345,633.9873906630453,0.12775183460519968,1
50,Male,White,31654.76715645425,693,0.48406856480743554,230488.49073843728,20,17.380173323872434,15984.528698205317,3,4,1,1,PhD,0.13733773454387657,960.3687114101554,0.3640660024432399,1
40,Female,White,42657.71659855378,534,0.34871643381653805,288006.4385808563,30,20.857093627349723,7646.195988438414,0,2,0,0,Bachelor,0.14811376026434855,800.0178849468231,0.22505223872408006,0
72,Female,White,50631.78012305157,629,0.4978150571486539,412869.4793052634,30,27.730348665093036,32687.12228673001,8,1,0,0,Bachelor,0.12263386532772974,1146.8596647368427,0.27181181351702904,1
45,Female,White,43011.50098728585,624,0.23052016665349825,361429.78581898136,15,19.99036030274377,22768.671530758984,6,3,0,0,Bachelor,0.11900375307979666,2007.9432545498964,0.5602064215736462,1
49,Female,Black,68061.16333473867,450,0.16112651814511444,319508.48896339827,15,12.954780231766414,4971.294682246698,5,4,0,0,Bachelor,0.21301832560240835,1775.047160907768,0.31296211947087493,0
67,Male,Black,54349.46966028449,845,0.3125818723276581,131479.97697114263,10,0.7431352689944504,35876.720789924635,4,3,0,1,Bachelor,0.4133668936693925,1095.6664747595219,0.2419158416686828,0
24,Male,White,68157.0476981974,331,0.5718153283167924,129365.96222340022,30,21.848979468954283,13287.438767786447,8,3,0,0,Master,0.5268545645762521,359.3498950650006,0.0632685670288218,1
46,Female,Hispanic,43711.124194047414,571,0.3503723041012644,112215.36219802445,20,28.945980348031355,7043.897439174343,8,3,0,1,High School,0.38952887855863416,467.5640091584352,0.12836018778636898,1
25,Male,White,76510.00439442514,667,0.4176295693234635,184934.61014084535,10,14.107053706079816,34199.84813674183,9,2,0,1,Bachelor,0.4137138220701656,1541.1217511737113,0.24171297806685332,1
18,Male,White,46670.288314369085,791,0.41208122795393765,8672.548240340984,20,10.193059133647925,8171.103380228373,5,4,1,0,PhD,5.38138122971503,36.135617668087434,0.009291294904718679,1
74,Male,Black,30576.202617240167,615,0.16628643363476522,336545.7894498998,30,15.577782792413352,21885.744752530896,7,3,0,1,High School,0.09085302379571716,934.8494151386105,0.36689294357756613,1
72,Male,White,93546.40762084443,667,0.29514844118860517,97541.33068545148,10,21.853116170539774,39246.825738188185,6,3,1,0,Bachelor,0.9590437916262413,812.8444223787624,0.10427052536405138,1
20,Male,White,13500.445060777667,379,0.45346948646093743,85190.14659265027,20,0.020714234461478576,37742.056270556874,0,4,0,1,Bachelor,0.15847425554192449,354.9589441360428,0.3155086599335528,0
41,Male,White,35225.22549390145,471,0.5859950492903632,159416.82226792653,15,26.616351681955607,25124.504530863276,1,0,0,1,Bachelor,0.22096303886110333,885.6490125995919,0.30170958459968106,0
40,Female,Asian,37459.44296339211,557,0.18400886914851308,65761.69685383834,20,26.590885790349656,2410.4712998055256,8,2,0,1,High School,0.5696240327655977,274.0070702243264,0.08777719534978817,0
76,Male,Hispanic,100166.12546113128,578,0.3052209451695581,264429.0593102461,20,16.238938008261265,12538.941654804472,9,2,0,0,High School,0.3788015043520977,1101.7877471260254,0.131995251934176,0
78,Male,White,86137.17768293023,803,0.1475468999013647,103397.77029071804,10,3.6713629852682383,56242.18370166903,3,1,0,1,High School,0.8330661042374791,861.6480857559836,0.1200384933336495,1
25,Male,Hispanic,79878.56287284395,790,0.22118822982462802,250146.9274203259,30,20.154173838408635,34215.93465746473,2,1,1,1,Master,0.31932658016871307,694.8525761675719,0.10438634114241913,1
71,Male,Hispanic,43386.82675247337,636,0.2883796716630751,292488.08928622515,20,4.135369888899401,16533.47770978022,1,0,0,1,PhD,0.14833707197565768,1218.7003720259381,0.3370701560578536,1
74,Female,Black,98523.5600768355,820,0.3703216239761752,145064.25683239513,20,15.226414542980422,1108.0039241981322,7,1,0,0,High School,0.6791718527236383,604.434403468313,0.07361906975309455,0
64,Male,Hispanic,57367.04007681942,625,0.21528344111954048,128254.69275581223,20,2.80889915943351,-8499.78758972713,6,3,0,1,High School,0.44728998872612147,534.3945531492176,0.11178430383027266,1
54,Male,White,69545.26740606244,471,0.21378133058934287,119783.314503814,20,17.671960148925038,38227.42940798937,8,3,0,1,Bachelor,0.5805922777654317,499.0971437658917,0.08611895458279034,1
20,Female,White,53593.90762212414,383,0.48891498957010193,91778.02603226781,15,9.542079753539621,38525.818543161164,2,1,0,1,Bachelor,0.583951409058213,509.8779224014878,0.11416475006745087,1
68,Male,Black,49010.66857353497,823,0.5813208314734406,157964.25215759652,30,24.929742442125086,19427.53558806073,0,2,0,0,Bachelor,0.3102643028666916,438.789589326657,0.10743528348362834,1
50,Male,Black,44964.426521472415,780,0.26180648387572814,206738.06024210696,30,23.998383786252443,13835.083927717595,8,0,0,0,Master,0.21749467160916303,574.2723895614082,0.1532604596090206,1
45,Male,Black,45807.20013161676,843,0.4439960093178401,61698.39946083154,10,29.95421626423323,37013.70589455444,4,3,1,1,Master,0.7424374138051488,514.1533288402628,0.13469148798345013,1
64,Female,Black,62169.83297356158,717,0.22904023067896037,135800.73440488553,20,7.725095241130944,-2182.348775848368,4,0,0,0,High School,0.45780189073355243,565.8363933536897,0.10921754805311792,0
25,Male,Asian,57343.99597550776,638,0.563976127482816,215777.66033466108,10,1.8540327833874104,49973.776598302415,2,1,1,1,High School,0.26575501785759426,1798.147169455509,0.3762864039451001,1
51,Male,Asian,49370.57259592632,619,0.4364511800826991,203467.59248047703,15,13.290097954465343,31067.15338155455,7,4,0,0,Master,0.24264587787199324,1130.375513780428,0.27474881193669554,1
52,Male,Hispanic,80190.47985397709,603,0.501338427318785,-66718.95879051823,15,2.5021000489971246,1205.5564508034004,7,0,0,1,Bachelor,-1.201914437929948,-370.6608821695457,-0.055467065344090856,1
49,Male,Hispanic,-9335.061374814613,571,0.12467702159958241,263363.1828124144,20,5.354991451972894,31789.63982189526,0,0,0,1,PhD,-0.03544558231384868,1097.3465950517268,-1.4106130224432758,1
41,Male,Asian,60197.7449584239,413,0.3992529841203123,323844.96075818676,10,17.919004240846572,9748.512636939895,3,1,0,0,Bachelor,0.1858844578513396,2698.708006318223,0.5379685916504898,0
31,Male,White,64354.774133179584,706,0.3638061656791911,142735.8564263314,10,17.763925540328955,-36.704058584673476,5,1,0,1,Bachelor,0.4508662066030638,1189.4654702194282,0.22179528768284595,1
49,Male,White,72939.25736510339,325,0.24649845345576601,26509.252334863413,30,1.299824331890711,31738.134432878764,8,3,0,1,Bachelor,2.7514641470735843,73.63681204128726,0.012114762014539118,0
73,Female,White,48702.571178932776,536,0.23121499252865904,123561.23021445157,10,13.28714254254836,3431.1135720612765,1,4,0,1,High School,0.3941573833022309,1029.6769184537632,0.25370576383018634,0
63,Female,Hispanic,54158.40134767915,609,0.3900124011584849,120611.84548016792,15,15.90656078601725,-45.524517374953575,6,4,0,0,High School,0.44903053370976204,670.065808223155,0.14846800309076022,0
60,Male,Black,69718.96766629443,532,0.4532428175036126,319985.53355219186,15,8.0407271345996,27270.47940911195,9,0,1,1,PhD,0.21788162387323293,1777.697408623288,0.30597654580293754,1
33,Female,Hispanic,79823.3280856036,848,0.11658637851759449,90635.19666394885,20,26.16129545626482,18446.106674320625,0,4,0,0,High School,0.8807100444826883,377.64665276645354,0.056772373964883084,0
21,Male,White,43989.28029642464,564,0.38370079096185217,164196.5457243235,10,4.832959429392657,35172.79045962282,9,1,0,0,High School,0.2679062467628283,1368.304547702696,0.3732649059449811,0
69,Male,White,55339.5156625512,312,0.18522976447331432,367823.65603832813,10,7.617054150186432,15496.874619584336,3,1,1,1,Bachelor,0.15045121420027616,3065.1971336527345,0.6646672845516752,1
54,Female,Hispanic,83571.47928697514,795,0.17018136569305028,216098.0560377322,15,4.70983245098259,14149.042672014693,9,1,0,0,Bachelor,0.3867294357908661,1200.544755765179,0.17238580903554077,1
71,Female,White,7519.458482422975,615,0.4115597440473423,219559.74287010983,20,3.4963990161167424,-10550.328284832729,6,0,0,0,High School,0.034247892551374684,914.8322619587909,1.4599438469095827,0
38,Female,White,36199.7480037083,683,0.2554350586087365,189880.30283783874,30,26.36937552021378,27534.831348452964,2,2,0,1,Bachelor,0.19064509305435198,527.4452856606632,0.17484495823781926,0
31,Male,White,79316.71957205926,615,0.320440116567432,297768.6653623311,30,8.335774952099456,19732.828211969576,2,1,0,0,Bachelor,0.26637026926773855,827.1351815620308,0.12513909087890276,1
48,Female,White,71850.75667216606,555,0.2799994047198865,240405.11411453062,20,21.675720584035687,37824.0938974335,3,4,0,1,Master,0.29887366138948224,1001.6879754772109,0.16729476852375313,0
72,Male,Hispanic,60448.904218533884,740,0.4241681600762619,385354.3011991852,20,12.839470791757494,31398.744474775343,7,4,0,0,Master,0.15686578307397311,1605.6429216632716,0.31874382685752145,1
65,Female,White,41028.0625378176,414,0.3350598830332344,396266.409790914,30,19.076204422017504,24981.403576344095,2,1,0,1,PhD,0.10353656409955526,1100.7400271969832,0.3219474552128441,0
35,Female,Black,32363.63002029161,598,0.5817293310189737,231371.68540253304,15,27.84528588516628,9038.898796530353,7,2,0,0,Master,0.13987722812316644,1285.3982522362946,0.47660843413314213,0
24,Male,White,38175.68761515252,423,0.2761913795532327,196277.40994858858,10,25.338236011297482,13769.879942007348,9,0,0,0,Master,0.19449863142759002,1635.645082904905,0.5141424351730158,1
27,Female,Hispanic,80960.16441637385,555,0.47014217013141757,216362.0797774985,30,2.0695917726071356,28238.95523334553,8,1,0,0,Master,0.3741883258823881,601.005777159718,0.08908170305615148,0
24,Male,White,37431.146216893074,346,0.22864628379152227,143356.98516987846,20,25.356076058376534,19225.71957044886,7,0,0,0,High School,0.26110444616658934,597.3207715411603,0.191494249654022,1
50,Male,Black,52028.459284793156,762,0.35437654631307347,213374.49336546735,20,13.554705458420912,41272.78199678668,7,2,0,1,Bachelor,0.24383635768347872,889.0603890227807,0.2050555564191311,0
40,Male,Hispanic,34925.84710276508,649,0.3762848759509785,55790.66923292796,10,10.50437180639656,39719.17054365054,8,1,0,1,Bachelor,0.6260159195608225,464.92224360773304,0.15974034665149472,1
38,Male,White,66855.48060198054,422,0.2645546405313661,128792.6233947625,20,20.171637763848853,16244.136738821126,3,1,0,0,PhD,0.5190940198264437,536.6359308115104,0.09632166445823676,1
36,Female,Hispanic,39225.47439307118,330,0.33589026445631454,278648.6953128704,15,28.50623619297744,21399.56802184644,2,1,1,0,Bachelor,0.14077035009630426,1548.0483072937243,0.47358457673123966,0
65,Female,Black,48048.12219691172,354,0.2396393189492461,253805.43764348511,20,2.824064927644123,8083.981870401818,7,3,0,0,High School,0.18931084630426182,1057.5226568478547,0.2641158759579978,1
78,Male,White,16332.357339143491,452,0.103000390836991,187270.979025891,10,23.042310907507172,18466.86780049068,0,1,0,0,PhD,0.08721243101359274,1560.5914918824249,1.1466255307619417,1
36,Female,White,17732.635275901204,755,0.20782415081893937,241889.3209150757,30,6.105240922738663,34248.26809298681,9,1,0,0,Master,0.07330888031277293,671.9147803196547,0.4546970734120669,1
53,Female,Asian,50153.463866430124,585,0.4500320862466003,350615.66141529684,15,11.404083684809965,11841.726598907553,0,2,0,0,Master,0.14304399199961695,1947.864785640538,0.46605709009327134,1
46,Male,Hispanic,23496.856896044763,335,0.48548151224268854,161438.57231242544,20,26.214690487897496,14495.937426881028,3,2,1,1,Master,0.14554673371722007,672.6607179684394,0.34353227120262303,0
77,Female,White,92101.73278669005,555,0.24010143356945998,56479.812384859426,10,16.37397552037018,2471.5219382588475,9,3,1,1,Bachelor,1.6307018188923694,470.6651032071619,0.06132328966672985,1
35,Male,White,8769.53775775501,477,0.304021499409036,262720.5897164816,30,2.0236994385127884,11549.013776618454,2,1,1,0,High School,0.03337971251974872,729.7794158791156,0.9986105576437199,1
19,Female,Hispanic,33996.49402671792,847,0.11868283006930555,253625.51470660814,30,15.24145650410215,29203.967326955513,9,4,0,0,High School,0.13404208983486846,704.5153186294671,0.24867810830462234,1
18,Male,Black,50334.01734535101,553,0.2185314505488403,275969.61244396167,10,23.689257049242727,16389.25248647167,1,0,0,1,PhD,0.18238970914079108,2299.7467703663474,0.5482765473506379,0
64,Male,Hispanic,42697.34124408431,807,0.4896096416861496,80278.02692724187,30,15.8664176329678,2727.3497939462613,8,1,0,1,High School,0.5318683440336925,222.99451924233853,0.06267215130822253,0
22,Male,White,27917.090866721617,320,0.40299313513252866,49975.860831734084,30,5.006677169371568,23181.5155503847,4,3,1,0,Master,0.5586115056770486,138.82183564370578,0.05967176292391731,0
37,Female,Hispanic,30841.44321009464,374,0.2028852609771857,226493.9394902242,30,13.351232251725957,19229.6513888066,2,4,0,1,Bachelor,0.13616895568821963,629.1498319172895,0.2447939265221015,0
28,Male,White,30186.91845001523,759,0.22872099756121608,219494.62253612012,30,27.73036104118948,36810.02606116583,8,2,1,0,PhD,0.13752919365961988,609.707284822556,0.24237278243506766,1
59,Male,White,44265.56610359874,477,0.5084010114947801,164282.2465951864,10,19.74611970282339,17962.542213680772,7,0,0,1,Bachelor,0.2694482637108991,1369.0187216265535,0.37112876001789225,0
19,Male,Black,89038.58179034847,681,0.20454210147245042,344674.1737017854,10,21.89659519525768,5074.452206159742,3,3,1,0,Bachelor,0.2583268158274757,2872.2847808482115,0.3871065405257242,1
20,Female,Asian,51558.745931164194,336,0.26707886292356564,199010.97707917658,20,23.57809522348351,34449.84380290801,9,2,0,1,High School,0.25907488465147094,829.2124044965691,0.19299439259526896,1
40,Male,White,73658.00978775047,419,0.4321793458273222,323102.2050690559,20,2.7208027258000445,5457.023636824999,4,1,0,0,High School,0.22797123830215804,1346.2591877877328,0.2193259130949182,0
72,Male,White,60139.526916562834,300,0.3805561928540393,287821.8606635183,15,17.446096778098916,478.84074143866746,4,3,0,1,Master,0.20894704376492684,1599.0103370195461,0.3190601095159266,1
29,Male,Black,72277.24795964442,610,0.3304351026169071,91009.71711031336,30,11.277455795559243,4400.207641755689,7,1,1,0,High School,0.7941706694026616,252.80476975087043,0.04197250618485461,0
37,Male,Black,-5999.286051871721,507,0.5498705454898721,111306.79914350492,30,4.174774910162914,10838.53002803618,6,3,1,0,Master,-0.053898648582437446,309.18555317640255,-0.6184446959249884,0
22,Female,Hispanic,43910.83957703541,453,0.20985523135752585,71778.80969710326,15,6.081286749120714,-8355.46746666609,2,3,1,1,Bachelor,0.6117521279933887,398.771164983907,0.1089765995344231,0
54,Female,Hispanic,76142.70846301428,614,0.4707099454314999,243126.1371140035,10,23.434814211742033,-5899.599466146559,5,1,0,1,Master,0.3131819119361504,2026.0511426166959,0.3193032425844165,1
55,Male,White,38565.28354501333,606,0.17953192030909168,209810.7774941236,10,4.844673158693183,31712.35607331951,5,3,0,1,High School,0.18380983096110717,1748.4231457843634,0.5440405416680857,0
47,Male,Asian,85249.46329739224,803,0.40786691674107256,335009.3923345236,15,9.37255821665158,17432.76667221506,1,2,1,1,Bachelor,0.25446887534504226,1861.1632907473534,0.26198357884150375,1
26,Female,Hispanic,79677.80307535523,819,0.5353117817056566,259508.2692623339,20,8.546200147892444,17523.069793439314,0,2,0,1,Bachelor,0.30703377315044195,1081.2844552597246,0.16284853450144962,1
51,Male,Hispanic,40617.38567745075,396,0.32895089273906897,70203.83435345981,20,1.4589109174370296,19154.799393621826,6,0,0,1,High School,0.5785636361819179,292.51597647274923,0.08642091703163744,0
70,Female,Black,39936.72961907287,789,0.46214725359566444,153794.0529221693,30,13.864753477180757,28462.315518138046,2,0,1,0,Master,0.2596766835924643,427.2057025615814,0.12836475293887592,0
61,Female,Hispanic,29727.883152910625,306,0.5101966764994941,-11043.648638109356,20,22.97789526507626,7714.657212439748,4,3,0,0,Bachelor,-2.6918534016308544,-46.015202658788986,-0.01857456277883023,0
52,Female,White,37408.11536272404,311,0.16801321243880138,229337.28445692314,10,0.6645789824669901,28405.787919276125,7,2,0,0,High School,0.16311397185724713,1911.144037141026,0.613068266693409,0
69,Male,White,25348.218716621697,813,0.452913447641055,479074.8342898729,15,3.3765435143968836,21690.67817886876,4,1,0,0,Bachelor,0.05291077072373269,2661.526857165961,1.2599829062169359,0
75,Male,Hispanic,58576.22360866011,648,0.5599205119943381,213081.8273255105,15,21.605600387927037,5634.659310216621,4,3,0,1,High School,0.2749001373973447,1183.7879295861694,0.2425123075522719,1
39,Female,White,20879.07013307133,306,0.38818530492777215,220118.53693974402,15,17.807429720187407,29135.079289251367,4,1,0,0,Master,0.09485375663198614,1222.8807607763556,0.7028363349415898,0
61,Male,White,62074.66032380443,799,0.19306112226437802,198268.25177214888,20,21.45742842146046,20859.070053375654,6,4,0,0,Bachelor,0.31308421680714177,826.1177157172871,0.15970143915239182,1
41,Female,Hispanic,62561.57393800497,774,0.1634712657944715,235585.16091509466,15,6.903118646314156,4301.699492626745,1,0,0,1,High School,0.2655582112854395,1308.8064495283036,0.25104351450465573,1
34,Male,Hispanic,16775.91189632155,823,0.22986766523337396,184376.56061469598,15,24.113063498922145,5439.889969152222,0,3,1,1,High School,0.09098722657799922,1024.3142256371998,0.7327035802054737,1
27,Female,White,80996.37212656678,356,0.1517566345083413,261785.54137565536,20,14.3961318033083,27196.495235786522,3,3,1,1,Master,0.3093997158931674,1090.7730890652306,0.16160325117190635,1
47,Male,Hispanic,60272.18588830443,532,0.35669703579252376,122758.27476668896,10,18.309059225365715,35217.1206452473,4,1,1,1,Master,0.4909826730854283,1022.9856230557414,0.20367317520918002,1
73,Male,Black,64993.96042889738,329,0.1348523413533673,126902.45565339623,30,2.7646025160250876,24239.323855629973,6,0,0,0,High School,0.5121568380553082,352.506821259434,0.06508422978379456,0
76,Male,Black,34826.69596914455,666,0.21170231231811323,70752.02024090115,10,6.150947500794639,33340.5813239062,0,1,0,0,High School,0.4922360640807756,589.6001686741763,0.20315455793907466,1
63,Female,Hispanic,62447.582369462376,355,0.31995522195610715,196747.38500899312,20,23.200736448309243,38490.05302672199,8,1,0,0,PhD,0.3173998087273585,819.7807708708046,0.1575300256180974,0
40,Female,White,72527.86899444132,309,0.33695737520101077,89417.66340013598,15,6.717253235663355,16622.209671117307,9,0,0,0,Bachelor,0.8111134448893575,496.7647966674221,0.08219154433540495,0
49,Male,White,48027.832019906455,446,0.3826992425734822,345253.63893238164,30,2.7758948256437597,22468.443940483736,3,4,0,0,High School,0.139108836530794,959.0378859232824,0.23962053140998316,1
34,Male,White,90038.44918496722,663,0.4528074813753633,156905.9392206191,10,17.91609846756301,30039.519534539155,5,2,0,1,High School,0.5738371003175845,1307.549493505159,0.17426548395817554,1
67,Female,Black,50881.29269825875,552,0.12361431983273377,3098.4437178689113,30,16.438095484851985,2790.9973605409505,0,2,0,0,Bachelor,16.421564285587397,8.60678810519142,0.002029851282961439,1
68,Male,Black,72815.71600904949,552,0.14031047608789163,86457.44594246753,10,18.23681786949879,35513.64939844282,8,4,0,0,Master,0.8422145162315362,720.4787161872295,0.11873459560807267,0
34,Male,Hispanic,55860.1761451731,742,0.13042957590239038,213504.3352963709,10,18.54916489089274,40450.01028161094,3,0,0,0,Bachelor,0.2616348565832733,1779.2027941364242,0.38221206954575615,1
31,Male,Hispanic,61710.43065713735,639,0.31157515773245514,265235.4929068588,20,15.005920375935112,8927.661862263354,4,3,1,1,High School,0.23266279328162104,1105.1478871119116,0.21490329113120682,1
26,Male,Black,16573.354647304557,815,0.12092397244146716,235392.73557268054,10,14.813217617059673,63045.92938109457,7,0,0,1,Bachelor,0.07040724772998494,1961.606129772338,1.4203083237041823,1
57,Male,Hispanic,57421.07476430726,652,0.47304063341566316,117766.03658525569,15,27.724966958683876,31918.194293209468,5,1,1,0,Bachelor,0.4875860343889367,654.255758806976,0.1367280068843976,0
19,Male,White,35300.49797485468,622,0.21150009051923893,142877.0460064743,20,16.016451746392207,17710.717317577884,9,0,0,0,Bachelor,0.2470690636566988,595.3210250269763,0.2023725644157325,1
62,Male,White,33072.033884446246,439,0.5696062466449794,131165.97107513947,30,18.519006072415763,-11158.644012063716,2,2,0,1,Bachelor,0.2521388254389598,364.3499196531652,0.13220230274057093,0
42,Male,Hispanic,84882.06368931956,744,0.3432018775485557,256663.5137015091,20,8.009081758162338,18623.508557827638,9,3,1,1,PhD,0.33071340162526763,1069.4313070896212,0.15118830913497466,1
56,Male,White,45724.595038753025,394,0.32316287622110085,211629.51351142713,10,26.132796024065733,26329.506847046116,7,4,0,0,Bachelor,0.21605963308271786,1763.5792792618927,0.4628351838481336,1
26,Male,White,29933.963380490066,719,0.49026934631975017,155259.6844186964,30,0.7310427797748953,24614.282594712397,5,0,0,0,Bachelor,0.19279933160089185,431.2769011630455,0.1728913324364406,0
71,Male,Black,42817.367437822504,813,0.4565769919464956,134054.02211471117,15,16.716802868933232,340.28968310170603,1,3,0,1,Bachelor,0.31940382513240306,744.7445673039509,0.20872219247540696,0
39,Female,White,23990.995421561725,449,0.40365452047407147,147705.99735057043,20,11.51550885594326,10079.13392548876,4,3,0,1,Bachelor,0.16242397635771472,615.4416556273768,0.3078363251610243,0
60,Male,Hispanic,78677.6893639254,650,0.567573353125185,200848.63407115877,10,18.11712586681431,30202.716124227736,2,2,0,1,Bachelor,0.3917262854575881,1673.7386172596564,0.25528029063249297,1
63,Male,White,36086.3851166697,415,0.3111296304935385,334082.16152681236,30,10.805161493141405,28889.607233282353,3,1,0,0,Bachelor,0.10801649795292503,928.0060042411454,0.30859483472478827,0
21,Male,White,60585.99867887339,536,0.5042658378861432,218659.67417269424,15,21.530637351529407,34133.088581713826,8,3,0,1,Master,0.2770789763046269,1214.7759676260791,0.24060528718487767,0
43,Male,White,77122.1342842065,569,0.2900464728729093,166339.44299668967,15,0.6099432892029244,21781.119511226923,2,3,0,0,High School,0.46364309567720097,924.1080166482759,0.1437887618477156,1
75,Male,Black,39996.94637570541,590,0.5191728371480524,158546.6059298446,20,12.176683163074289,19524.205774416434,4,0,0,1,Bachelor,0.2522724856904454,660.6108580410192,0.19819838799762424,0
46,Male,White,60640.44864545572,733,0.22973731448298432,370189.4437415289,30,24.93790799227241,27672.735130307785,7,4,1,0,Bachelor,0.1638092324636779,1028.3040103931357,0.203488734010914,0
62,Female,Black,29398.278901911402,308,0.24463353641801625,282472.6379906422,10,7.506021533383076,21416.192263923498,8,0,0,1,Bachelor,0.10407478441464235,2353.9386499220186,0.9608475344190185,1
51,Male,Hispanic,98915.39138227368,774,0.438934767008727,297871.11111740064,30,1.58252635140966,-2950.6727468815443,6,2,0,1,Bachelor,0.3320744700995456,827.4197531038907,0.10037909063994302,1
40,Female,Asian,68727.60269233244,821,0.2063566474758982,274739.03585930885,15,14.895722236955057,42806.58709777045,3,3,0,0,Master,0.25015594335683394,1526.3279769961603,0.2665004307795728,0
54,Male,White,46147.87122478388,836,0.2145770935127144,195005.93857182458,30,29.2960038158037,33826.108668531655,8,1,1,0,Bachelor,0.23664854292520274,541.6831626995128,0.14085585704987405,1
28,Male,White,34543.325382220726,310,0.2526312145087074,319778.5937947242,20,1.9247568460540998,26345.932661165403,1,3,1,0,Master,0.10802263207272454,1332.4108074780174,0.4628659665165193,0
23,Male,Black,47720.06894320747,626,0.4394643848301879,53218.67075010782,30,2.1016947824937993,-522.3446657146706,1,1,0,1,High School,0.8966790840620684,147.82964097252173,0.037174206386446716,1
35,Male,Asian,43200.32555296962,575,0.544694046211616,355094.12993469584,30,17.853496948400345,32565.396204297173,3,1,0,0,High School,0.12165879948765823,986.3725831519329,0.2739903194319689,1
38,Male,Asian,89058.89107999014,669,0.4372838255634933,274213.89233806316,20,7.502031386343874,13419.735367629146,1,1,1,0,High School,0.32477891736496833,1142.55788474193,0.15395087958807624,0
59,Female,White,25489.305555701954,789,0.5139071221720626,248590.00061870436,30,12.30693700911676,32452.051152464228,2,4,0,0,Bachelor,0.10253552231490719,690.527779496401,0.3250905889079101,0
53,Male,Hispanic,52696.02846580407,644,0.37178029484723485,124301.36758119098,20,24.915214589981723,28196.131205617836,4,0,1,1,High School,0.4239376403592998,517.9223649216291,0.11794187455877593,1
58,Female,White,49633.2386673258,667,0.13446161067257265,293095.91388148826,20,5.9654605254754935,14902.065671051132,2,2,1,0,High School,0.16934128493990105,1221.2329745062011,0.29526172556057384,1
55,Female,White,47651.79399310261,610,0.15023310575425033,314504.71949323703,20,21.578998109442992,35779.454322735226,0,4,0,0,Bachelor,0.15151376446714115,1310.4363312218209,0.3300030210182225,1
51,Male,White,47827.666901233155,784,0.37719598918345776,129559.10851056529,15,15.13456539802669,2121.91929516687,2,4,1,0,Bachelor,0.36915711640091214,719.7728250586961,0.18059157931623163,0
34,Male,White,47678.583797590334,314,0.26390048432105484,132602.23356599314,30,27.148730772428152,20843.173224571095,5,1,0,1,Bachelor,0.3595609403808555,368.3395376833143,0.09270565734427626,0
54,Male,White,67461.32132664199,303,0.21028403681847133,96639.11430565533,20,29.18886000880692,44880.285510955015,2,4,1,1,Bachelor,0.6980747062030364,402.66297627356386,0.07162557181302226,1
42,Male,White,62179.6889298487,675,0.33312846365131044,254798.94893255807,10,14.548823569601876,27299.906949704382,8,2,0,0,PhD,0.2440343227094977,2123.3245744379838,0.4097784233369564,1
55,Male,Black,58378.23222745573,668,0.4332483704521508,190184.2842186103,10,17.539411773464007,33702.04646324788,2,2,0,0,Master,0.3069561318765538,1584.8690351550858,0.32577945059659613,1
75,Male,White,-10679.787242905375,764,0.29249597386792925,412248.34106870886,15,22.375276222126598,21189.91566414313,2,3,1,0,High School,-0.02590619822803699,2290.268561492827,-2.573386726984766,1
29,Male,Black,55995.897483263274,832,0.5012711285786708,46590.983004906506,20,9.56022425616015,19678.590882783694,2,4,0,1,Master,1.2018612588055146,194.1290958537771,0.04160213970928154,1
40,Male,White,16887.212796598353,436,0.46926162328569687,112938.08624483796,20,6.802210515697404,1691.4622938037537,4,3,1,0,Bachelor,0.14952628788120811,470.57535935349154,0.3343893619543524,1
70,Female,White,62926.40326271651,662,0.4674574410797834,201202.55847919424,15,28.940555173290157,17661.821463617292,6,2,1,0,High School,0.31275150643386845,1117.791991551079,0.21316177634707376,1
59,Female,White,79489.94735141029,515,0.5925948448386943,266501.13624326466,30,12.978461736587345,30106.109779763327,4,4,0,0,High School,0.29827245193750745,740.2809340090685,0.11175464953872831,0
39,Female,White,31475.217748228984,667,0.2476149886858174,261974.51893613918,20,0.047724795473210735,3590.0333944727645,8,1,0,1,Master,0.1201461038121101,1091.5604955672466,0.416159978672236,0
38,Male,Black,44764.38555314587,416,0.42236279317044756,208449.65942566557,20,25.131548955752507,5555.518387401151,5,1,0,1,Bachelor,0.21474914219809088,868.5402476069398,0.23282980080022175,0
44,Male,White,38012.88589894006,478,0.5277391700801568,235239.23620784073,10,17.98992483873257,26289.195794375424,0,4,0,1,Bachelor,0.16159245588331433,1960.3269683986728,0.6188407710828397,1
74,Male,Black,74708.63551513602,545,0.38976221695695545,211843.36460622988,20,5.0567568816091235,32400.63497552219,8,3,0,1,Bachelor,0.3526597854693391,882.6806858592912,0.141779704009793,1
48,Male,White,51900.55770544146,427,0.4947510880576963,304936.5597017646,15,0.9041907953123696,50226.250493589876,2,3,0,1,PhD,0.1702011649774021,1694.0919983431368,0.39169336282462064,1
23,Male,Black,84566.58761132666,657,0.3072260929199562,144374.5035856777,10,8.744472931251932,15887.219993774122,7,1,1,1,Master,0.5857446121789877,1203.120863213981,0.17072286781776272,0
44,Female,Hispanic,58275.08405894775,377,0.3952456728274023,155700.91005594673,15,27.83661286420994,16293.871456362249,2,3,1,0,PhD,0.37427580890829887,865.0050558663708,0.17812176229375443,0
57,Female,White,54849.00361271639,592,0.12783319640216415,268943.2981764857,15,28.00473510106837,32473.805707273394,7,1,0,0,High School,0.2039426302295268,1494.1294343138095,0.32688931486093326,1
51,Male,White,51364.13565205673,381,0.5928838029124067,357233.98763745197,20,9.330104589063545,28558.813905786286,3,0,1,1,Bachelor,0.1437828914089354,1488.4749484893832,0.3477465191445771,1
29,Male,White,66359.84198514673,641,0.5000092407242086,136575.15355973112,30,25.0779297846215,16126.246685298374,0,1,1,0,Bachelor,0.48588517205015824,379.37542655480866,0.06860331463231463,1
62,Male,Black,15246.276035093135,637,0.5344045358157248,224118.2555152756,20,13.255359697712871,19575.018919249298,5,0,0,0,High School,0.0680278186176314,933.8260646469818,0.734993433804462,1
74,Male,White,51706.8791104102,395,0.4471471390714731,162157.30054202478,30,19.630342474097834,10576.1128970842,6,4,0,0,Bachelor,0.3188686475266639,450.43694595006883,0.10453625212728383,0
70,Male,Black,48599.0711254407,444,0.19302501640434974,255476.5789092328,10,10.033316276132702,2659.0793602237645,7,0,0,1,High School,0.19022906652710134,2128.9714909102736,0.5256820202382338,0
24,Male,Black,64508.37654315532,820,0.11551422120901614,35872.512680431246,15,15.47917788812955,17972.9720857422,5,2,0,1,PhD,1.798267579353179,199.2917371135069,0.037072717893655224,1
27,Male,Asian,46245.96788251926,696,0.5323283038680068,165427.63265099697,15,8.813383396509796,42839.66771070155,0,3,0,1,Bachelor,0.2795540693016171,919.0424036166498,0.23847503573535364,1
62,Female,Black,29225.3113167466,656,0.2981653268680615,142579.10295782157,20,1.8334308706938818,9221.440448036952,4,0,0,1,Bachelor,0.2049761199955941,594.0795956575898,0.24393085399935724,1
34,Male,Black,50147.013498393986,485,0.23193243801995997,165764.6026146742,30,4.181345585746166,-1525.1795228893352,8,2,1,0,Bachelor,0.30251943242045787,460.4572294852061,0.11018575919779218,0
43,Female,White,28343.18942263313,842,0.3808364794194722,-53888.18966481631,15,8.720234834197116,4944.374004640944,2,2,0,0,Bachelor,-0.5259629169012231,-299.3788314712017,-0.1267516483090514,1
38,Male,Asian,11494.755748250289,450,0.31044926123785965,402444.762756604,15,29.287613519283898,27974.230130936954,4,3,1,0,Bachelor,0.02856231913546417,2235.804237536689,2.3340775078691194,0
45,Male,Hispanic,64542.44962970986,618,0.4258329978437785,-49419.55180760432,30,28.97016450749975,26431.82701528322,5,1,0,0,PhD,-1.3060104203490275,-137.2765327989009,-0.025523022491983714,1
79,Male,White,61581.231453893415,358,0.3418966165272568,247620.66700018823,15,24.829900274535934,39061.008898191416,4,2,0,1,Master,0.24869180832085636,1375.670372223268,0.2680694113601639,1
75,Male,Hispanic,59341.81887987149,309,0.44861657022013535,70608.12226006965,15,6.9751815328826074,35923.485317091676,3,0,0,0,Bachelor,0.8404389888927908,392.2673458892758,0.07932362437693961,0
63,Male,White,76058.56843891622,423,0.5267116347545715,75528.68636232128,15,13.248064216254678,24463.704802845692,1,3,1,0,Bachelor,1.0070156400450687,419.60381312400716,0.06620221575077327,0
19,Female,Hispanic,36699.36219392149,655,0.19777850547789452,213802.2845089094,30,13.19348515472113,29758.293077642127,4,0,0,0,Master,0.17165093571482481,593.8952347469706,0.19419255242926395,0
77,Female,Hispanic,21377.7171445749,645,0.26471644028274344,269124.7008866206,30,11.609197344545516,8759.212183436763,9,1,0,0,High School,0.07943424395511398,747.5686135739462,0.4196342996877902,0
71,Male,White,48599.404463839106,536,0.31840779328531943,92452.42882366417,10,1.3464091526923683,30338.92467238575,0,3,1,0,Master,0.5256693099597571,770.4369068638681,0.1902336661192101,0
60,Male,Hispanic,43049.99400588179,632,0.5810292240138191,89194.54427040978,15,16.03582122672953,18367.61195401268,0,2,0,0,Master,0.48265277162432446,495.525245946721,0.13812552332871933,0
18,Female,White,33154.08566459863,316,0.2826668067737427,70510.01094899271,15,2.1843597637458267,32760.85751701142,7,0,1,0,Master,0.4702039500260815,391.7222830499595,0.14178244709124363,1
68,Male,White,48403.01693024408,723,0.2905499247963148,221470.70447537614,10,24.057560421538316,26280.28927248927,3,0,0,0,High School,0.21855268417961657,1845.5892039614678,0.4575555792205024,1
70,Male,White,37767.8970759083,623,0.4267362614797806,95280.5008116309,30,20.739214285343447,12899.645926735604,0,2,1,0,High School,0.3963864248633123,264.6680578100858,0.08409302448949359,0
53,Male,Hispanic,13279.894332863376,322,0.30959985494497466,328871.2194803393,30,10.58211019930604,3493.58617592516,1,2,0,0,High School,0.04038022650278547,913.5311652231647,0.8254865368581814,0
68,Female,White,41176.466184124794,758,0.5756118728198026,84621.65249808849,20,19.414091466373897,12495.790022854268,4,1,0,0,High School,0.4865949194865336,352.59021874203535,0.10275487473802884,0
43,Female,White,27272.496665922856,759,0.547234380237722,254180.0827317001,30,6.991110196772943,22769.57870527176,6,1,0,0,PhD,0.1072959626608917,706.0557853658336,0.31066717243297537,0
46,Male,Hispanic,54632.96143221846,820,0.3567043888878365,354467.46801162383,20,7.9575019486989715,7759.189116388088,4,2,0,0,Master,0.15412687019962834,1476.947783381766,0.3244080667779664,0
38,Female,White,36879.3048351869,720,0.4223876169739249,206882.08645975307,10,9.424005507762148,17707.018320932573,9,3,1,1,High School,0.17826243666757205,1724.0173871646089,0.5609706782280909,1
28,Female,White,72232.62948282104,702,0.12901528094181028,20963.669312986167,30,23.910347998059894,36315.086749682574,5,2,0,0,Bachelor,3.445610041085497,58.23241475829491,0.009674145633390387,1
57,Male,White,82077.32134535731,630,0.4478652640161991,240006.86813402377,10,6.3207404053825345,37623.54688812303,6,2,1,1,High School,0.34197905244746574,2000.0572344501982,0.2924155713173743,1
28,Male,White,63587.62746023812,756,0.4536004364745161,175368.19203967322,20,16.883436824581157,27172.599804901976,2,4,0,0,High School,0.36259498784051336,730.700800165305,0.1378949011341337,1
53,Male,White,18979.4763603336,782,0.27959964782160407,195835.75817988187,15,6.014013432644551,40449.20406046497,9,3,0,0,High School,0.09691527500764338,1087.9764343326772,0.6878860598745542,0
66,Female,White,80103.9199775808,797,0.20984144181263634,358604.4856789393,15,8.551122751872448,1019.4768942510491,4,3,0,0,Bachelor,0.22337679303124586,1992.247142660774,0.2984493857306894,1
76,Male,Asian,81514.4090074753,326,0.5575392009085084,205157.45909526647,10,7.064438789594741,39463.007748928096,7,1,0,0,High School,0.3973260800116629,1709.645492460554,0.25168244681311797,1
56,Female,Hispanic,50375.810226158814,696,0.3133524504025639,251343.24114993293,15,19.350140132198575,-397.4888369107575,5,1,0,0,Bachelor,0.20042635718263974,1396.3513397218496,0.3326242496435549,0
57,Male,White,76458.52320671064,487,0.42685305240085536,133794.90444017018,10,15.80186833367341,20150.546637195795,1,1,1,0,Master,0.5714606511109773,1114.9575370014181,0.17499017614876874,1
52,Female,White,38966.49723906643,439,0.11666439748812799,171938.42387656646,20,21.6389743771666,7806.832312379303,8,0,0,1,High School,0.22663053644739842,716.4100994856936,0.22062340222896284,1
71,Male,White,12675.081303008214,820,0.3070335832884181,312319.0007441052,15,6.598303119989575,31083.31970156401,1,3,0,1,Bachelor,0.04058376619036825,1735.1055596894732,1.6426929515104653,1
51,Male,Black,34794.31122756813,391,0.50862940550694,213632.74320456843,20,0.2744560717811173,-3488.6556205290835,5,4,1,0,Master,0.1628697488298885,890.1364300190351,0.3069937809766206,1
72,Female,White,84586.01732089513,376,0.29378800020035756,228545.949268138,30,20.415287013910046,-6472.990647900424,1,1,0,0,High School,0.37010508211482623,634.8498590781611,0.090064511254108,1
64,Female,White,20178.40152777053,543,0.40158058006843844,300111.196973618,15,3.445618754852279,10183.182461542781,9,1,0,1,Master,0.06723641680568274,1667.2844276312112,0.991526167424081,1
41,Female,Hispanic,49990.42563862989,387,0.20492790024226973,363019.6800176051,15,7.389156732718682,9121.96815592125,6,1,1,0,Bachelor,0.1377072053950506,2016.776000097806,0.48411894261752814,0
71,Male,White,50682.87786680424,593,0.3082628244197798,84417.36095586672,15,9.17058457383668,11435.94751970077,0,1,0,0,Bachelor,0.6003845333817197,468.98533864370404,0.1110399468340077,1
39,Female,White,39740.515120643766,394,0.5638188590265933,150843.9943849424,10,22.404062768726043,9875.533195436614,3,1,1,0,High School,0.2634544072018472,1257.0332865411867,0.3795723178902238,1
22,Male,Hispanic,41129.5680032577,552,0.3832258748505186,345807.53950410616,30,18.776754319722816,30309.580986006353,7,0,0,0,Bachelor,0.11893774225466049,960.5764986225171,0.28025866895945045,0
73,Male,Black,51444.982684724055,698,0.5509657295464657,399249.54086899763,30,5.527963095774865,18729.011206886476,8,4,0,0,Master,0.12885420625093283,1109.0265024138823,0.25869030048130087,0
50,Male,White,38756.75316130545,353,0.5510096497447716,173804.4368741378,30,17.93663431859225,43236.391175337296,9,3,1,0,High School,0.22299058561647386,482.7901024281606,0.14948314181596897,1
75,Male,Black,21558.830056641378,542,0.5720739002122398,227133.38021452943,20,21.244439853318358,23463.089300912805,2,4,1,0,Bachelor,0.09491704845971508,946.389084227206,0.5267757564250549,0
53,Male,White,54300.63885886912,409,0.5476958300400526,235118.53575607782,30,11.666916083705145,33233.99300616059,8,2,0,0,Bachelor,0.23095005540185465,653.1070437668828,0.1443313502364531,1
64,Female,Hispanic,71467.33164889945,520,0.10164056450515033,223428.51461021558,10,7.378587420835561,28697.398043884357,7,3,0,0,Bachelor,0.3198666552189119,1861.9042884184632,0.312630273798191,0
37,Male,White,67391.45037306842,461,0.5670074457907984,224758.84827705563,10,20.369483187443677,6526.237889385084,3,1,0,0,High School,0.2998389202012477,1872.990402308797,0.3335124070380236,1
36,Female,Hispanic,33805.29065220377,334,0.1687297195426882,336485.7387585674,20,18.326736004244918,12187.934045884856,0,2,1,0,Bachelor,0.10046574567149627,1402.0239114940307,0.49768206731367337,1
52,Male,Asian,24975.441692446486,336,0.11996312555557528,19925.694389052194,20,2.3373647541246036,34912.2468561361,9,2,1,0,High School,1.2534289247238872,83.02372662105081,0.039890574578063366,0
69,Male,Asian,44316.242356904426,669,0.12769426728902641,134474.871038951,30,20.000389207012628,-6641.938106303325,4,2,0,0,Bachelor,0.32955036145056504,373.5413084415306,0.10114791920303683,1
60,Male,Asian,81355.83019591328,476,0.2744580975882168,263873.92794771306,30,14.65553798505896,27299.956135968398,6,2,1,0,Bachelor,0.30831325712494806,732.9831331880919,0.1081151477045457,1
34,Female,Black,62911.96157919091,820,0.41040204263439684,150376.94395119717,10,22.601068709331823,17326.231291316955,4,1,0,0,Bachelor,0.4183617509849658,1253.1411995933097,0.2390275874038819,0
79,Female,White,64079.29353588467,574,0.3011555982594988,228647.00864335184,10,5.721526256394805,8826.673957698362,4,2,0,0,Bachelor,0.2802542395638197,1905.3917386945986,0.3568188661682241,1
76,Female,White,67797.1390357099,404,0.11277714232468974,308657.19049305224,30,7.746492537041291,16005.732514318726,4,4,0,0,Master,0.21965190225249584,857.3810847029229,0.151755268183454,0
62,Female,Black,58415.331250371724,455,0.3382413170873574,360012.90994404664,10,16.299382172925636,44305.26421256143,2,1,0,0,PhD,0.1622589902663509,3000.1075828670555,0.6162986706366674,0
60,Male,Hispanic,52412.170952271576,635,0.32106537113519007,227744.65826107937,20,14.452005836765974,-5856.609615829628,5,2,1,0,High School,0.23013567629844428,948.9360760878307,0.21726314148337028,0
51,Male,White,63246.13793295936,325,0.4784246327508235,348950.33636172314,10,11.590961131694899,1719.7485676477154,3,2,0,0,Bachelor,0.18124681750528016,2907.919469681026,0.5517338255999268,0
26,Female,Asian,39076.67791563961,595,0.23980644921271918,214186.32982071303,30,22.380999432893663,-9070.343669111378,9,4,1,1,Bachelor,0.18244244601580858,594.9620272797584,0.1827060207822746,0
43,Male,Hispanic,21710.739772673584,836,0.20876558689718358,169646.59932822516,20,16.94254690884847,13429.635258047823,1,0,1,1,Master,0.1279762745533646,706.8608305342715,0.39069741774011857,1
19,Male,Asian,64459.93869248647,654,0.22796947883831312,45688.31451888505,10,21.30815561682356,10630.804921414228,3,0,0,0,Master,1.4108626980722228,380.73595432404204,0.07087861925659966,1
70,Male,Hispanic,74754.7621149845,368,0.251869911314924,99671.05089043058,20,4.597648869573472,22408.326476746137,5,4,1,0,Master,0.750014788116995,415.29604537679404,0.06666535219329633,0
26,Male,White,27635.361212879372,626,0.3995824366835833,200471.59609172912,30,21.869648854366115,12807.831074475558,5,0,0,0,Bachelor,0.1378517543215167,556.8655446992476,0.24180565200199616,1
26,Male,White,66438.42964831801,450,0.3357627427260399,202564.9549189098,10,13.845843243008757,26764.272003354286,8,3,1,0,High School,0.3279858042321015,1688.0412909909148,0.304891244406524,0
57,Male,White,83615.3142677638,619,0.268447282589529,222944.1902920567,30,1.0130380705376107,8184.0389814098035,7,3,1,0,High School,0.37505042924970505,619.2894174779353,0.08887693689623886,1
34,Male,White,49955.075964857584,751,0.2871570791418392,383649.3719939752,15,7.034746619894974,51461.63381767493,4,3,0,0,Bachelor,0.130210237814861,2131.385399966529,0.5119925113834478,1
18,Male,Black,33639.95630516508,411,0.2854618300794881,275112.7831419541,30,0.7726917522173393,29224.262503026657,9,0,1,0,High School,0.12227696554473573,764.202175394317,0.2726051728944659,1
42,Male,Hispanic,52460.37347053511,761,0.5862033473551587,280446.60906862747,15,13.706235659731313,27735.255936826034,2,3,0,1,High School,0.1870601097469417,1558.0367170479303,0.35639167942782957,1
78,Male,Hispanic,38989.320635985976,661,0.21649849402647628,382797.824915557,20,9.776392816652562,29397.617989125363,3,3,0,1,PhD,0.10185355845370019,1594.9909371481542,0.4909008655080875,1
60,Female,Black,37665.39780087197,502,0.5090307801361293,164355.34791758485,20,29.62348679739754,4310.727623852399,4,0,1,1,PhD,0.22917050329119254,684.8139496566035,0.21817816552275993,1
57,Male,White,58663.68134543085,786,0.4541054187940935,149109.0195285002,15,26.055123508705893,16298.785793379851,0,4,0,1,High School,0.39342812078660383,828.3834418250012,0.16945069034052804,1
59,Male,White,17925.410499402093,779,0.1027850028017753,322245.60956040927,20,24.77012581029448,16947.570657873035,8,1,1,0,Master,0.055626546856154244,1342.6900398350385,0.8988514086501892,1
42,Female,White,21121.421550155457,303,0.596588109062744,248583.3146925904,20,15.033496470937365,12920.153781523919,3,3,1,1,PhD,0.08496717318406982,1035.7638112191266,0.5884625570828607,0
56,Male,White,50385.81760747886,428,0.4782196853167868,195565.37878469133,30,24.212624980523007,14793.321314940684,7,0,0,0,Bachelor,0.25764180715724416,543.2371632908092,0.12937858844077002,1
52,Male,Black,49553.82922175137,325,0.44122479317539565,193944.0649374533,15,8.006089423882656,32439.221489892483,4,1,0,1,Bachelor,0.2555057781104692,1077.4670274302962,0.2609203876314805,0
20,Female,White,56871.09154079871,326,0.30266235383831863,182803.0328490612,10,16.819484035395746,19119.305721522032,4,1,0,1,PhD,0.31110584247120593,1523.3586070755098,0.32143401488596407,1
67,Male,White,87504.50776966778,341,0.3776015444571448,189900.3358580569,20,11.7875418395823,24493.662157093244,1,2,0,0,High School,0.4607917483362114,791.2513994085705,0.10850888754092462,1
54,Female,White,52090.28072151642,363,0.2266354478337351,199720.69273379818,20,5.140257345681891,-5333.329012169859,7,1,0,1,Master,0.26081564212750863,832.1695530574924,0.191706293350135,0
61,Female,Black,61963.44300669589,324,0.11774170257284874,170254.5070135375,10,2.178402941052121,-6224.510267276273,9,3,1,0,High School,0.3639459776637159,1418.787558446146,0.27476605358281897,0
61,Female,White,30489.34128770736,371,0.5180108292229865,255541.15258492786,30,16.746551489148445,5840.948129470411,6,4,0,0,Bachelor,0.11931284248854743,709.8365349581329,0.27937758113954014,1
68,Male,White,65358.753270330744,781,0.5482422468405859,274654.1652987275,30,2.9291740464061844,44591.7657807005,1,3,0,1,Bachelor,0.23796745699903482,762.9282369409098,0.14007517562986999,0
47,Male,White,39472.18269778644,567,0.18123531830711995,143531.48828552966,30,21.54009290057947,50128.62414291641,5,2,0,0,Bachelor,0.2750071302769727,398.69857857091574,0.12120897847180091,1
55,Male,Asian,51428.41665162186,394,0.49352804792286653,290262.06787326274,10,27.644054361784672,34745.15475662252,8,1,0,1,Master,0.17717925400461584,2418.850565610523,0.5644001639006496,1
51,Male,White,47823.027498616764,694,0.4705763366428294,72862.81489334688,30,4.863183291346828,14084.773693572852,7,2,1,0,High School,0.6563433977759141,202.39670803707466,0.050786422848598314,1
29,Male,Black,70659.48469828062,663,0.18918750096804524,250375.73134162038,20,14.128157355306847,26397.590329331513,9,3,0,0,Bachelor,0.28221379252556483,1043.2322139234182,0.17717064624143292,1
36,Male,Hispanic,23800.46891250001,614,0.3109144012873969,255375.17287087828,30,22.163237791794757,38932.73863745747,2,3,0,1,Master,0.09319805306420255,709.3754801968842,0.3576612626271342,1
54,Male,Black,4335.227307699213,416,0.3113789604170517,191626.94503247924,20,8.605189830990804,47816.17612760955,6,3,1,1,PhD,0.0226232657780169,798.4456043019968,2.2101141581683206,1
61,Male,Asian,45731.346058241514,463,0.4799821291526243,205738.95146872528,10,27.622935588988117,2749.900591058071,3,4,0,0,Master,0.22227850259649648,1714.4912622393774,0.44988606109845275,1
76,Male,White,59370.62513810248,605,0.5188304528880278,176652.90815066965,30,26.653966766097327,23061.548383325815,3,3,0,0,Bachelor,0.3360863161531678,490.702522640749,0.09918087030399063,1
76,Male,White,53045.387516150004,499,0.1473875606956855,149234.8328257665,30,3.1126306718903383,15161.090660680893,6,3,1,0,Master,0.35544910334761554,414.54120229379583,0.09377807685938826,1
66,Female,White,74644.08474827823,479,0.3814846174521015,200050.59017199613,20,0.8219931459552043,28790.82906304256,6,1,0,1,Bachelor,0.3731260411883914,833.5441257166506,0.13400297615452417,0
78,Male,Black,58747.45348359337,657,0.4808742484644426,145370.06874433177,10,29.293754489382057,20784.19127363123,0,4,0,0,Bachelor,0.4041234484583955,1211.4172395360981,0.24744914055709638,0
34,Male,White,38723.0333628028,551,0.49309529703257926,313953.37623731594,30,28.694250743133935,4995.150080697256,0,1,1,1,High School,0.12334007624600997,872.092711770322,0.27025549479025607,1
27,Female,White,3491.5969172063924,598,0.17399676221520446,-10254.220485301339,10,12.668568133978896,25922.341120143043,5,2,0,1,High School,-0.3405033978166684,-85.45183737751115,-0.29368282560822295,1
74,Male,Black,45253.75531609564,729,0.3627525715753971,186542.3932109951,20,1.5168997231791725,9551.71530278185,1,0,0,0,High School,0.24259233805856584,777.2599717124796,0.20610708648155723,0
72,Male,Black,70559.18004515595,303,0.5287793531813515,9923.817462212057,20,18.566266582380837,19469.52828423625,2,1,1,0,Bachelor,7.110084432108049,41.34923942588357,0.007032265295501651,0
66,Male,White,42159.044346657705,553,0.2592592882926421,93615.03690072036,30,8.802303221659688,20188.844017583622,1,4,1,0,Bachelor,0.4503447922727176,260.04176916866766,0.07401736159779437,0
64,Female,Black,50566.40527355528,395,0.3125584494558986,142319.09858011053,10,28.101689607016628,45305.68288804268,1,1,0,0,High School,0.355303018203785,1185.9924881675877,0.2814499029744935,1
29,Male,Black,58427.20508613417,466,0.5021792556681662,333958.7383115628,20,23.839857751629104,24809.938915932387,7,0,0,1,High School,0.17495336514184937,1391.494742964845,0.285790444553386,1
79,Male,White,29694.152515003683,630,0.14465976059188115,315368.1099359996,10,19.487813524003304,18661.91408265443,7,1,0,0,Bachelor,0.09415711855275974,2628.0675827999967,1.062054590635824,1
33,Male,White,62464.717932776344,361,0.5297466449444891,207269.24216758762,15,8.535115425405856,30863.95608321431,5,0,1,0,Master,0.3013699344848787,1151.4957898199314,0.2212120687507124,1
41,Female,Hispanic,82742.43580003412,473,0.25557835836540455,206386.26688765083,15,21.038057383251527,6737.662877121087,2,4,0,1,Bachelor,0.40091056952484194,1146.59037159806,0.16628812442056543,0
36,Male,Black,46543.73296213187,552,0.10072515829556358,303748.82160472317,30,8.675048002776121,21514.279420842184,4,1,0,0,Bachelor,0.15323099104134313,843.7467266797865,0.21753649902544644,1
25,Male,White,27418.711563353965,760,0.21707957252817914,313135.4565524231,10,1.1289295245562814,29516.446477232246,6,4,0,0,High School,0.08756182345247672,2609.462137936859,1.1420502229978569,1
48,Female,White,48667.97945956053,514,0.14475032044775324,142520.27037530695,10,15.253037628608222,28832.04910845976,4,4,0,0,Bachelor,0.34148110532908965,1187.6689197942246,0.2928419711644917,0
38,Male,Black,5512.317827822626,538,0.14619245349812207,267276.1840900667,20,14.660536343660729,12056.479319002632,6,2,1,1,Bachelor,0.02062405165873322,1113.6507670419446,2.424353896477348,0
34,Female,Asian,56738.06527953232,714,0.4464178670712957,104355.14107648245,10,22.890179190787002,25458.97599262224,9,2,0,1,High School,0.5437016776964412,869.6261756373538,0.18392439108093364,1
40,Male,Black,59045.48755297158,425,0.20698816781953241,161053.4074602298,10,25.97021647063334,30204.741547179994,6,1,0,1,PhD,0.3666205421176957,1342.1117288352482,0.2727615845592666,1
54,Female,White,83512.72587691125,552,0.5673711814884912,259420.3731486044,20,10.634054660827863,6423.214703737096,3,1,0,0,PhD,0.3219204600753251,1080.9182214525183,0.15531786947713935,1
71,Male,White,46120.104148667495,496,0.35822227329565204,134230.02828219032,30,13.484190306110127,10938.14106951869,9,4,0,0,PhD,0.3435900650464716,372.8611896727509,0.09701483460770294,0
33,Female,Hispanic,58169.7067629294,712,0.3300491289774593,164500.959953982,20,14.112012589335844,15163.745184760104,9,2,0,0,Bachelor,0.3536131751401449,685.420666474925,0.1413974464616141,0
23,Female,White,32774.237952281976,755,0.3171417591100758,34126.3748158385,15,9.726722531171381,54942.95131237888,5,1,0,1,Master,0.9603785379826227,189.59097119910277,0.06941707257089177,1
25,Male,Asian,42871.45758949843,353,0.44629381983581595,245082.09876230801,10,22.30160770875571,8780.182360976787,8,1,0,0,Bachelor,0.17492692369619847,2042.3508230192335,0.5716672876136175,1
42,Male,Asian,19496.29126675604,638,0.3261313812618042,111743.97892625815,10,15.663035556188984,24876.92443219074,3,1,1,0,Master,0.17447285709793808,931.1998243854846,0.5731550549657493,1
35,Male,White,46104.20757433529,658,0.16430017811259592,117886.80395118952,30,27.418673231659195,14704.046769686829,9,2,0,0,PhD,0.39108879050978873,327.46334430885975,0.08523213690140019,1
42,Male,Asian,43893.8169296287,450,0.5400860903203782,335523.61767718225,15,19.50932315686758,5936.995396827664,0,1,1,1,High School,0.1308218397068558,1864.020098206568,0.5095989080726324,0
29,Male,White,55983.99532177792,399,0.3141976744628293,131266.35560787265,10,6.3568967668191725,30468.651091709144,7,4,1,1,High School,0.42649157937329296,1093.886296732272,0.23447121780679647,1
32,Male,Hispanic,37528.062393347216,533,0.13700228784975124,275248.655381191,20,4.944259462411091,-1162.086033285137,3,1,0,0,High School,0.13634240044288218,1146.8693974216292,0.3667237765917615,1
76,Male,White,51666.907019501836,843,0.3646829937488806,309922.83453903487,10,11.171530137488762,41652.90532665134,7,3,0,1,Master,0.16670893932790995,2582.6902878252904,0.599847857008459,0
43,Male,White,43332.398887846684,361,0.4236734292278517,291729.8496609312,30,10.407796207709197,4409.8487733081565,8,0,0,1,Bachelor,0.1485360477791718,810.3606935025867,0.22441241592000566,0
58,Male,Black,43370.012234009715,495,0.23779123207887928,175084.20684339173,20,12.213954745875306,10016.99082776785,7,4,0,1,Bachelor,0.2477094480189356,729.5175285141322,0.2018493860443218,1
62,Female,Hispanic,51607.2465192606,841,0.5001702038369211,157280.42672549986,10,5.507732109133263,28577.8092622384,0,1,1,1,Master,0.32812249809908184,1310.6702227124988,0.3047642285406574,0
43,Male,White,50810.458846340196,405,0.43488792301868184,108668.36055285191,30,29.34668010079468,31287.77907074026,8,3,0,0,Master,0.46757362113352247,301.8565570912553,0.07129002113618918,1
64,Male,Black,65223.48078103277,594,0.4251705846322167,23849.26022186759,15,4.371293186061866,23499.566412377775,4,2,0,1,PhD,2.7348219682398702,132.4958901214866,0.024376967656718544,1
49,Male,White,47587.1393174033,750,0.31041247643389713,277222.8101415589,20,19.57946322672963,12007.975440790045,7,4,0,0,High School,0.1716566515327645,1155.0950422564954,0.2912791293173769,1
27,Male,White,43002.29301753994,833,0.5809576507056439,267719.3998533189,20,0.3920770519376937,-3901.637955010963,5,4,0,0,Bachelor,0.16062449355967673,1115.4974993888286,0.3112850281543364,1
33,Male,White,46383.85109825547,455,0.23709458397462382,247697.50186646808,15,12.208831149570393,18651.158130309923,6,1,1,1,PhD,0.18726006822329871,1376.0972325914893,0.35601112025212894,1
24,Male,White,35706.71766318015,705,0.3888527505077263,-83812.94828296063,20,9.27550197285109,7249.404732003042,2,2,0,0,Bachelor,-0.4260286554128941,-349.22061784566927,-0.11736299745269835,1
34,Male,White,42801.77812866657,674,0.2545275787363088,182278.62959195426,30,11.460739132182557,56180.789418256565,8,1,0,1,Bachelor,0.23481511916389694,506.3295266443174,0.1419556519700388,1
40,Female,White,90623.17426146462,754,0.472402376485777,262953.64761901967,15,14.942320343193408,21995.25792874984,8,3,0,0,PhD,0.34463554729905854,1460.8535978834427,0.1934410631437751,1
43,Male,White,31746.424786082658,501,0.12389574193506073,328655.3120919829,10,18.011250045729533,662.1471886319887,9,0,0,0,Master,0.09659489324547287,2738.794267433191,1.0352514158887662,1
38,Female,White,44426.87332241381,751,0.12294693393752462,229891.46085285526,30,17.505340343829,15016.667099717695,1,2,0,1,Bachelor,0.19325151598758059,638.5873912579312,0.17248678833378733,1
39,Female,White,42250.22673460619,486,0.5054304847593957,219389.25161019468,15,18.92141010363339,31369.43453879551,3,0,0,0,Bachelor,0.19258111518460044,1218.8291756121928,0.3461744761565157,0
75,Female,Asian,45056.56775511201,667,0.31713408053183556,132115.7455634452,10,25.336430476613717,37437.133516273316,3,3,0,0,PhD,0.34103859129701347,1100.9645463620434,0.2932219477557868,0
24,Female,White,43375.2138224321,639,0.2705900273001779,237855.55918189633,30,26.601514668439542,15359.828569140322,0,4,0,0,High School,0.1823594704770452,660.7098866163786,0.182789154005189,0
31,Male,Asian,55584.802024419994,561,0.4037634310876692,176316.69111158498,30,22.117509016823927,18220.689297621822,3,3,0,1,Bachelor,0.3152554739655488,489.7685864210694,0.1057343522510128,1
32,Male,Hispanic,15796.497972164114,842,0.45094967193448676,127063.46493640536,20,2.36826728773212,28471.71199374456,2,0,0,0,PhD,0.12431974824604526,529.431103901689,0.4021887166393176,1
70,Female,Black,70743.42945064009,605,0.2006006734222033,84257.47035902385,20,28.838771745298033,5964.861294391174,1,2,0,0,Bachelor,0.8396101752070174,351.0727931625994,0.05955144598821926,1
24,Male,Black,62651.655992843946,464,0.19271562070236578,105428.40747705883,15,28.421942590411387,25208.778762228038,5,1,0,0,Bachelor,0.5942578237888769,585.713374872549,0.11218475213605508,1
26,Male,Hispanic,25142.568278737304,387,0.5790753738799408,232492.06263702567,10,21.35111383636061,24285.06368711477,2,0,1,1,Bachelor,0.10814377055955977,1937.4338553085472,0.9246949637744079,1
68,Female,White,4618.454540951971,499,0.3948321531922847,61212.253711262834,30,15.523172142057714,28003.95446891895,9,2,0,0,Bachelor,0.07544983660848598,170.0340380868412,0.44179463908321137,1
65,Female,Black,30458.557077171976,570,0.2950582386471341,170589.22290760506,30,7.518550750076765,19417.30413222603,8,0,1,0,Bachelor,0.17854912847377827,473.85895252112516,0.18668998061353553,0
25,Female,Black,45146.670771457546,350,0.5007208473347532,330780.93293580547,15,22.690534184966282,-3468.488031115663,8,4,1,1,Master,0.1364851062325867,1837.6718496433637,0.48845378449615456,0
67,Female,Black,101605.8379738155,788,0.3625794793889586,56588.16024471223,20,26.335805361488674,23416.367009798232,7,4,1,1,Bachelor,1.7955317425840835,235.78400101963427,0.027846903963970736,0
76,Female,Hispanic,60865.13929948547,497,0.2208314051872907,244925.7756078873,30,19.955628026698136,6859.578958465707,7,1,1,0,Bachelor,0.24850442607938172,680.3493766885758,0.13413577319015396,1
40,Male,White,13848.207016370849,322,0.20336765282078692,254717.94809536354,30,18.87217898585312,45888.41327854557,1,4,1,1,High School,0.054366828564378335,707.5498558204542,0.6131189589965094,0
46,Female,Black,36206.88990198112,522,0.2984296330849109,170870.8213363878,20,5.790141137117585,46317.31229170908,5,3,0,0,Bachelor,0.2118962712229363,711.9617555682825,0.23596451089691398,0
35,Male,Black,48935.75127454034,520,0.5299479301299398,262213.51865315606,10,10.733895686825688,2827.713566407434,3,1,1,0,Master,0.18662558485121544,2185.112655442967,0.5358322122860247,0
48,Male,White,55073.671085961934,565,0.13072395802212947,181196.24851603978,10,21.694086660975366,7174.528649082633,9,0,0,0,Bachelor,0.3039448748911969,1509.968737633665,0.32900702811915145,1
47,Female,White,23705.02279379154,372,0.20926300037738158,279527.6810039004,20,0.5069621655367018,-14617.801020817446,1,3,0,0,Master,0.0848038473637277,1164.6986708495851,0.5895958916291574,0
69,Male,Black,47300.195440458774,376,0.5465759094262957,93191.65603926132,30,19.237928315666583,31031.685406404627,1,2,1,0,High School,0.5075582670248007,258.86571122017034,0.06567390484786366,1
56,Male,Hispanic,35647.21724778919,843,0.16086728448462526,388904.9692779681,20,23.000109030307442,11403.529307399232,9,0,0,0,Bachelor,0.09166048280116086,1620.4373719915338,0.5454913444920974,1
52,Male,White,27924.82874795367,734,0.4148128591320842,343725.0586468888,10,10.04113458812345,24059.379109047517,6,4,0,0,High School,0.08124176007964855,2864.3754887240734,1.2308940611572308,1
35,Female,Hispanic,55191.91293397908,364,0.20675568406051256,-22971.661483415664,15,2.2850330760236712,11912.470986200751,0,0,1,1,Master,-2.402608665194929,-127.62034157453147,-0.027747617675913876,0
76,Male,White,65477.54346885644,656,0.4029334237559442,317242.49199675204,15,24.573581366519957,-4031.9568790775083,7,4,0,1,Bachelor,0.20639588050369623,1762.4582888708446,0.3230038627901431,1
59,Female,White,66820.82553923239,317,0.291552083422116,142297.99470206007,10,4.255104884550683,23159.49132186726,4,3,0,0,Bachelor,0.46958374697507255,1185.8166225171672,0.21295455953101464,0
56,Male,White,61487.72702267752,735,0.15083844821549594,343250.9819822543,10,11.124033179093207,39331.68065759966,9,3,0,0,High School,0.17913343369795914,2860.424849852119,0.5582430813480203,1
34,Female,White,40052.60933719474,740,0.39123753377705317,300886.95027671405,10,21.2176231520334,19579.938240822918,7,3,1,0,PhD,0.13311514274833094,2507.3912523059503,0.751229333758528,1
31,Female,White,64290.99522927012,308,0.44152137354229304,91283.27342836808,20,24.50957962954301,4595.9333861402065,1,1,1,1,Master,0.7043020349146509,380.3469726182003,0.070992269681656,1
48,Male,White,56181.08876208576,769,0.4401363094829014,257508.53104396336,15,25.871457554655475,17777.264746028468,0,4,1,1,Bachelor,0.2181717573950752,1430.602950244241,0.3055696459645035,1
41,Male,Hispanic,52678.83765904026,647,0.41851720453635477,129915.70144637363,10,15.912515748333467,27699.419967390317,1,0,0,1,Bachelor,0.4054847649095359,1082.630845386447,0.24661839026753601,1
52,Male,Hispanic,37766.13756596403,671,0.35011239046777287,253803.83639249165,30,14.276150893675968,16972.56236854728,5,0,0,0,Bachelor,0.14880049924683203,705.0106566458102,0.22401358531761112,1
61,Female,White,40062.477453169435,474,0.35973630842966287,204603.58101126653,15,25.449518310540892,3521.5622823650992,3,0,1,0,PhD,0.1958053581230496,1136.686561173703,0.34047416937779335,1
77,Female,White,51477.73872249108,814,0.4178200549039798,127050.98892385935,20,16.892312851424133,50296.930576982224,7,1,1,0,Master,0.40517385310035864,529.3791205160807,0.12340381694772237,1
62,Female,White,98797.48933971004,429,0.4451296808733205,66301.87195241611,30,17.359521852456933,-2688.2163363624604,8,1,0,0,Bachelor,1.4901161374540912,184.1718665344892,0.022369621062076645,0
51,Male,Black,56024.8496018278,592,0.4274383694156926,223007.26831454533,20,13.019201039814021,54119.064530685544,8,4,0,1,PhD,0.25122432118582955,929.1969513106055,0.19902531635468215,1
20,Female,White,37776.22995499428,652,0.3934727824567259,246407.24064288917,10,11.184419157631188,18607.85901494194,4,1,0,1,Bachelor,0.15330811650028692,2053.3936720240763,0.6522811856462463,0
54,Female,White,33352.211100611145,523,0.1779194924020592,184215.34437886826,10,14.416225718694873,33458.10857847829,5,3,1,1,Bachelor,0.18105012485831254,1535.1278698239023,0.5523332285921299,1
60,Female,Asian,40164.667746875944,823,0.2053082692464309,122587.50310484787,10,10.945424810883818,23228.273009457615,6,0,1,1,Master,0.3276408013019362,1021.5625258737323,0.3052122922500283,1
57,Female,Hispanic,93545.86895098131,808,0.2301120105176742,151678.59094171514,30,10.306393499077156,6834.754605321294,3,3,0,0,High School,0.6167374602453142,421.32941928254206,0.05404784933944928,0
43,Male,White,42014.86708108076,667,0.5598308285437511,90377.09007465027,10,29.80993026023682,39933.275486510174,9,1,0,1,PhD,0.4648840435820299,753.1424172887523,0.21510740448194104,1
72,Male,White,68137.4106922057,799,0.47969754589848324,273610.2873297666,15,10.086404822155442,29239.11506422307,2,0,0,1,High School,0.24903088022448377,1520.0571518320367,0.2677044172456499,1
40,Female,White,42481.43509057287,389,0.3764334097684391,-15933.108495585067,10,7.691512425980013,18566.14939694402,1,2,1,0,Bachelor,-2.66623647873509,-132.77590412987556,-0.03750605049385634,1
61,Female,Hispanic,55223.690825592574,371,0.22602846427202342,295172.48450020625,15,10.617722695278797,30915.022629533287,9,3,1,1,High School,0.1870895619525606,1639.847136112257,0.3563355751699874,1
56,Male,Black,65834.90548017445,732,0.1554457616220856,192406.23628292166,30,17.723440219083184,17940.051773486164,3,2,0,0,Master,0.3421661727396831,534.4617674525601,0.09741855270624028,1
32,Male,White,38561.94300380152,647,0.5493796129899874,252164.1411730274,20,27.329714598694952,-13017.125562503985,8,4,0,0,High School,0.15292397572635627,1050.683921554281,0.32695984892173163,0
73,Male,Hispanic,37177.76691694461,562,0.5463330079114586,261975.61240663595,20,23.635927505932834,-5659.644323096065,4,3,0,0,High School,0.1419130833416572,1091.5650516943165,0.3523283324034648,0
66,Male,White,83177.3938891066,570,0.15534779784784578,211729.18679642514,15,25.267234172271042,19668.79286797506,0,0,0,0,High School,0.39284802982349615,1176.2732599801398,0.1697009062171434,1
21,Male,White,69691.85789791594,808,0.49860833304824803,160997.08133421515,30,25.77025832051573,15235.102564470875,4,0,1,0,Bachelor,0.4328765299368505,447.2141148172643,0.07700425185490217,1
46,Female,White,65813.44637381457,807,0.3233225346549563,310613.2995466625,15,27.61585189340602,18656.785923372598,5,2,0,0,Bachelor,0.21188225510584624,1725.6294419259027,0.3146401600896837,1
39,Female,White,65745.52586245828,719,0.26198346641527004,28468.073115097184,10,7.052136987266397,14897.868907455311,9,0,1,1,High School,2.309447695902963,237.23394262580987,0.04330039609790831,0
42,Male,White,59191.50976622131,371,0.4695522681043536,330179.27666454203,10,13.750980931123067,3175.3865605864194,5,3,0,0,High School,0.17927082027730992,2751.493972204517,0.5578152643319882,1
30,Male,White,90355.5162635013,373,0.40716477053036526,87667.46125833833,10,11.555929997293395,-739.2149283370527,4,1,0,0,High School,1.0306619464802547,730.5621771528193,0.09702502390963727,1
35,Male,White,50878.16603754314,802,0.49001505379666865,167439.21138260653,20,11.456309838405014,7313.143387567206,7,1,1,0,Bachelor,0.3038605211851131,697.6633807608606,0.16454918133158797,1
50,Male,White,61545.24734401839,445,0.13716443031646855,343131.26129013696,15,19.568509551065546,31314.438775391158,4,0,0,1,High School,0.179363568077752,1906.2847849452053,0.37168454765444586,1
33,Female,Hispanic,20981.74142811975,345,0.25929350997872824,422946.46429123345,30,12.054091809532302,7743.218567448483,9,4,1,0,Bachelor,0.049608504147872705,1174.8512896978707,0.6719278056434347,0
62,Female,White,33500.78626817519,404,0.2596584252083679,218197.10918788574,15,18.48990917751611,35632.223688019745,2,3,1,0,High School,0.15353451011730976,1212.2061621549208,0.43421291158404224,0
59,Male,White,25983.62000329919,408,0.2648765461438828,64539.45658417477,15,11.468380911834235,4450.524925052163,2,4,0,1,Master,0.40260053893404546,358.5525365787487,0.1655901078602085,0
61,Female,Black,75481.27167032298,616,0.35123993632190276,285392.4422028682,15,9.33384548173269,37776.76883167751,3,2,0,0,Bachelor,0.26448237762606175,1585.5135677937121,0.25206468296698126,1
79,Female,Hispanic,-1050.8030404149977,420,0.2415069015404737,196097.07237504938,10,10.592315353295422,12266.286009291618,9,0,1,1,Master,-0.0053585860700932,1634.1422697920782,-18.661639225711035,1
19,Female,Hispanic,41953.79954494555,798,0.3221918050437599,93796.33337245136,10,24.112711680412794,15379.529427761467,7,2,0,0,Master,0.4472861362112442,781.6361114370947,0.2235705332766496,0
72,Male,White,-9874.132053212452,342,0.28388879655770793,221917.0213690433,15,18.03153108686673,15509.474461187485,8,4,0,0,PhD,-0.04449470343598376,1232.8723409391293,-1.4983056750245016,0
52,Female,White,33374.2420903622,398,0.4676480240102556,69026.0498011054,10,29.219931990498434,28731.77251015718,6,3,1,1,Master,0.48350212979778157,575.2170816758784,0.20682432162568487,0
59,Male,Hispanic,40181.02100536267,610,0.4017503978375251,219504.70805522182,20,24.97968679139198,23781.15143552381,1,4,1,1,Bachelor,0.18305311699853902,914.602950230091,0.2731447615852346,0
51,Male,Black,77697.42187588089,513,0.42681471615865774,107975.64891758533,10,14.573418250021234,22087.568775413703,8,1,1,1,High School,0.7195828194113013,899.7970743132112,0.13896941019493922,1
47,Male,White,57932.558784429144,762,0.20529194704132223,3201.256124260981,20,7.271290052822276,18786.65122104487,5,4,0,0,High School,18.096820915197167,13.338567184420754,0.0027629162179535907,0
76,Male,Asian,33337.169533420674,722,0.2627510826634447,33827.60523661753,20,20.217273343654355,11459.091916557696,5,4,1,0,Master,0.9855019088768965,140.94835515257304,0.0507355689011108,0
72,Male,White,71319.27439463652,688,0.11058272380603715,139240.24856956454,15,21.79938081935807,36453.56084635285,5,4,1,0,Bachelor,0.5122030097425843,773.5569364975808,0.13015672574858755,0
30,Male,Asian,50356.64509059515,411,0.15418735364658495,250186.79368358923,15,13.925279393758771,21289.41405385432,0,4,0,1,Master,0.2012761918771824,1389.9266315754958,0.33121983303095426,0
30,Male,Hispanic,50751.33717414505,571,0.23252711599444367,325406.9335623554,10,6.897663972320721,28612.597131695195,8,3,0,0,Bachelor,0.15596267915545178,2711.724446352962,0.6411790342504158,1
35,Female,Black,25946.56984456016,401,0.13273186065101053,342756.6359154931,30,16.717149535897956,23001.99641040392,5,0,0,1,Master,0.07569968638319027,952.1017664319254,0.4403364786031039,1
49,Female,Asian,30199.725721937215,509,0.40131620017735126,48800.26868916492,15,7.614877570783399,13676.422283077907,6,3,1,0,Master,0.6188434312584519,271.112603828694,0.10772784083866957,0
49,Male,Hispanic,33498.05400108951,321,0.5990650579619127,177546.83622319426,20,28.19994952891313,55930.716179332914,0,2,1,0,High School,0.18867164695054933,739.7784842633095,0.2650106722877389,1
52,Female,White,50929.22546308379,458,0.15040760703269426,138976.46928883682,20,18.866527441011584,38452.10271229196,4,1,0,0,Master,0.3664593418130147,579.0686220368201,0.13644078426990253,0
76,Female,White,51557.714539613495,642,0.5106151063346326,189367.90761871816,10,8.757928850076445,11898.380024963655,2,0,0,1,High School,0.27226215459602643,1578.0658968226514,0.3672930604269135,1
56,Female,White,80881.8532704809,699,0.1594081236325736,341046.1826357984,20,6.471920650035737,50788.525929738455,8,1,1,0,Master,0.2371580665274716,1421.0257609824935,0.21082985171920424,1
63,Male,White,57701.103358756685,753,0.434957009398218,216115.19901873107,15,21.501698501553626,33910.57743927588,1,1,0,0,PhD,0.26699234306864106,1200.639994548506,0.24969505080348814,1
69,Female,Hispanic,-4151.313873442159,442,0.42157880152950855,286776.6960532883,10,21.23379840725259,3605.3539678692323,3,0,0,1,PhD,-0.014475771325124584,2389.805800444069,-6.908094757371374,1
46,Female,White,55252.83975743381,696,0.5513584674055997,421146.99529751414,10,17.913966945257247,33229.96378197626,2,0,0,0,High School,0.1311960915651342,3509.558294145951,0.7622178283440216,1
79,Female,White,20999.672876649343,835,0.1569728068402562,43514.1809028431,30,18.42903075537664,26242.58032402202,8,2,0,0,High School,0.48259377611948295,120.87272473011973,0.06907120436024956,0
66,Male,Black,30680.58150776927,440,0.2577222330409489,152505.87437871727,10,18.11607008476869,22483.60680467378,2,3,0,0,Master,0.20117639161610457,1270.8822864893107,0.4970762185198415,1
46,Male,Hispanic,33756.6105654734,539,0.14538988017734286,257122.61567782445,30,10.803103404315516,35221.13451636805,0,0,0,1,Master,0.13128604217285403,714.2294879939568,0.2538985316462351,1
79,Female,White,36733.23352975396,591,0.30369166290221694,226655.14439911593,15,28.1224323002242,25112.648176841045,7,2,0,1,High School,0.1620666216385126,1259.1952466617552,0.4113534668191317,1
70,Male,White,22497.01215919394,381,0.5557965867787225,304865.90282133507,20,14.378353927887533,-10147.820228422072,0,4,0,0,Bachelor,0.07379313970830705,1270.2745950888961,0.6775697605176081,1
61,Male,White,54069.64006904575,470,0.49076157553092803,161619.67801385294,15,0.6098370043676948,-301.2970278606699,0,0,1,0,High School,0.3345486189151501,897.8871000769608,0.19927347744805665,1
74,Male,Black,21783.954298180815,825,0.4614500502226596,220599.43036666277,10,10.450840271649762,7166.487503149128,6,3,1,1,Bachelor,0.09874891454603153,1838.3285863888564,1.0126693590478433,0
33,Female,White,57133.35214499694,841,0.366513752431351,124377.83125889655,30,3.9084773594279856,49933.79623255394,8,4,1,1,Master,0.45935317867114106,345.4939757191571,0.0725658053129469,0
73,Female,Black,94739.42154123259,409,0.5417428711677614,306386.3464077885,20,10.901513731436502,29775.25514778489,3,4,1,0,Bachelor,0.3092155464889354,1276.6097766991188,0.1616995023948097,0
61,Male,White,23412.818821318724,511,0.32472089912066415,204209.27341247824,10,18.24787455107198,28116.708789986726,9,4,0,0,High School,0.11465110486940344,1701.7439451039854,0.8722113939844522,1
64,Female,White,44309.79391321556,737,0.17484283355031913,340377.02603159286,15,0.6799342356577232,21617.757877963704,3,4,0,1,PhD,0.13017856824773727,1890.9834779532937,0.5121170678402007,0
74,Male,Asian,-469.1472502493998,621,0.5187926115603896,341107.1062345522,10,26.10601593683605,6176.684054810279,4,1,0,1,Bachelor,-0.0013753663927681546,2842.5592186212684,-72.70789843769069,1
27,Female,White,43981.29414059734,383,0.23981916402586342,71838.17578943237,30,18.309273554045266,-1804.4281280887008,4,3,1,1,Bachelor,0.6122273242226055,199.5504883039788,0.05444600725010005,0
47,Female,White,62854.34305262967,675,0.12681677051222404,356495.76350286754,15,8.861156287769843,34936.840550213135,1,2,0,0,High School,0.1763116128927689,1980.5320194603753,0.37811840963200033,0
42,Female,White,64412.78462714534,352,0.1630190153343957,293108.65203268436,10,9.336155217728448,44951.05983576542,8,0,0,1,High School,0.2197573636276104,2442.57210027237,0.45504732287130506,1
56,Female,White,51547.27460568193,795,0.4045294580970741,184344.2993250448,30,13.970045295484523,30163.098805372563,9,2,0,0,High School,0.2796249994950551,512.0674981251244,0.11920727185883394,1
37,Male,Black,67785.26849517951,555,0.4035409819605863,284122.7506731942,10,7.442754180053805,12637.737500390003,8,1,1,0,Master,0.2385774047821605,2367.689588943285,0.4191511769159686,1
22,Female,White,100921.09071885583,519,0.23009158554101725,149211.29256397387,30,0.13025783282838654,13865.250541280158,8,4,0,0,Bachelor,0.6763636249286309,414.47581267770516,0.04928315495507409,0
18,Male,White,84246.09374875198,399,0.46359007397298957,336104.55976599234,10,0.796723445377896,30396.91296367922,8,0,0,1,Bachelor,0.25065442077729333,2800.8713313832695,0.39895566050618386,0
47,Female,White,39549.58141180726,428,0.4868200776997672,209918.4693859559,15,10.732220159160596,18251.646577905078,0,3,1,0,Master,0.18840448640606006,1166.213718810866,0.3538486154888206,1
66,Female,Black,20977.92027066523,518,0.5602513130668091,288795.4245206013,15,3.7266502982582486,17640.010667085,7,0,1,1,PhD,0.07263937891498265,1604.4190251144516,0.9177758354004312,0
20,Female,Hispanic,41876.971668523925,776,0.39246874933911846,136914.57114999657,15,0.6709102394124566,11922.402409392953,7,0,0,1,Bachelor,0.30586205191152127,760.6365063888699,0.2179631838929524,0
62,Male,Black,31060.344687653036,757,0.48971168207378646,228170.80039994975,15,25.77807810104521,10049.87756727584,3,2,0,0,Bachelor,0.13612760543070732,1267.6155577774987,0.48973657073988447,1
31,Female,Black,59026.950957292654,321,0.4765498398858169,288594.43236003513,15,8.224119409285596,18195.06513487977,9,4,0,0,Master,0.20453253541514535,1603.3024020001951,0.32594651277045716,0
73,Male,White,26376.129211410036,628,0.22890452423359645,230775.0556206233,20,15.093677315004037,-3755.7822949625734,0,3,1,0,Bachelor,0.11429367502686423,961.5627317525971,0.43746952741039885,1
47,Male,White,48543.551348193156,779,0.25511296396882965,256139.87463917478,10,5.382272525748695,29289.648720926572,0,0,0,1,High School,0.18951969667579732,2134.4989553264563,0.5276496414568741,1
67,Female,White,66760.2810907262,638,0.3392411978764357,124025.37289414016,15,1.401749167312868,-8007.676017173897,0,1,0,0,Bachelor,0.5382792208793304,689.0298494118898,0.12385145864958395,0
21,Male,White,47986.08254365646,478,0.10951948376462425,230453.73985159578,20,22.345988984657442,35980.26799638303,2,1,0,0,Master,0.20822436023194,960.2239160483157,0.240125602711927,1
35,Female,White,31073.72354504407,720,0.24869888657886177,124540.64309665991,20,3.7487056394035023,12084.674034842134,9,4,1,0,PhD,0.24950668932170822,518.919346236083,0.20039542881967043,1
79,Male,Black,73496.28115171383,781,0.33694143667211895,198163.81829043524,10,0.7715070721097594,18215.91005419269,2,0,1,0,Bachelor,0.3708864806187542,1651.3651524202937,0.2696242791949948,0
54,Male,Black,12420.381104923457,348,0.15403464764057187,150706.68427189335,30,17.616909847902296,28370.538936381618,3,4,0,0,Bachelor,0.08241426825180206,418.62967853303707,0.4044607085691678,1
42,Female,Asian,43444.09888245074,329,0.16313794388756273,179537.35196518444,10,0.4040271726434874,15681.32416900781,1,0,0,0,Master,0.24197805307318634,1496.1445997098704,0.41326061901058014,1
65,Male,White,49166.799532373305,384,0.3316183678686706,24837.33303707582,10,13.088578344309648,8923.67411797812,8,3,1,1,High School,1.9795522916643176,206.97777530896516,0.05051647305357341,0
18,Male,Black,50318.17316799262,801,0.4654825157929656,202646.60896156754,30,8.665081454334485,24296.518258820623,9,1,1,1,Master,0.24830503419643007,562.9072471154655,0.13424348580449594,1
70,Female,Hispanic,53609.92112156162,845,0.5168744654603415,189247.0192191914,30,9.582539548132585,52974.87620654532,8,2,1,0,Bachelor,0.28328013483514397,525.6861644977539,0.1176691523135987,0
63,Male,Black,62208.796396189864,628,0.37315694875237426,48461.19735207039,15,0.1169712934208933,31817.035739272244,9,4,1,0,High School,1.2836826119718674,269.22887417816884,0.05193391734445937,0
32,Female,White,49291.85121909298,733,0.3373744937733656,234126.59454726393,30,28.930382411483862,8631.078078967272,6,3,1,0,Bachelor,0.21053503688638955,650.3516515201776,0.1583267746133909,1
26,Male,White,42638.83435712638,548,0.2921402842298776,282602.29229617404,30,15.508893074506139,14719.646864458286,1,1,0,1,High School,0.15087929404493242,785.0063674893723,0.2209271560046307,1
32,Female,White,41848.213106806084,433,0.1964744962188031,231527.4070949333,10,17.175363991250514,12840.753969629186,2,3,0,0,Bachelor,0.1807484203787893,1929.395059124444,0.5532551808222327,0
66,Female,White,37769.683959232905,664,0.17328100140718236,278568.42495727306,10,19.983674547360838,4525.502170224676,7,2,0,0,High School,0.13558494278389963,2321.403541310609,0.7375450248880788,0
74,Female,Hispanic,65750.8664865373,724,0.49594822583090403,147301.87316761597,10,23.925653731493007,28997.85553580996,8,0,0,0,High School,0.4463681626894104,1227.515609730133,0.22403031479102484,0
41,Male,White,37069.43041046971,714,0.3325033161061681,178721.74872779084,30,18.237273489275275,15109.349763616015,3,0,0,1,High School,0.2074142104939324,496.4493020216412,0.1607090143628729,1
21,Female,White,66935.4221801649,811,0.4951601227398773,207417.55012471974,20,22.86594316479927,24766.421388716946,8,3,0,0,Bachelor,0.32270857572040923,864.2397921863322,0.154938553734994,0
29,Female,Hispanic,50379.98164519742,684,0.4520415179503149,214599.03611612835,15,13.462058830886269,-19222.492018327313,3,3,0,1,Bachelor,0.23476331747331214,1192.2168673118242,0.2839739503776834,0
76,Female,Hispanic,39574.90386287741,687,0.19694795719168942,-34967.185780932836,10,11.138254212134648,30350.35216112856,1,4,1,0,High School,-1.1317726313696397,-291.39321484110695,-0.08835696961410242,0
75,Male,White,62368.144314882695,748,0.3551536321056129,107911.43695816705,20,24.69401722446555,11119.92685553548,6,3,0,1,Bachelor,0.5779567585506282,449.630987325696,0.08651166243887788,1
54,Female,Black,35450.92150553763,602,0.3220083152113403,300234.42202797753,15,25.95931572520389,4921.128623077408,8,0,0,1,Master,0.11807747181711935,1667.9690112665419,0.5646010677627082,1
78,Female,White,62763.68081456426,398,0.3119367530453484,121766.66001504542,10,4.134200093608014,-65.12916453786966,1,3,0,1,PhD,0.5154422467267248,1014.7221667920452,0.19400815636483443,1
54,Male,White,54254.5224238357,605,0.3712855246019069,175308.11638259375,20,16.279805608801833,6202.195143160821,7,1,0,0,Bachelor,0.30948095013142585,730.450484927474,0.16156083267408458,1
60,Male,White,38073.50621816159,341,0.591040950537719,194787.10767941424,15,20.50927291458478,13582.059164753264,5,1,1,0,Bachelor,0.19546214670851814,1082.150598218968,0.341072006980886,1
77,Female,Black,60572.696306691185,767,0.5064502988353726,65964.86486960744,10,2.5079620989590046,33330.56880498642,8,0,1,1,Bachelor,0.9182569603746641,549.7072072467287,0.10890197876550628,1
23,Male,Asian,60931.79451377277,739,0.5518562158151958,358016.4187697887,10,27.88790450228255,13344.336319622635,4,3,0,1,High School,0.1701927378725976,2983.470156414906,0.5875691363215375,1
56,Female,White,73150.39211619916,626,0.11481979158801878,196869.02405633332,20,15.603293181513923,34740.91595805904,0,3,0,0,PhD,0.3715688258568674,820.2876002347222,0.1345645719462498,1
73,Female,Black,69322.94024818591,332,0.17016818339625298,114353.90894128215,30,19.363722519502566,24382.27893261786,4,3,1,0,Master,0.6062139973175862,317.6497470591171,0.05498608326569291,0
63,Female,White,59825.48041452566,711,0.14238183011228175,264845.64959587704,30,5.34728244271061,47289.883406067056,9,1,0,0,High School,0.22588809937339815,735.6823599885473,0.14756569038297399,1
41,Male,Black,27448.180975824736,413,0.23161550253263832,170327.59870064832,10,7.933040698662818,12486.149222327513,6,0,0,0,High School,0.16114934505749162,1419.396655838736,0.620542391682225,1
28,Male,White,98971.73976348114,807,0.3209462459833252,205877.5950921454,20,3.63003650043607,26205.92592855839,6,4,0,0,Bachelor,0.48073098832917677,857.8233128839391,0.10400827326272315,0
79,Female,White,21927.675778563796,355,0.42102662382794476,340885.5308167873,30,7.919961655616666,38732.2119339893,3,1,1,0,Bachelor,0.06432562780245744,946.9042522688535,0.5181967820928114,0
30,Male,Hispanic,68985.26348564618,651,0.35041563314330104,145880.65174493782,30,14.771902958753962,29455.172190842444,9,0,1,0,Bachelor,0.47288836909134546,405.22403262482726,0.07048879928551277,1
51,Female,Black,58625.67633772597,628,0.5515919574565699,314278.49929859885,30,25.00888798371889,17445.67917780318,5,0,0,0,Master,0.18654052526203896,872.9958313849968,0.1786921811574671,0
42,Male,White,26517.15255037771,845,0.5699279794469319,165780.28657787415,20,16.011702450610905,12686.069313367285,5,4,1,1,High School,0.15995359338410517,690.7511940744756,0.31259066421804177,1
24,Male,White,47513.98122243002,569,0.18176047559872946,206825.35683050612,20,7.333907946932882,-9154.932461210617,9,2,0,0,Master,0.2297299613091824,861.7723201271089,0.21764683942425525,0
69,Male,White,48424.94227510719,495,0.5264564601323926,230312.94530691815,15,1.3386322467218392,16406.689350626886,9,4,1,0,PhD,0.2102571447322488,1279.516362816212,0.3170720631232917,0
21,Male,White,76111.65431621048,712,0.34086110200665054,165538.60524803397,30,18.659095077210136,6163.515302157786,0,4,0,1,High School,0.4597818992262799,459.8294590223166,0.07249814181338284,1
76,Female,Hispanic,35733.78199439577,378,0.32666473565869214,98326.37318698283,20,12.60479692099944,11873.797631394196,4,0,0,1,High School,0.3634201164568783,409.6932216124285,0.1375818171197267,0
25,Male,Asian,44761.099871512924,382,0.49246967424228405,245317.2848346344,15,29.5306160045121,20775.023736509145,6,2,0,0,PhD,0.18246207111612978,1362.8738046368578,0.36537273888684524,0
37,Male,White,3278.6078995747375,436,0.1465702545224383,312148.70325811225,10,23.39279656235079,-3416.4949937060483,4,2,1,0,High School,0.010503352618010697,2601.239193817602,9.520769571091455,0
46,Male,White,84695.25586247155,838,0.5412465637095732,262680.6400418837,15,24.25088457820108,5107.710555121601,7,3,0,0,High School,0.3224267149987419,1459.336889121576,0.20676533167211902,1
71,Male,Hispanic,28590.635139598577,605,0.4354316772738074,259792.7080024252,30,0.36705068641190386,25810.278280699316,0,4,0,1,Master,0.11005172300421796,721.6464111178478,0.3028878823828662,0
70,Male,White,56538.217284783495,610,0.537630803828999,154241.10947404988,20,23.333859987121713,1024.8005312525747,8,4,0,1,High School,0.36655738199481575,642.6712894752078,0.13640429154065475,1
68,Female,Black,47971.84340556272,687,0.5972387888538114,268836.0609197598,30,5.838399320264784,19321.853043674884,1,2,0,0,High School,0.178442740313328,746.7668358882216,0.1868012858063223,1
62,Male,White,48039.980664333205,848,0.35900222617862665,235814.2677804151,30,17.573876168649175,-1025.1963400742752,7,2,0,0,High School,0.20371956759235174,655.0396327233752,0.163623621075194,1
63,Male,Hispanic,66197.2396974175,805,0.1466310989544645,286289.60522352916,10,13.42264716947156,27894.889446965055,4,2,0,0,PhD,0.2312247405760053,2385.7467101960765,0.4324796721617653,1
27,Male,Black,83425.2492060727,687,0.18326193146544326,209867.99262208023,20,17.148115517330396,29856.491008677684,9,0,0,0,Master,0.39751297071917346,874.4499692586676,0.12578205916033602,1
60,Female,Hispanic,55029.87339883983,592,0.26180912127715494,259676.7579979066,20,4.003305882689886,38523.77555829937,6,0,0,0,Bachelor,0.21191682237223347,1081.986491657944,0.23594162766453067,0
51,Male,Hispanic,63101.56035261052,478,0.15177647106735478,151676.9550046612,10,13.706750442334389,38677.89932796339,6,0,0,1,Bachelor,0.4160260228765229,1263.9746250388432,0.24036957906760587,1
74,Male,White,56577.83073454082,728,0.5076709130688849,269536.6485376524,20,1.1083405785498934,24112.274669447626,0,4,0,1,High School,0.20990774739353224,1123.069368906885,0.23819987885564162,0
43,Female,Hispanic,70350.62847861252,823,0.24843392551638424,74036.0220695949,15,1.229980444788924,-6425.259410366765,7,2,0,0,PhD,0.9502216152629317,411.31123371997165,0.07015907194262218,0
58,Male,Hispanic,40741.67241027346,611,0.5879430940099326,166533.6429087167,30,19.732143923222097,20031.348968927206,2,0,0,0,Master,0.24464529628169782,462.59345252421303,0.13625168290565265,1
66,Male,White,71507.81108832828,379,0.4512957159659279,130265.52665057423,10,28.550951204165397,26868.76833554513,3,3,0,0,High School,0.5489388706817396,1085.546055421452,0.1821696464595552,0
75,Male,White,72209.99731294767,313,0.18671518512777882,550587.1403544915,10,23.321787561143495,21813.970418802197,2,2,0,0,PhD,0.1311508969614797,4588.226169620762,0.7624804886341797,0
20,Female,White,71650.7401736582,353,0.3380213234719701,265213.3510848476,30,14.074673417129311,44941.32294148581,1,2,0,1,PhD,0.2701626440772039,736.7037530134655,0.12338246631835498,0
73,Male,White,36797.04265327048,746,0.33344211081666053,91619.04886729424,10,1.6761222027711875,39465.04454709892,6,2,1,0,Bachelor,0.4016309174587614,763.4920738941187,0.24898481579239423,1
23,Female,White,46633.24731525618,364,0.34625582916681696,63226.98907137656,20,1.350604483713126,20393.048053800787,9,0,0,0,PhD,0.7375528710154486,263.4457877974024,0.06779175021196916,0
22,Female,Black,54789.3397756087,671,0.3678455853214678,25429.93970798707,20,4.736767833241743,31186.696369583755,4,1,1,0,High School,2.154521025403784,105.95808211661279,0.02320701418573039,1
22,Male,White,22583.159103419886,802,0.11558654115886544,86027.49308391524,30,29.274315118020798,-1995.9299430810242,6,3,0,1,Master,0.2625109519510375,238.9652585664312,0.12697882920919248,0
71,Male,Hispanic,81898.4041617203,395,0.44315056287181176,115123.61256294916,10,11.959831993234895,22837.785366144268,0,3,0,1,High School,0.7113953631097057,959.3634380245763,0.14056881051750514,1
64,Male,White,49754.46932995648,832,0.34359588764422166,102464.67117325612,15,25.302218756179354,1042.868364390979,9,1,0,1,Bachelor,0.48557682135950375,569.2481731847563,0.13729375813288472,0
40,Female,White,55678.557752094435,559,0.4954826994343495,153286.21161345104,30,21.15427316845791,17314.12233336094,1,3,0,0,PhD,0.3632326558666714,425.7950322595862,0.09176854777497953,0
66,Male,White,38459.91120545594,547,0.5076747866302153,283450.1561585318,20,18.162859776481987,9818.976298343376,5,0,0,1,Bachelor,0.13568491803527377,1181.0423173272159,0.3685007937802018,1
26,Male,White,23462.448812659546,426,0.21526756099585873,180086.90224814773,20,28.43478334961225,10231.875385761814,5,2,0,1,Master,0.13028403798256166,750.3620927006156,0.3837768676366358,1
52,Male,White,37919.40229050458,798,0.1242114732133889,271290.13630851463,20,6.912347118570659,7813.815447527599,2,1,0,0,High School,0.13977434936072333,1130.3755679521444,0.35771942583658367,0
37,Female,White,54384.083752671766,345,0.45161692805616127,93491.31158212505,15,13.646689874074609,13997.915889654381,9,2,1,1,Bachelor,0.5817020088000312,519.3961754562503,0.11460621702887111,1
75,Male,White,63468.57625507387,567,0.5888813942319372,161745.31848629864,20,25.941688970237863,11422.211439885214,0,3,0,1,High School,0.3923982273431318,673.9388270262443,0.12742157460430525,1
66,Female,Hispanic,53235.8308120544,841,0.3233289932904505,106200.95281414475,30,16.552839229267313,29499.605991953496,2,4,0,0,High School,0.5012745121526254,295.00264670595766,0.0664971637799613,1
78,Male,Hispanic,56934.48032483901,393,0.2298064047967979,244272.13922066658,30,7.393354188783331,16033.898367896569,3,3,0,0,Bachelor,0.23307807638842704,678.5337200574072,0.1430135937701107,0
76,Male,White,43259.47250637247,615,0.1783359472917405,181884.57089348632,30,6.267492505268304,19316.250180197578,0,3,0,1,Bachelor,0.2378402538151832,505.2349191485731,0.14015009149475355,1
59,Male,Hispanic,59924.97132490856,370,0.24372279869529254,377307.80059286766,20,22.586430031269032,24366.10865743629,6,1,0,0,Bachelor,0.15882250838903367,1572.1158358036153,0.31481683866574917,1
52,Male,Hispanic,79656.65732771813,748,0.26395977568572493,132957.3411630074,15,0.383666827562662,24317.92647955394,2,2,0,1,Bachelor,0.5991143973769606,738.6518953500411,0.11127535402011086,1
67,Male,White,64095.78884877974,666,0.31193737171723224,96039.69332731355,15,27.42576232208649,3966.9574101045127,7,1,0,0,Bachelor,0.6673885206019393,533.5538518184086,0.09989183902434796,1
35,Male,Asian,66190.83776505881,709,0.4277035616072933,229673.97631334793,20,0.5525396434560903,16035.15606906089,6,0,1,0,Bachelor,0.288194765586997,956.9749013056164,0.1734937825749877,0
79,Female,Hispanic,55880.32798613262,390,0.23658152804011354,182378.75908997594,10,18.929671406421125,23558.666712282233,5,2,1,1,High School,0.30639712796030294,1519.8229924164661,0.3263738164443763,0
34,Female,White,19936.898608007963,808,0.125488381734338,250251.1684437542,10,18.14243884326022,6786.58418431055,7,0,0,0,Bachelor,0.07966755452927657,2085.4264036979516,1.2552161364919465,1
41,Female,White,29106.669387375136,827,0.28663930578635977,193832.78996531304,30,17.352334531643432,5092.53992782569,8,0,0,0,Bachelor,0.15016380557997366,538.4244165703141,0.22197981200989744,1
20,Male,White,59097.516013276865,409,0.5278148080795378,185930.93311155902,15,14.230291526002667,2402.5584084922484,1,1,1,0,Bachelor,0.3178466058566931,1032.94962839755,0.2097447807787022,0
49,Male,White,49781.21896079828,388,0.3491757554259419,133203.06082335528,20,25.572909980658334,23030.371827338535,9,3,0,1,Master,0.3737242872129996,555.012753430647,0.13378846842646624,0
52,Male,Hispanic,58796.85772945656,571,0.5823918788727049,173041.0361058274,15,19.779986108714528,15592.387072244652,8,4,0,0,Bachelor,0.33978563150476015,961.3390894768189,0.1962021359509215,1
55,Female,White,83528.46835688147,546,0.35181076554436586,47033.097378061415,15,23.455868444981807,17729.780944558745,9,3,0,0,PhD,1.775950830655761,261.2949854336745,0.037538576809612645,1
30,Female,Hispanic,64520.71998458667,660,0.2379494084609239,319766.8749877446,10,3.4656541793756945,-6702.572459396797,4,3,0,1,PhD,0.20177424565023971,2664.723958231205,0.4956033892122307,0
73,Male,Hispanic,75177.72411485644,677,0.1966569986226073,326967.8241010128,15,1.4969591237232716,21063.68796524341,0,2,0,0,Master,0.22992392086761168,1816.4879116722932,0.28995098211226483,1
78,Male,Black,51893.627789414604,505,0.44726224839278816,293750.60366456973,15,0.8558552678933595,21808.820173765154,0,1,1,1,Bachelor,0.17665879539322177,1631.9477981364985,0.37737530428798904,0
64,Male,Black,33855.6864503112,644,0.36819064288871817,154215.77450581332,20,4.416179564207782,23951.503519354155,6,2,0,0,High School,0.21953452270886192,642.5657271075555,0.22775461181705822,1
42,Male,White,48842.67681571318,754,0.4019994644977207,137173.65269172302,20,20.010236707632473,41632.15817611583,5,4,0,0,Master,0.35606456383777785,571.5568862155126,0.14042397103796006,1
26,Male,White,33904.96372561724,366,0.47756339466706554,249909.54079243436,15,14.820652672235124,8604.392321355812,9,1,0,1,High School,0.13566894492346515,1388.3863377357463,0.4913922394271975,0
21,Female,Black,81165.89913544896,342,0.46295173213244645,104836.56796851472,15,22.567567684862126,27316.30706990531,8,3,0,0,High School,0.7742136232447564,582.4253776028595,0.08610887830578894,0
31,Female,White,65807.82153070939,528,0.1216816500841135,313665.7876134261,20,5.751910102263224,25017.090538740056,0,0,0,0,PhD,0.20980235693353178,1306.9407817226088,0.23831953430266123,1
54,Male,White,60410.249932565595,743,0.5012859526475141,-38109.991565719974,10,11.008891259113847,26829.224883787203,9,3,1,1,Bachelor,-1.5851551640568915,-317.58326304766643,-0.06308530689454385,1
51,Male,Hispanic,74718.86404456207,533,0.36635165352585575,154806.3306735074,20,26.65492645648635,15343.735465020593,9,3,1,0,High School,0.48266026149891167,645.0263778062807,0.10359253493279917,1
28,Female,Black,9598.871709535495,498,0.29585426540738635,93540.73295574368,20,28.071436380856,31452.51422895725,9,1,0,1,PhD,0.10261702475729956,389.7530539822653,0.4872485839289869,1
58,Male,White,61762.75902685319,796,0.3687597131340352,324691.1928243176,20,27.65187464967515,9059.683379949418,9,3,1,0,Master,0.19022000100961006,1352.8799701013234,0.26285353661350236,0
73,Male,Black,23787.084313912546,331,0.40622572422866254,307347.463521893,20,24.549151326022876,12954.126610516612,6,4,0,1,Bachelor,0.07739476370273718,1280.614431341221,0.646038538111483,0
20,Male,Hispanic,49854.88603068678,563,0.1747531549368985,256437.3343630205,20,20.647076357936758,17221.90003410934,7,3,0,0,Bachelor,0.1944135246707513,1068.488893179252,0.25718375346919625,1
76,Male,White,43765.848150655715,412,0.3087076976632225,391562.6305174645,10,27.41033682082391,16558.73806880247,9,0,0,1,Bachelor,0.1117722804467258,3263.0219209788706,0.8946762077352726,1
45,Male,White,63234.73224193896,758,0.26779310509409193,201001.19838185073,30,21.42544775497917,25604.16132503932,3,1,0,0,Master,0.31459878225108484,558.3366621718076,0.1059550615384443,1
46,Female,Asian,54563.745779219105,575,0.27520447240901924,263125.7919907218,20,28.618087461764812,23904.37184387009,0,4,1,1,Master,0.2073675308163751,1096.3574666280074,0.24111778639190737,1
26,Male,White,76902.34347223576,445,0.14566746920365412,40241.203063370805,20,0.7436499611066538,24032.58271983915,2,1,0,0,High School,1.911034900003659,167.6716794307117,0.02616383405656499,1
20,Male,White,37962.056781347725,656,0.1799217440001152,167986.80378887698,10,27.649262576837312,39826.26380753657,1,0,0,0,Bachelor,0.22598237435993965,1399.8900315739747,0.44251238745160826,1
42,Female,White,64182.28779266568,305,0.1809160337931107,211004.40589073236,30,16.672216084181244,16881.032886433233,2,2,0,1,Bachelor,0.30417510725298397,586.1233496964788,0.1095860000983244,1
51,Male,Hispanic,53244.464337976635,639,0.28661237161082387,108328.75042474389,15,3.3539325546137477,35843.4078047741,5,4,1,1,Master,0.49150815576854295,601.8263912485771,0.13563694901954138,1
29,Female,White,17294.19459856895,793,0.5472457724373958,225552.24367955004,10,6.447338092118841,4032.1391213774587,9,0,1,0,Bachelor,0.07667489498858374,1879.602030662917,1.3042078507559636,0
59,Female,White,31627.670829539347,407,0.20301368596047134,3126.0929495524033,20,25.564778517447408,18075.751163950412,2,2,0,1,High School,10.117316196265957,13.02538728980168,0.004942022076808642,1
26,Male,White,47002.43932955663,370,0.30809625383740225,250013.16508223495,15,15.183508645395479,18994.413171823227,9,0,0,0,Bachelor,0.1879998571839066,1388.9620282346386,0.3546101984612228,1
32,Female,Asian,72245.84899783455,639,0.255804707649569,156537.24779854005,10,29.484531704857098,375.8347378936123,3,2,1,0,Master,0.46152497257913555,1304.4770649878337,0.2166729991687578,0
57,Male,White,59274.46115114229,399,0.493691656275669,121265.09132194943,15,3.525933285149131,20675.39812602302,0,2,0,1,Master,0.48880069692747097,673.6949517886079,0.13638823979941825,1
42,Female,Black,26649.983522385715,626,0.12506321616040808,274336.52305059327,10,12.375103917003875,21736.988997809858,5,1,0,1,High School,0.09714340338661692,2286.137692088277,1.0294059762556826,0
22,Male,Asian,47193.6754390568,332,0.1982716977679452,346383.81687287346,10,9.956233292422802,28960.165078927974,1,3,0,0,Bachelor,0.13624676771887811,2886.5318072739456,0.7339623660381646,1
28,Female,White,90356.1289758606,442,0.2053207711773972,289181.243169469,15,15.484063081947653,27231.87275232433,3,3,0,0,High School,0.3124550125919099,1606.5624620526055,0.2133640491590974,0
76,Female,Asian,52224.46669681716,543,0.5964814001566157,118856.29172346288,30,19.003134566091553,837.826892826768,4,0,0,0,Bachelor,0.4393916883956406,330.156365898508,0.07586245760597789,1
51,Male,Asian,43453.488498552084,516,0.38538750898315177,266815.4629972315,15,19.848884081449633,37939.13585708682,4,2,1,0,High School,0.16285970839329864,1482.3081277623974,0.4093502765316868,0
41,Male,Hispanic,59834.79281512441,733,0.1694791321917591,174404.8207413333,15,0.03887639735334125,13063.174908688603,3,3,0,0,Master,0.34307992497448087,968.9156707851851,0.19431818014891283,0
77,Female,White,65267.8615916394,353,0.23609956963828274,312943.23178131063,30,2.668813013447038,10927.51762226929,2,0,0,0,Bachelor,0.20856134583939348,869.2867549480851,0.15982507784065741,1
32,Female,Black,40876.63305039882,450,0.18391104706146214,222111.6456013394,15,1.0519150096785568,27353.877297998937,3,0,0,0,PhD,0.18403642429342446,1233.9535866741078,0.3622471308200082,1
55,Male,Hispanic,60051.49548742874,354,0.162302284809724,52542.29445645152,30,25.93797439194832,32765.927691878067,2,4,0,0,Master,1.1429172651986306,145.95081793458755,0.029165132375124494,1
25,Female,Asian,43422.210066583815,816,0.49859101420394625,175794.31612891267,30,9.398767594789668,12918.068455958815,2,1,1,1,Bachelor,0.24700576800641064,488.3175448025352,0.13494961515420248,1
76,Male,White,64386.552036588764,747,0.3478763143301774,117471.97503848915,30,11.011903256290928,19334.775278091038,3,1,0,0,Bachelor,0.548101383461824,326.311041773581,0.060815999264221966,1
22,Male,Hispanic,53393.86315942567,334,0.4156050684243907,122277.89504532494,20,13.51113746840078,33667.0378829384,8,2,0,0,Master,0.4366599796278312,509.4912293555206,0.11450557031266159,0
65,Male,White,59639.356541057845,418,0.26562562349599805,167506.72656480558,10,25.479131917607273,6040.503622335638,8,3,0,1,High School,0.3560415618174257,1395.8893880400465,0.2808660862219196,0
43,Male,White,34816.32907664991,496,0.37684754303366474,227421.2818217656,20,0.4249878288640474,-21978.865088420134,7,2,1,1,High School,0.15309178102309765,947.5886742573566,0.3266014652508111,1
35,Female,White,33574.27231854282,813,0.22878451626184856,290804.84605061857,10,3.5585482313955117,28066.111240040933,3,3,1,0,Bachelor,0.11545293269527825,2423.373717088488,0.8661538313966949,1
23,Male,Hispanic,68909.9460931879,721,0.2540181374641174,147457.59607208884,20,20.55489366422701,33725.12650885568,1,3,0,1,High School,0.4673204224725006,614.4066503003702,0.10699297012413841,0
54,Female,White,48412.072372290124,816,0.4261189721833665,321267.581292107,30,28.91677568122791,-3914.9912771720265,8,3,1,1,Bachelor,0.15069081099805176,892.4099480336306,0.22120349019665367,0
77,Male,Black,55700.69484198723,438,0.17517506295961513,29759.646019004664,20,19.28359263891023,19696.941368557367,5,3,0,0,High School,1.871685395935707,123.9985250791861,0.026713891185224336,1
65,Male,Asian,43872.091458269606,343,0.4086109295837309,116210.3641167869,10,7.833704054025697,12529.385333773029,7,3,0,1,High School,0.3775230530572975,968.4197009732242,0.26488448636492345,1
30,Male,White,67974.53548027288,518,0.5261174082115636,404826.2711728085,20,15.59593286359852,21929.441444628967,3,4,0,0,Bachelor,0.16791038606102848,1686.776129886702,0.29777788719887205,1
45,Male,Black,37843.80039940684,557,0.16021161309038454,85738.71848013307,15,29.24941426744303,-11026.825125302857,7,4,1,1,Master,0.44138518828195233,476.32621377851706,0.1510396552411738,0
22,Male,White,47287.97520198234,812,0.5487306402849895,325127.7024961427,15,15.842296397033728,990.2510591899045,5,3,1,0,Bachelor,0.14544431261603544,1806.2650138674594,0.4583655797024034,0
30,Male,White,65719.85625406263,676,0.1397228401494475,197402.03966179804,30,11.205228891846073,26730.948342599764,5,0,0,1,High School,0.33292389666620537,548.3389990605501,0.10012298206023296,1
34,Male,Black,73459.35398328531,588,0.27445461347793654,192914.08365695603,20,11.502766645161609,18001.69915239374,5,0,1,0,Bachelor,0.38078792688828417,803.8086819039835,0.13130668403431037,0
67,Male,Asian,39524.81417946633,769,0.40525465761899726,293526.15649754315,20,29.01100525775192,42567.73794176568,8,1,0,1,High School,0.1346551688990523,1223.0256520730966,0.3713188317151329,1
57,Male,Black,89193.67963911766,402,0.3797073800592684,279516.57775365585,10,21.567495801951175,28828.241981247676,0,3,0,0,Bachelor,0.3190997841914265,2329.3048146137985,0.31338159708691765,1
62,Male,Hispanic,56264.833873872325,448,0.14819553624721674,333375.13154370605,10,20.615185668661418,5554.832696803054,0,0,0,1,Master,0.16877333835111186,2778.1260961975504,0.5925106475761146,1
49,Female,White,29141.434763825248,383,0.4994565838929266,175294.46706048562,20,6.961629650722404,30791.039431454454,4,1,1,1,High School,0.16624275285180537,730.3936127520234,0.3007649906072703,1
79,Female,White,57381.04097179936,325,0.5865766465726264,214299.09571841083,10,16.78453913290723,45626.448994612314,0,0,0,0,High School,0.26776147038528847,1785.8257976534235,0.37346672714378054,0
46,Male,Black,42340.015710330845,474,0.19061414459188505,174980.6615326037,15,10.702355955669404,18915.847795986774,9,1,1,0,Bachelor,0.24196968590407197,972.1147862922428,0.2755166062127982,0
68,Male,White,58681.369743663534,721,0.5475654849077314,88811.3403526124,15,7.206045775618495,26042.115581247403,8,2,1,1,Bachelor,0.6607418547077182,493.3963352922911,0.10089669088112624,1
75,Male,White,49142.87504679324,645,0.3784047210558753,217062.8745410547,30,26.866568580423134,32380.715078228546,3,0,0,0,High School,0.2263992640413434,602.9524292807075,0.14723251630025722,1
20,Female,Black,51485.473803802895,601,0.5679668856226637,183511.28823322436,15,11.494674262878403,17497.679077777695,1,3,0,1,High School,0.28055753027230695,1019.5071568512465,0.23762208985073582,0
73,Male,White,31768.132468277083,597,0.18804297920838056,12861.53002833345,10,8.483614874141933,-11727.618859433187,2,3,0,0,Bachelor,2.470011919133503,107.17941690277875,0.04048563459365033,1
57,Male,White,69801.22461432719,434,0.4960106965897123,310939.35435878404,10,27.95161189825104,28338.32439334382,8,4,1,0,PhD,0.22448501174214683,2591.1612863232003,0.4454640388858759,0
51,Male,Black,26877.452656979356,354,0.12989078772266557,214810.32194269088,10,5.920391893683762,31996.356679159224,7,2,0,0,Master,0.12512179309591082,1790.0860161890907,0.7992212829250781,0
57,Male,Black,27824.702091900097,355,0.5415982234013632,129977.11634560386,10,22.36514354149568,41947.39367489473,2,2,0,0,Bachelor,0.2140738529535872,1083.1426362133654,0.46712851018606527,1
44,Male,Asian,57347.206982949734,673,0.4370797110998168,233242.52909825655,20,19.582414333927883,3496.391724176199,7,0,0,0,Master,0.24586942700656214,971.8438712427356,0.20335997284715485,1
30,Female,Black,82056.88494355939,638,0.28512739196121506,147588.99043730277,20,27.614532851168565,4189.074613954064,3,1,0,1,High School,0.555982425927752,614.9541268220948,0.08993090009376901,0
62,Male,White,42948.138058711855,756,0.19523341174892508,220149.45178446898,20,24.961414127018347,9663.828000853387,5,4,0,0,High School,0.19508628211692755,917.2893824352874,0.25629685212839226,0
50,Female,Asian,64019.44645407931,654,0.5082665492836024,338720.52684128063,20,21.158856538189244,17481.291739467506,3,2,1,0,High School,0.18900374019575691,1411.335528505336,0.26454502936404056,1
23,Male,Hispanic,71466.8035372709,431,0.40162066069740576,239875.0389917855,15,9.437149820912868,28075.99036459328,4,2,0,0,Bachelor,0.29793347335200754,1332.6391055099193,0.2237636003655762,1
41,Male,White,66293.68874588139,792,0.2802079264740007,151293.42888409056,10,14.867070338116475,3183.495604520689,9,3,0,1,Master,0.4381795642735451,1260.778574034088,0.2282169415312403,0
36,Female,White,43775.834216526375,409,0.3219179124012581,96905.21221413775,15,28.334872840415393,34238.83598694268,8,3,0,1,High School,0.45173869615797413,538.3622900785431,0.14757794103906735,1
33,Male,Black,28179.06565611851,425,0.5132713280361882,128566.15185281278,10,0.6960789174448057,33482.00532324303,1,1,1,0,High School,0.21917950603654165,1071.3845987734398,0.45624703608615663,0
57,Female,Black,5849.048686572896,595,0.2694635966784339,281203.9023797824,20,23.82995471460117,33910.59295869847,8,0,0,1,Master,0.020800026731753574,1171.6829265824267,2.403843064474018,1
45,Male,Hispanic,44743.190010752136,478,0.14481633905496435,194342.98613268274,15,7.554310513616381,15345.176191499682,2,1,1,1,Bachelor,0.2302279639781024,1079.6832562926818,0.2895680677305017,0
50,Male,Hispanic,73561.74737124349,496,0.5556410861017363,255975.28756020166,10,5.550508298813751,-13525.22680587948,4,0,0,1,Bachelor,0.2873783171508024,2133.1273963350136,0.3479733648364457,1
76,Female,Black,27516.680304761318,400,0.2936718698290173,172034.78927924926,20,6.966738432669587,44019.210702259224,6,4,0,0,Bachelor,0.15994834777340217,716.811621996872,0.31260091583337074,0
76,Male,Asian,64004.196950375306,482,0.2741937555576067,106661.18843680593,30,1.7925297449054145,11106.681962742392,1,2,1,0,High School,0.6000701650563005,296.2810789911276,0.05554905955073753,1
65,Female,Black,30996.949398962555,308,0.2021998094379697,259899.84011251622,10,29.759394728585036,30764.229285092064,3,1,1,1,Master,0.11926498063847715,2165.8320009376353,0.8384690918042886,0
58,Male,White,52121.45152773677,712,0.5487112856141728,119110.27287891589,30,26.09607429675435,21825.22889764891,0,0,1,0,Bachelor,0.43758989269315124,330.8618691080997,0.07617482462445146,1
30,Female,Hispanic,64155.83228310035,403,0.20875266684391694,159206.81874554662,10,15.63167905896682,36931.01031415025,2,4,0,0,High School,0.402971636445031,1326.7234895462218,0.24815642332097712,0
60,Male,White,36810.09126323144,425,0.41833643400069187,77608.4795161287,20,21.45309535671276,19230.588336012857,5,1,0,0,PhD,0.47430501786317714,323.3686646505363,0.10541739622586811,1
62,Male,Hispanic,53409.69361393828,845,0.5403825058040514,106479.96340761811,15,16.69786088770523,21031.57620484538,1,2,0,0,High School,0.5015938389223478,591.555352264545,0.1329096601543134,0
42,Female,Asian,41698.173265493424,569,0.1174568073016087,289572.2732173622,10,24.34736833352497,22698.66698045274,7,4,0,0,Bachelor,0.1439991916428872,2413.1022768113517,0.694448342793454,0
70,Female,Black,64102.97317876353,765,0.5143958526500979,304786.3802346406,30,25.34295574671034,26263.622693517536,6,3,0,0,Bachelor,0.21032098983364572,846.6288339851128,0.15848790631737933,1
59,Female,Black,54706.343369692746,417,0.3052997108448873,309147.57488117786,20,6.983712844596038,1470.376401644011,2,2,0,1,High School,0.1769586689810501,1288.114895338241,0.2825518539888788,0
53,Female,White,51130.15348858535,391,0.42898728763260596,309492.58219656214,10,13.792433119507372,48134.39336270203,0,3,0,0,High School,0.16520639404569645,2579.104851638018,0.6053034483177435,0
44,Female,White,81166.99920283955,784,0.28620228161277694,164596.8231763345,30,19.04543202568713,18939.846730522735,9,4,0,0,High School,0.49312615903822393,457.21339771204026,0.06759595434633908,1
55,Male,White,63246.122847366045,386,0.44775812817374694,266539.29700558266,10,29.35322491824825,28626.259501494947,3,4,0,1,Bachelor,0.23728629720983077,2221.1608083798556,0.42143183646028504,0
77,Male,Black,36192.96267747422,533,0.22714745727884958,305288.7506078674,30,20.48068137288494,42737.814880131555,3,3,1,0,High School,0.11855321431074545,848.024307244076,0.28116768935477154,0
24,Male,Hispanic,48282.721984044765,423,0.11096527121769814,112741.0985076467,10,26.92905032232472,19882.307992458398,4,0,0,1,Master,0.4282619437202838,939.5091542303892,0.23350195240629246,1
22,Male,Black,48482.02429840679,502,0.5738937573939767,219377.22962823528,15,25.38336152961263,5059.490647996028,2,4,0,0,High School,0.22099843443444978,1218.7623868235294,0.3016612621590341,0
60,Male,White,51606.391452504235,331,0.1081838820200414,187241.04946002905,15,17.461891910356922,4582.774920282709,1,1,1,1,Master,0.27561473085804733,1040.2280525557169,0.24188353960297815,1
62,Male,White,100490.18553214989,656,0.5120496448167535,12864.997074473504,15,26.80966080185667,13253.930883037374,1,1,0,0,High School,7.811131627191794,71.47220596929725,0.008534828223171836,1
75,Male,Hispanic,57417.03785421994,762,0.1845687966612369,232564.7323789948,15,11.322651834757032,25000.205089494484,7,4,0,0,High School,0.24688626373775077,1292.0262909944156,0.27002987390777555,1
74,Female,White,9281.948597904484,393,0.29611011430101397,128542.85411575907,20,11.378505913449343,26568.7030898035,6,3,1,1,High School,0.07220898167972557,535.5952254823294,0.6924346367570879,0
68,Male,Black,39144.0205656607,821,0.5112461882530279,305122.4380248962,15,23.42896929728007,36947.93610154512,0,3,0,1,Master,0.12828955097188485,1695.1246556938677,0.5196578065915666,1
48,Male,Hispanic,11352.558250083828,707,0.20296607515617268,123764.76283279837,10,4.036309969050329,-3049.366733615756,8,2,1,1,High School,0.09172690182762856,1031.373023606653,1.0901927134519172,0
40,Male,Black,43404.0348590832,399,0.5328538027625179,232911.14496732302,20,9.174756523752569,23325.5343887848,2,3,1,1,Bachelor,0.1863544780786368,970.4631040305126,0.2683058680183756,1
59,Female,White,10253.795405471428,543,0.3488794695509507,211217.97797755542,10,18.25717352620027,29235.105642005365,2,0,0,0,High School,0.04854603525539395,1760.1498164796285,2.0599004527128506,1
27,Female,Hispanic,32568.19057863144,357,0.2830767313586383,27701.601035122672,30,12.60196796600846,28672.285631418148,0,0,0,1,Bachelor,1.175678999106891,76.94889176422964,0.028352410274109792,1
49,Female,White,19585.569407317602,656,0.4312188733681681,167965.8361843041,15,28.221711296646856,-16252.89360835134,3,1,0,0,PhD,0.11660448250813885,933.1435343572449,0.5717333093263667,0
60,Male,Asian,57683.20355934955,790,0.2706948609904788,235727.84117402977,10,28.755182088574095,14420.274934450314,9,4,0,0,Bachelor,0.2447025488039999,1964.398676450248,0.4086594131886108,1
70,Male,White,50010.787252577575,619,0.27364417949817854,302350.7441805371,10,15.077439264413675,32205.852314344476,1,1,0,0,Bachelor,0.16540652938732492,2519.5895348378094,0.6045710551476149,1
47,Male,White,56059.24614997462,318,0.46676319546915157,201853.73900519774,10,16.171856710970438,7813.152785763488,2,4,0,0,Bachelor,0.2777221092175612,1682.1144917099812,0.36007216091558003,0
56,Male,Hispanic,47908.97222862947,656,0.2549161122695539,290608.9242178506,30,21.738812754713134,2205.6347628390977,0,1,1,1,PhD,0.16485719548211544,807.2470117162517,0.20219519830997917,0
48,Male,White,22114.044995911645,416,0.20038632417721255,253736.65288665047,30,13.717947757025206,28458.489825238394,2,4,0,0,Master,0.08715353002544121,704.8240357962513,0.38246681831020407,1
35,Male,Hispanic,60270.42738509471,435,0.503823063998286,257081.2714966136,30,5.702954038214304,24487.517911291547,3,4,0,0,High School,0.23444114397842714,714.1146430461489,0.1421820964002829,0
53,Male,Hispanic,88444.49120538906,595,0.5026855168636158,261552.86619903485,10,22.40907505868792,23457.38464564538,5,1,1,0,High School,0.33815148918339566,2179.6072183252904,0.295725446135076,1
19,Female,Hispanic,58184.25157213093,824,0.34879285185343467,172542.72028085458,30,22.133576680589947,10305.522963801488,2,2,1,1,Bachelor,0.33721649616641103,479.28533411348496,0.0988484659329473,0
31,Female,Asian,41481.50801364868,400,0.3633278080814776,101085.5268193012,15,7.349433101753384,280.0042659224928,5,0,0,0,Bachelor,0.4103605067795742,561.5862601072289,0.16245877847713247,0
30,Male,White,21438.656477891098,679,0.44803831288381935,356975.4682727804,30,24.987495593430225,34241.64013344819,1,3,1,0,High School,0.0600563858957078,991.5985229799456,0.5550339541113753,1
46,Male,Hispanic,31838.660584800695,454,0.35463714588121675,276832.81208536384,30,18.409475892604824,70060.72868723459,7,0,0,0,Bachelor,0.11501042938140932,768.9800335704551,0.2898287878118421,1
29,Male,White,59060.79313144118,404,0.3085199794846163,193152.31234875094,10,7.0890483094609635,-4303.296884573858,4,3,0,0,Bachelor,0.3057731611558577,1609.602602906258,0.32703982135642157,0
56,Male,White,71462.36053598751,825,0.5974470966483729,261715.96731504207,10,19.561174325061128,35303.47702056076,0,4,0,0,Bachelor,0.27305311658712933,2180.9663942920174,0.36622911047452084,1
19,Female,Hispanic,55217.32349443952,427,0.17382021392627947,239738.87597814616,10,7.008285788716822,17431.675718806087,5,1,0,0,Bachelor,0.23032277626709555,1997.8239664845512,0.4341733007075003,0
49,Male,White,65997.74579411966,700,0.39636398961993036,114586.57032175885,10,7.956988622400534,24757.335686444552,2,1,0,0,PhD,0.5759640558993793,954.888086014657,0.1736219456331316,1
30,Female,Black,64153.56488054486,828,0.5429315130378302,166217.61196447103,15,25.440279204094683,19104.075063450582,3,3,0,0,High School,0.3859612956914437,923.4311775803945,0.17272889124085447,1
63,Male,Black,60130.68782771835,849,0.4436075205905574,332644.05652169,10,27.884747077194568,52928.23382602421,9,1,0,1,Master,0.18076585662307645,2772.0338043474167,0.5532018151442991,1
44,Female,Black,36830.52809477488,423,0.5404616495441192,199470.127057974,20,7.706479750746333,7969.358234363821,7,1,0,0,High School,0.18464182400641105,831.125529408225,0.2707945519334987,0
66,Male,Asian,53478.47023950305,659,0.26816736017733633,237523.12633109433,20,27.841531112555572,10978.298725699175,7,1,0,1,High School,0.22515058245299857,989.6796930462264,0.22207359827922177,1
58,Female,White,33032.44392235723,363,0.2359964881301196,325961.79891688924,10,7.163965395070605,21142.678865934846,7,0,1,0,PhD,0.10133839005711079,2716.34832430741,0.9867928624447604,1
34,Male,Black,50348.57905916204,401,0.5256361934510524,199168.38369796105,10,3.51802096627757,28511.852659284843,4,1,0,0,Bachelor,0.25279403349236235,1659.736530816342,0.3955789565857032,0
57,Female,Hispanic,56617.27062133824,576,0.29705728809273024,106865.30131653258,15,1.746716342137835,40023.723030646375,0,2,0,0,Bachelor,0.5298003180063019,593.696118425181,0.12583357238731152,0
48,Male,White,83575.6761477371,526,0.4548411615286556,211331.05783032268,20,7.263397224978999,27374.773620466738,8,3,1,0,Bachelor,0.39547275732107423,880.5460742930112,0.12643095908476518,1
51,Male,White,23805.36051264736,322,0.17387428920705714,144165.3991709453,30,11.55739622031706,23382.4378049679,8,0,1,1,High School,0.1651253397108134,400.4594421415147,0.20186685696883666,1
77,Female,Black,59630.152619826105,363,0.4779190626883374,60842.37682027352,15,27.826451403279144,13373.659703447556,7,0,0,0,Bachelor,0.9800759887466545,338.01320455707514,0.06802193649486471,1
41,Female,White,79624.7318324719,456,0.3744913245124347,280304.7083674568,30,7.264739991180861,27686.69255197143,2,4,0,0,Bachelor,0.2840649102764635,778.6241899096023,0.11734407217312401,1
62,Female,White,65176.95531677593,689,0.23430581995523045,174367.85995006093,10,10.9639603485268,9296.6018110793,5,4,1,0,Bachelor,0.37378995954554156,1453.065499583841,0.2675299254200975,0
52,Female,Hispanic,66658.90885650083,448,0.3472519819794525,-98526.28822427697,20,22.024676242307162,23031.017902336225,6,1,0,0,High School,-0.6765596274647441,-410.52620093448735,-0.0739033160866601,1
65,Female,Black,61753.898037356244,662,0.4484718129198517,225352.14803526137,30,9.062222639618446,16730.346416291704,3,0,0,1,Bachelor,0.2740328795432359,625.9781889868372,0.12163990463076574,1
23,Male,Asian,75966.68979550834,763,0.10594320442369184,226583.05246318298,20,20.531044550387417,5261.58591085905,9,0,0,1,Bachelor,0.33527083764507065,944.0960519299291,0.14913316156930934,0
36,Male,Hispanic,28250.436637752642,698,0.41873352940706476,395078.5703546033,30,12.962334577455072,43380.066259322935,6,1,0,0,PhD,0.07150586935757215,1097.4404732072314,0.4661621994503236,0
47,Male,Black,22281.46668059507,704,0.37079538913663723,199583.4584174377,15,5.893348579775168,5305.162726229524,8,3,1,1,Bachelor,0.11163984659486352,1108.7969912079873,0.5971583507150211,0
24,Female,White,49873.31719069488,431,0.2101430838733663,306761.0720102078,10,22.02176702907408,14090.905786104177,5,0,1,0,Bachelor,0.16258033284299936,2556.3422667517316,0.6150805466523928,1
27,Male,White,6776.757928565799,496,0.4764905369880984,264656.1099628024,20,0.8111650007005233,-3773.7050381946974,1,4,0,1,Master,0.025605900160469666,1102.7337915116766,1.952674957203414,1
58,Male,White,74612.91608356022,334,0.2517304923166006,141057.7777222243,15,8.770044752189367,17480.56764858008,5,1,1,1,Bachelor,0.5289528680261111,783.654320679024,0.12603517382455284,1
49,Male,Asian,74414.30390990883,719,0.2384304657732824,234829.31726795383,20,10.68544617505136,26503.616936798157,2,0,0,0,Bachelor,0.3168867702536384,978.4554886164743,0.1577850661293927,1
51,Female,White,41332.98889830948,676,0.3356091744996613,183558.11857694818,30,13.74654764962908,6399.416396078166,6,4,0,1,Bachelor,0.2251765774172639,509.88366271374497,0.14803197435390864,1
45,Male,White,42584.58806678981,698,0.4380748392111824,131225.49363916426,30,20.39607695928418,-7285.506809779876,2,2,0,1,Master,0.3245145961034544,364.5152601087896,0.10271751635697385,0
77,Male,Black,48553.05049698657,519,0.5644229879381272,148343.24173112639,10,13.782149825581106,14374.62540571553,7,0,0,0,Bachelor,0.3273020727495592,1236.1936810927198,0.3055281598430839,1
32,Male,White,51040.4130087924,816,0.17067862156605199,134770.52046748972,30,17.82972336858649,17649.55173380115,4,1,0,1,High School,0.37872090151276605,374.3625568541381,0.08801556291238845,1
47,Male,White,52543.47838388571,641,0.29823406037586686,199031.17418066217,10,17.87337235253452,16472.199609884407,2,4,1,0,Bachelor,0.26399622370810905,1658.5931181721849,0.37879329709869763,1
54,Male,Black,61164.642137566065,715,0.13349479625631497,199527.34250178383,10,11.19814949688023,43778.40903353227,0,0,0,0,Bachelor,0.3065476709640396,1662.727854181532,0.32621353698600036,1
46,Female,White,46547.47293983044,755,0.47927537373587126,145020.4589782771,15,28.019137972640955,25023.990067111434,4,4,1,0,Bachelor,0.32097176679604134,805.6692165459839,0.207702588087847,1
39,Female,White,68863.86606955588,596,0.3238664448406804,179181.41596928655,10,28.67561492629328,23846.31364313147,9,1,0,0,Bachelor,0.3843248235149555,1493.1784664107213,0.2601965678027785,1
21,Female,White,58918.95554250607,630,0.4534645675940926,12403.45039341526,15,17.455526522833974,24949.20023732992,9,0,0,0,Bachelor,4.750206891929438,68.90805774119589,0.014034476430896678,1
37,Male,Hispanic,37860.73108254729,638,0.2610972119881436,99154.8276570756,20,2.1507264088629574,24853.75258821311,2,1,1,0,Bachelor,0.38183447016304284,413.145115237815,0.13094679476855525,1
49,Female,Black,76702.25335608196,597,0.5221586207031618,170755.60719830007,30,14.733826927678072,13352.226970592881,3,3,0,0,Bachelor,0.4491931750563653,474.3211311063891,0.07420712331426368,0
53,Male,White,22834.860277550262,611,0.3674140391200573,367167.66066393844,30,5.532579803820216,5966.390372008938,9,0,0,1,Bachelor,0.06219191591181712,1019.9101685109401,0.5359753409204692,1
67,Male,Black,48156.68378357047,354,0.5718039109118276,263323.65887919517,30,14.496435656187112,57070.76074216003,3,0,0,0,Master,0.18288020145452744,731.4546079977644,0.1822686822751645,1
21,Female,White,69338.34802150936,833,0.1394073195720171,102269.0218349996,10,5.654494634956254,17806.962364216615,2,4,0,0,Master,0.6779995229970963,852.2418486249967,0.1474927291363718,1
44,Male,Asian,35538.53790175711,404,0.35713841227103715,361482.7209952384,15,21.11565736946653,20324.387979862207,5,0,0,0,Bachelor,0.0983132410974223,2008.2373388624355,0.678104657343197,1
34,Male,White,56191.11293534303,474,0.48322762299884936,199839.3165380798,15,2.4128736019902752,20679.014650180954,5,3,0,0,PhD,0.2811814707374447,1110.2184252115544,0.23709480746303216,0
29,Female,Black,60866.79193998096,593,0.4000763240368074,86536.83317132432,15,28.599122291877723,8645.041239868377,0,4,0,1,High School,0.703362830709067,480.76018428513515,0.09478275472626177,1
39,Male,Hispanic,32789.52264037522,674,0.11159707021342138,192108.5457528331,10,5.861276683000582,22676.879492721087,3,4,0,0,Bachelor,0.17068226981720128,1600.904547940276,0.5858839357309863,1
34,Female,Hispanic,48550.4456081193,749,0.5861693391719404,298508.79080828006,30,19.819690081477365,815.4661474384375,0,2,1,0,High School,0.16264326915350796,829.1910855785557,0.20494751185720606,0
27,Male,White,46869.9233958158,744,0.2491318465379492,86628.08357760729,30,27.50887052188468,30738.686963754426,6,0,1,0,Master,0.5410476771522547,240.6335654933536,0.06160886506117112,1
71,Female,White,38965.24296335415,359,0.22463893318319103,96386.30806240071,15,7.436589419521874,16157.318057019074,6,2,0,0,Master,0.40426118342584466,535.4794892355595,0.16490988845802856,1
18,Male,Hispanic,96033.4970410155,691,0.34282993780328974,380631.85938375635,10,28.028906971113898,36923.65780074814,5,3,1,1,Bachelor,0.2523002073354918,3171.932161531303,0.3963532216484735,0
39,Male,White,34737.87293109049,689,0.3710790537616745,229642.73559915327,30,11.66023996980818,27760.468667607525,1,0,1,0,High School,0.15126920013584166,637.8964877754257,0.22035770205302582,1
43,Female,Hispanic,70098.60588135767,511,0.4831440687949127,152834.086513687,10,28.815924517577702,25906.442375494946,3,2,0,0,Master,0.45865819255627904,1273.6173876140585,0.2180272839838779,1
73,Male,Hispanic,42143.97966237716,834,0.2966368288294946,189378.6816421875,20,29.140915744035766,8093.607189820052,2,2,0,0,Bachelor,0.2225381404967434,789.0778401757813,0.22468058683509895,0
76,Male,Hispanic,28267.276222294364,539,0.3199801882311061,228552.31583196428,20,5.642397152077193,21052.8930670036,7,4,0,1,Master,0.1236796753487152,952.3013159665178,0.4042701426812842,0
35,Male,White,52056.28486310138,787,0.36747995796691546,180654.65676572156,10,24.932620107931633,31333.97293337016,1,2,1,1,High School,0.2881535732046451,1505.4554730476798,0.34703716802075035,1
67,Male,Hispanic,62981.86768775001,421,0.29719354987082036,334983.00199126103,20,5.802630385006509,21748.364652104065,9,2,0,1,High School,0.188015115135284,1395.762508296921,0.26593606564037736,1
31,Male,Black,68410.19150131357,552,0.557274039550578,209893.023127711,30,6.793218609932447,-363.80259246479545,1,0,0,1,PhD,0.325928849286662,583.0361753547528,0.10227180995572409,0
64,Male,Hispanic,81245.30221310139,440,0.5256259833171261,266370.8493534277,15,2.5237951207019482,34781.70607414677,0,0,0,1,Bachelor,0.3050082334846747,1479.8380519634873,0.21857333457857744,1
46,Female,White,108904.925798702,751,0.3274868475389392,208331.55841111462,10,4.696108394945338,31338.29262223214,8,4,1,0,Bachelor,0.5227480974523918,1736.096320092622,0.19129672683143012,1
29,Male,White,55010.284075111944,452,0.10009743116865857,196265.22810091393,20,18.966569047413238,-2509.976650288758,2,0,0,0,Bachelor,0.28028543113519444,817.771783753808,0.17838957878578682,1
53,Male,White,36738.156523492245,607,0.5504672477646403,289295.593717394,15,13.477581901553593,21887.72586208229,7,3,0,1,Master,0.126991759713357,1607.197742874411,0.5249684453317696,1
76,Male,White,59057.48653589783,616,0.16216828671973263,291392.1134304296,30,23.728327115065053,32229.246164646014,6,4,1,0,Bachelor,0.20267359277723868,809.4225373067488,0.16446806353292634,0
52,Male,Black,44675.74099187017,828,0.2222562075970231,36642.87423711846,30,9.959904444798664,11006.440590492944,0,3,1,0,Bachelor,1.219220432948859,101.78576176977352,0.02733987426105704,1
69,Female,Asian,68519.3225970446,595,0.1761806421826991,198072.14407713307,10,29.058737019031764,124.5302592596745,5,0,1,0,High School,0.3459311399707061,1650.6012006427757,0.2890748719773193,1
78,Male,White,24056.714072685565,644,0.1899077849905119,404970.9251603687,15,1.4961762245812393,3878.9626092154085,7,0,1,1,Bachelor,0.059403558571912526,2249.838473113159,1.1222672221894179,0
29,Female,Hispanic,97366.69084800876,581,0.5014387689449173,155383.82372521143,30,1.8880786320732446,18366.70986203714,5,4,1,0,PhD,0.6266205098684977,431.6217325700318,0.05319540744098634,0
24,Male,White,67120.96189551026,507,0.38975072083296214,245406.82060737282,10,21.041246964544083,33959.272174453494,8,2,1,1,PhD,0.2735089502785145,2045.0568383947734,0.36561874811837003,0
46,Female,White,16319.919644076705,395,0.5780475815626742,324726.08526944753,20,26.62616654918579,3690.5212534326456,9,1,1,1,PhD,0.0502574951147979,1353.0253552893648,0.9948764833143847,1
28,Male,White,35819.421953700556,751,0.21572675616185824,89185.70775267146,15,23.865005749024483,3803.666728223796,2,1,1,0,Bachelor,0.4016273779318371,495.4761541815081,0.16599134005745272,1
50,Female,White,66321.62088227877,672,0.34281745406561703,162672.2674762828,30,14.69451263600741,15448.575901361171,5,0,0,0,Master,0.40770084484098246,451.8674096563411,0.08175929423529768,1
23,Male,Asian,73526.88112342909,372,0.588714184541235,42811.45733608687,20,8.089240839150602,30314.57835256467,9,3,0,0,Bachelor,1.717458028728478,178.38107223369528,0.029112792955422354,1
64,Male,White,24555.247455360735,632,0.5132217571373848,210445.91854744067,15,0.4035458791414481,46307.030605067506,3,4,0,0,Bachelor,0.1166819847343595,1169.1439919302259,0.5713535540078557,1
32,Male,Black,64260.51700865898,692,0.46430783956024557,238483.30028683538,15,15.283543617593269,21318.73452207511,9,2,0,0,Master,0.2694549971900328,1324.907223815752,0.24741299052490787,0
49,Male,White,11053.202546761531,405,0.19448760068539597,264345.33119000634,15,14.269085919278297,9878.476182910335,2,0,1,0,Master,0.04181349637235205,1468.585173277813,1.5943815382716489,1
68,Female,Asian,48213.28269057908,400,0.4847027004548581,357377.55823380535,30,10.327376984107197,8054.584067972659,7,3,0,1,High School,0.13490853462890567,992.7154395383482,0.2470809828675679,0
28,Male,White,72240.93684206413,658,0.27378256129795886,206350.93759669154,15,17.34218363917455,40582.52604259258,6,0,1,0,PhD,0.35008775672857606,1146.3940977593975,0.19042844368406037,1
75,Male,White,38969.68539794039,628,0.3652684485233788,84737.88379856182,20,21.8644409214382,1057.0575956850917,6,1,1,1,Master,0.45988504374948513,353.0745158273409,0.1087228225391837,0
40,Female,White,19861.55401723973,694,0.4045806065197701,111906.19847253287,30,21.026647086847273,22907.61028572791,4,0,0,0,Master,0.17748394895314673,310.8505513125913,0.18781041063117693,1
43,Male,White,52924.29592755118,334,0.404681855762127,123772.26336362166,15,7.897585253526465,39764.99294858564,0,3,0,1,Master,0.42759415146242163,687.6236853534537,0.1559110816615684,1
51,Female,White,37905.62266729044,456,0.46326173595675824,220769.1123901323,20,17.559110658437795,17625.30080657364,5,1,0,0,Bachelor,0.1716980344619291,919.8713016255513,0.29120892476545257,1
63,Female,Hispanic,62591.167321316716,572,0.4308510463211028,434997.44861867244,30,4.463234357519951,3783.9770231839047,5,0,0,0,Master,0.14388858491026552,1208.326246162979,0.23166072106499128,1
51,Male,Black,32293.47135563879,695,0.13418543965529492,192795.79976435876,15,3.648055316650638,27938.25769622153,2,1,0,0,Bachelor,0.16750090715206925,1071.0877764686597,0.39800779470490816,1
46,Female,Black,34547.262206937994,506,0.3286735129745536,337405.5354326009,10,23.575675087773536,21559.364590694782,4,4,0,0,Bachelor,0.10239091709815487,2811.712795271674,0.9766491289860909,0
21,Male,Black,9579.95358247513,605,0.43201080335998965,188594.76188519847,10,20.812377062866076,27056.097052166588,8,3,1,0,High School,0.050796498729411395,1571.6230157099874,1.9686396208662225,1
34,Male,White,53398.89422102966,835,0.24799649108286434,83844.1181701665,15,23.03786701894886,28679.312507611627,6,3,0,0,Master,0.6368830084497222,465.800656500925,0.10467647241672264,1
52,Male,White,46781.90123446802,761,0.2565283436081949,118361.6446960846,10,4.573868226126626,27766.533923763473,7,4,0,0,Master,0.3952454475821893,986.3470391340383,0.2530073416701542,1
30,Male,Asian,26232.30658519858,551,0.16228377387730777,127091.60526112822,30,27.4385576811138,24440.478878023994,8,3,0,1,PhD,0.20640471517611636,353.0322368364673,0.1614950186815811,0
58,Female,Hispanic,53875.97427534184,566,0.30930749298742766,187775.22884516435,15,3.993348396670763,30154.780324578493,5,3,0,1,High School,0.2869173671451993,1043.1957158064686,0.23235493664950888,0
56,Female,Hispanic,70541.40601288278,508,0.5934152171530873,240554.937982028,20,26.101109045931864,40235.95884458197,4,0,0,0,High School,0.2932444729866779,1002.3122415917834,0.17050619740843848,1
32,Male,Hispanic,45688.641131621,838,0.2426596806440187,134145.7151066892,10,10.571378739177938,8248.574403808756,9,2,0,0,Bachelor,0.340589642354836,1117.88095922241,0.29360845887326525,1
72,Male,White,55363.338996439474,802,0.36571844634304906,279061.4877509264,15,3.1630227910241793,16015.091793013184,4,0,0,1,Master,0.19839118411729204,1550.341598616258,0.33603643711936454,0
46,Female,White,55466.22499170328,813,0.4716186263895422,304721.4380212022,30,8.603068816965777,31906.313577768713,4,4,1,0,Master,0.18202272000253555,846.448438947784,0.183127322418152,1
46,Male,White,25913.40345642079,447,0.10674863544213534,173664.77328035954,15,5.44344042641649,18907.80083236125,3,4,1,1,Bachelor,0.1492150824081457,964.8042960019975,0.44678236000509897,0
28,Male,White,91131.71641415192,382,0.5502197797991495,291814.0890002127,20,14.720091560751424,1044.6742851674535,1,2,0,0,Master,0.31229375088221145,1215.8920375008863,0.16010566928974065,1
69,Male,White,40583.00339755432,341,0.2932750923624693,5776.516699126834,20,28.492360441193057,24992.752666743625,6,0,1,0,High School,7.025514771503865,24.06881957969514,0.007116916215563962,1
49,Female,White,63122.32403720541,455,0.5345579933554911,-35823.81984017341,15,9.836134847475556,12628.781668139201,6,0,0,0,Bachelor,-1.7620210328999872,-199.02122133429674,-0.03783534102140918,1
19,Male,Black,65384.30554458099,752,0.11947382944973903,283278.88721228647,15,18.362969570463413,51805.28080215178,7,0,1,0,High School,0.23081249078609456,1573.7715956238137,0.2888347439066891,1
64,Female,Hispanic,47208.09745768496,583,0.17283177593183793,157808.42596944512,15,26.75162627219891,34899.36712340742,7,1,0,1,High School,0.2991481422343405,876.7134776080285,0.22285502483395905,1
31,Female,Hispanic,62135.90050119269,487,0.2612647272387796,420365.6792889412,15,18.90221789088696,37394.26212545255,7,1,0,0,Master,0.14781392383483133,2335.364884938562,0.45101750185023587,0
37,Male,Asian,54916.38443632778,773,0.27273088653163935,190714.56828908948,30,10.86597422609293,20625.281816641862,8,0,0,0,Bachelor,0.28795065279483145,529.7626896919153,0.11576057567434571,1
39,Male,White,21647.20485545188,806,0.5238971115140083,99971.91174613836,15,29.725173815276374,24657.831631630997,5,1,1,0,High School,0.2165328688564171,555.3995097007687,0.3078824338252006,1
28,Female,White,43354.54597499823,432,0.10560055769411761,368669.0733042391,30,5.6224080432160095,14864.240307344606,3,0,0,1,Bachelor,0.11759745830163652,1024.080759178442,0.28345283830738593,1
44,Male,Black,37748.981952918766,570,0.4205558882348398,265578.5661153367,15,15.69768044686524,7428.805086676144,1,4,1,0,High School,0.14213866165888162,1475.4364784185373,0.46902556903666304,0
20,Female,White,40765.099173077455,372,0.16565621808927514,354877.52993048466,30,23.90116496210392,6323.694003911654,4,0,0,1,Bachelor,0.11487089413934645,985.7709164735685,0.29018084679394646,0
34,Female,White,23919.93644326724,735,0.5116078253555247,141347.05575904303,20,0.019466087316729608,52049.03778623087,5,1,0,1,High School,0.1692284024935334,588.9460656626793,0.2954586775225903,1
79,Female,White,72528.6743349206,592,0.48928663297895614,236445.22964551597,10,21.06129756427311,25952.95257868702,6,2,0,1,High School,0.3067461942186663,1970.376913712633,0.3260024146500552,0
61,Female,White,82039.85309226825,736,0.34996051370560033,112441.05174349803,15,7.994966901178159,159.63071542255784,5,4,1,0,High School,0.7296254510267177,624.6725096861002,0.09137108165957528,0
73,Female,Black,69560.05951996817,359,0.2063436127561876,25412.058870840003,15,5.091801680756315,34422.298797606665,3,3,0,0,Bachelor,2.7372854703948213,141.17810483800002,0.02435502887356896,0
45,Female,White,75410.58448294285,626,0.4172476954827782,274243.68893013336,20,8.225833901048743,59347.77005817125,3,2,0,0,High School,0.27497655379830654,1142.682037208889,0.18183368476090025,0
46,Male,Black,43107.30325983687,481,0.17812915882882283,154315.90827677964,10,29.004492775193523,-3034.8074298737956,6,2,1,0,Bachelor,0.2793445195716309,1285.965902306497,0.35798089095625696,0
38,Male,Black,37274.86330027927,733,0.19501189629632673,100420.0478600415,20,26.758057777190565,29004.274765492526,0,3,0,1,Bachelor,0.3711894596209553,418.41686608350625,0.1347021007844838,0
64,Male,White,34428.25906376577,818,0.4133449511126789,61186.514647992444,20,6.412633693911075,3159.91387027322,2,4,0,1,Master,0.5626772379801728,254.94381103330184,0.08886088973402168,0
33,Female,White,62881.298459144455,382,0.5956142230443122,218273.07984109453,15,3.510803193553337,37332.65772386931,9,3,0,0,Master,0.28808545013852743,1212.628221339414,0.2314128208648151,1
54,Male,White,54541.26106288299,327,0.5455304186262732,206414.06050705275,15,10.924578135434029,-12091.577824048985,1,4,0,1,Master,0.26423229565322864,1146.7447805947374,0.25230324893425665,0
76,Female,White,48455.56576803148,565,0.39655367884183856,151653.42360823252,20,17.770094403002204,21182.92461761486,1,4,0,0,Bachelor,0.3195151458842573,631.8892650343022,0.15648710442700653,0
37,Male,Hispanic,75902.97088390686,582,0.3692683843837119,132580.5780995235,15,26.014338857433618,26656.157205314295,6,4,1,0,High School,0.5725044495350534,736.558767219575,0.11644742101272487,1
23,Female,Hispanic,58098.82707630686,696,0.5991924400040542,276608.07327253796,15,28.982703751202333,-769.2310184387425,4,2,1,0,Bachelor,0.21004024354366158,1536.7115181807665,0.31739949231590237,0
36,Male,Black,33226.8472495883,682,0.3736985738169468,-48224.867802244786,15,22.53460104519296,26660.9579546548,2,4,1,0,Bachelor,-0.6889982028741124,-267.91593223469323,-0.09675883970171603,0
74,Female,White,36381.823417286105,618,0.310058260979722,263097.09500291443,10,17.970216381049674,13027.587966290046,8,3,0,1,Bachelor,0.13828287772194173,2192.4757916909534,0.7231553294767217,0
22,Male,Black,63639.86598508291,492,0.5547777678876707,246521.40813449735,10,4.269960783930507,45847.17971142371,8,2,0,0,Bachelor,0.25815147847266157,2054.345067787478,0.3873694645935955,1
20,Male,Black,70834.65705309194,526,0.21709214793464413,76961.67878877766,15,2.220851291199332,-1356.6405689690655,2,4,1,1,Bachelor,0.920388668333218,427.5648821598759,0.07243316759581249,0
76,Male,White,61033.60464511939,750,0.1487629951484045,6568.146349452494,20,17.880806355876032,33627.45157280542,1,1,1,0,PhD,9.292363689522086,27.36727645605206,0.0053807622764893695,1
18,Female,Black,87937.77495744162,481,0.41704501718091513,258855.9059079159,10,16.171923173007812,18500.436787135026,2,1,0,1,PhD,0.3397170895097297,2157.1325492326328,0.2943625831256157,0
75,Male,White,82700.14331462838,626,0.1479248168843745,82618.19606902059,20,25.382643232023064,39404.57295108261,8,4,0,1,Master,1.0009918789020682,344.24248362091913,0.04995045519734106,0
77,Male,Black,58820.71669701526,502,0.28657426847648004,357339.0629996405,30,9.678175525653115,39749.420797805615,7,1,1,1,High School,0.16460757523471325,992.6085083323346,0.20250181855727764,0
55,Female,Hispanic,33228.38681036995,701,0.3117886927908603,411806.73625589407,30,1.1907257204943045,16225.730363097247,2,0,0,0,PhD,0.08068927456718931,1143.907600710817,0.4131073616925003,1
32,Female,White,23800.249765364646,771,0.37376903352461655,242675.69903650956,15,12.711248072730996,19329.73235854544,3,2,1,0,Master,0.09807430187636546,1348.1983279806086,0.6797567292470568,1
51,Female,Hispanic,42252.365099705705,478,0.5958297728739812,189858.61263585437,20,29.07546911813218,33631.13271820623,4,0,0,0,Bachelor,0.2225464755751957,791.0775526493932,0.22467217182734317,1
78,Male,White,65064.26892832314,317,0.2104908616665904,178097.46321516635,20,23.867247148095693,27829.410572315046,3,2,0,0,High School,0.36532956592265725,742.0727633965265,0.1368627252320042,1
52,Male,White,86532.94158623875,762,0.287878189253456,29405.975028140034,30,1.0131652092681942,18240.394592910572,1,3,0,0,Bachelor,2.942699281470215,81.68326396705565,0.011327468471966841,1
66,Female,Asian,58348.940688216,845,0.16612006220532902,171427.6354124728,10,26.24036711694526,7499.147166759038,8,1,1,1,Bachelor,0.3403706791371318,1428.5636284372733,0.2937973395755133,0
42,Male,Asian,73374.45588462474,702,0.40380676301661733,154132.1745295094,20,14.150684688639522,25479.85665248327,1,1,0,0,High School,0.4760489242989096,642.2173938729558,0.10503122147295339,1
41,Female,White,45093.85027624395,692,0.46383659115391673,136382.600676545,20,10.943040954538674,3333.6152298883353,4,1,1,0,High School,0.33064225240279616,568.2608361522708,0.1512208425772784,1
29,Male,White,62455.382504551,599,0.34103841161793946,239179.24109737342,10,10.402186224083747,29723.636208461707,8,4,0,1,Bachelor,0.26112375897674367,1993.160342478112,0.38296017333645327,1
35,Male,White,66467.13658954346,650,0.22291563414498552,213130.94153944586,15,17.854327591165934,36658.719578843666,7,2,0,0,Bachelor,0.31186056848175586,1184.0607863302548,0.21377074694381162,1
32,Male,White,10408.114482949437,486,0.4104441345908738,278618.84412820253,30,15.917982553222876,7606.879090015014,0,4,0,1,High School,0.03735610387558815,773.9412336894515,0.8923128986991692,0
61,Male,Hispanic,41731.223952469794,646,0.3695788616844248,155643.5219383422,20,19.69881732504789,13741.30385258502,2,1,0,0,Bachelor,0.26812053230844723,648.5146747430924,0.18648329379892375,1
33,Male,Asian,68994.00768555739,708,0.18559286170185887,260262.1232880945,15,17.2092439512014,10540.68310774189,9,3,0,0,High School,0.26509430882182256,1445.9006849338584,0.2514828287448269,1
44,Male,Black,55489.366712731295,370,0.30284095025106517,200795.20533740526,15,4.318337245251556,35808.30294689562,8,1,0,0,Bachelor,0.2763480662772301,1115.5289185411405,0.241241661520393,0
25,Female,White,26069.69903698134,626,0.3175985458175975,259640.0142527024,15,7.717080262749546,20820.6166554679,2,4,0,0,High School,0.10040709292061671,1442.4445236261245,0.6639637173777583,1
77,Male,Black,1397.5524854528776,511,0.5913088768857164,192228.44529881983,10,25.230887163055023,14509.474297963541,3,1,1,0,PhD,0.0072702688890833875,1601.9037108234986,13.754649453220935,0
63,Female,White,42684.38509395987,608,0.5246429160777609,377803.77726452856,15,19.8977554408689,29712.997276744267,2,0,1,0,High School,0.11298030264020721,2098.9098736918254,0.5900733588842545,1
42,Female,Asian,48568.28614212242,407,0.46718539413679694,-44166.03611886728,20,13.452018762442234,12788.747537615607,6,0,0,1,Bachelor,-1.0996750084478273,-184.02515049528034,-0.045467978826375405,0
34,Male,Hispanic,32321.541003433093,476,0.5443885127514737,262561.74317358044,15,5.47804295501596,16943.451383603482,8,4,0,1,High School,0.12310072523423649,1458.6763509643358,0.5415619326353529,0
46,Male,Black,52861.698740559885,726,0.46774220291435753,285646.0687831434,15,0.23073107931935732,3275.736022744495,3,0,1,0,Bachelor,0.18506013041156674,1586.9226043507967,0.36024327075963103,1
70,Female,White,60127.734944657896,830,0.5517009275628667,73324.10033013961,15,9.356622095658542,32579.708349979126,8,2,0,1,High School,0.8200269034865008,407.35611294522005,0.08129814568670932,0
25,Female,White,63413.74341452466,717,0.127276557439754,382496.5372485486,30,1.6454087078000623,3620.656554778496,1,2,0,1,PhD,0.16578906536170293,1062.4903812459684,0.20105869624519457,0
32,Female,White,2881.621501353555,547,0.32803310463345825,202234.55136421506,20,14.468523992623654,41494.128157083964,1,4,0,0,High School,0.014248907923571813,842.6439640175628,3.509040851985965,1
44,Female,Hispanic,23714.298043837596,508,0.4734491676209168,187530.86087679816,30,24.654043582746255,23584.789035090103,8,0,1,1,Bachelor,0.12645544276265622,520.919057991106,0.2635974585601393,1
63,Female,White,43907.54703290529,515,0.3916478983050068,237129.80045681435,30,8.56195984146892,17649.262368917178,6,2,0,1,Bachelor,0.1851625015005301,658.6938901578177,0.1800220512425833,0
67,Male,White,61443.46262074927,737,0.18758308207539334,288750.3995397664,15,25.432624846651485,19803.528607769313,4,0,0,1,Master,0.21279091810325731,1604.1688863320358,0.31329657891845036,1
69,Male,White,59784.68027100071,610,0.27024604326426716,213221.6692640649,15,21.136931882597683,45649.27851278627,4,1,0,0,Bachelor,0.2803874506627196,1184.564829244805,0.2377662285137738,1
24,Female,Hispanic,59437.398957533514,682,0.2588871875133456,210067.97407609862,15,3.757869880645961,-192.37787126628245,8,0,1,1,High School,0.2829436482117064,1167.04430042277,0.235618177287319,1
20,Male,White,42331.641160621366,570,0.230673456592168,283783.8283484493,10,19.336856738087498,919.1994576177603,3,0,1,0,Bachelor,0.14916861685523414,2364.8652362370776,0.6703822969482145,1
46,Female,Hispanic,43447.33125380079,420,0.27156777675698307,296884.5664166874,20,4.5503942191662965,34390.857899543145,0,4,0,1,PhD,0.14634418952186626,1237.0190267361975,0.3416603020820937,1
61,Male,Hispanic,35433.41463156519,706,0.3574266442305605,233657.57954930607,10,19.64372760824756,6179.730014317571,5,1,1,0,Master,0.1516467589021142,1947.1464962442174,0.6594272157478062,0
70,Male,Asian,65363.88256211696,544,0.527434512391638,45238.940312035586,20,4.281434541843183,8911.99611098489,2,2,0,1,Bachelor,1.4448588342536228,188.4955846334816,0.0346054568201666,0
41,Female,White,31590.224245208436,365,0.47101633119687814,98145.47055780666,15,11.77534098046698,13353.85095571163,1,2,0,0,Bachelor,0.3218714431309606,545.252614210037,0.20712202989546305,0
77,Male,White,67000.7279037914,527,0.5176248520081168,308466.7749509014,20,16.99782810714581,36882.079428563855,3,0,0,0,High School,0.2172056550157011,1285.278228962089,0.23019658487430109,1
75,Male,White,54157.064762752925,436,0.5418018722815432,172193.97958670408,20,1.5112251427182521,32143.193661957554,8,3,0,1,Bachelor,0.31451195269857535,717.4749149446003,0.1589764699592178,0
20,Male,White,49099.11043089693,493,0.3080752280488036,140138.2842274143,30,4.599250345635822,17882.297988460956,7,3,1,1,High School,0.3503618636519028,389.27301174281746,0.09513973063703988,0
37,Female,White,36865.79200447067,788,0.27301314201337357,243996.4691738555,20,9.612264751567393,26007.737469580323,6,2,0,0,High School,0.15109149787820325,1016.6519548910645,0.3309253048792039,0
63,Male,Black,22889.162776717472,653,0.1288116908420809,231595.90478445712,20,13.86960257315584,25644.958350432826,1,0,0,1,Bachelor,0.09883232951817554,964.9829366019046,0.5059073305643864,1
32,Female,White,37046.94487243909,456,0.5652458109382171,178186.466974059,30,25.75461881764303,4962.12120255091,0,0,0,1,High School,0.2079111029112694,494.962408261275,0.16032493150478386,1
42,Male,Hispanic,43399.862627502276,775,0.13291150896907197,274355.1593075614,10,5.618192650619465,5982.512384570797,6,1,1,1,High School,0.15818861484886299,2286.2929942296782,0.6321567458918727,0
47,Female,White,2619.513768374971,315,0.4705677576852352,73198.53698683174,20,10.424128515075768,-10550.414755427908,9,4,0,0,High School,0.03578642246423881,304.9939041117989,1.3971779394815098,0
31,Female,Black,46052.896893306715,377,0.2890541522327936,26756.811570801132,10,14.273287088405418,42358.97737272491,4,3,1,1,PhD,1.7211653478011109,222.9734297566761,0.0581001704035907,0
24,Male,Hispanic,68487.14736052012,351,0.5743903872495931,350258.27508508344,10,8.873356679681063,9948.670724453525,7,0,0,1,Master,0.19553327424993305,2918.818959042362,0.5114219070058571,0
34,Male,Hispanic,61344.35810867745,813,0.30980101046706454,87719.39941177765,15,18.772433361626124,20203.83352293942,4,2,0,1,Bachelor,0.699324875911554,487.32999673209804,0.09533003753050853,1
79,Male,Hispanic,40075.88248516985,803,0.5083041756773582,52445.32234543117,20,7.698073043279104,28083.624136875256,9,3,1,0,High School,0.7641459846735237,218.52217643929652,0.0654325233696833,1
61,Female,Hispanic,50938.725968304556,360,0.2413274160818383,167383.45919174215,30,23.1705126333973,5430.979641449421,4,4,1,0,Bachelor,0.30432353480013163,464.95405331039484,0.10953255177988591,0
37,Male,Asian,38876.70861156001,431,0.24954435862192334,197039.85188905714,30,15.154622845535501,7286.0606761416,7,0,0,1,Bachelor,0.19730378519290329,547.3329219140476,0.16894421615248503,1
53,Female,White,52975.214666713924,681,0.3977597049392171,152162.4878250146,15,2.589146503833306,6186.174513885235,8,3,0,0,High School,0.3481489782661474,845.3471545834144,0.19148890511952726,0
26,Male,Black,80802.15647488063,842,0.5989913168537369,177156.04982685874,30,18.809966856958727,-23452.20258585128,1,0,1,1,PhD,0.4561072373980545,492.10013840794096,0.0730822284765515,0
55,Male,White,69369.97605249751,709,0.3587862089895981,57862.518936481356,20,17.07730511396272,19022.91464556443,7,4,0,1,Bachelor,1.198875841002506,241.09382890200564,0.041705736565839674,1
65,Male,White,60415.88611385506,454,0.5681543181966453,271377.09169947647,10,10.15792062620018,55057.39936146885,6,1,0,1,PhD,0.22262706750781944,2261.475764162304,0.4491816791167482,1
74,Male,White,40142.301752325635,350,0.4931249141243639,47037.58180923463,10,0.33471235167064073,12058.40020380428,7,3,0,0,Bachelor,0.8534091296429,391.9798484102886,0.11717709188539373,0
77,Male,White,64998.76785889677,394,0.4979321570886175,202250.73493510066,30,6.021046265231176,12468.129129566434,2,4,0,0,Bachelor,0.3213771652288628,561.8075970419462,0.10372029173135441,0
39,Female,White,16262.460972538938,822,0.3179799945643821,223391.69923308401,30,12.171285866470576,14452.815015259705,3,1,0,0,Bachelor,0.07279796442020389,620.5324978696779,0.4578882610086033,0
71,Female,White,44952.93036018219,823,0.2932711250864003,264889.8798965435,30,5.997421013798922,24674.141627300425,6,1,0,1,High School,0.16970421964681773,735.8052219348431,0.19642017978519014,0
70,Male,White,61674.228396479,654,0.1959609040454077,222734.58035253454,10,17.324733628190334,33221.68898411989,4,4,0,0,Master,0.27689561404818114,1856.121502937788,0.36114692659089764,1
70,Female,Asian,64808.42428095503,344,0.5819706334918268,91169.8367820778,20,21.369746817787703,7482.737918466184,6,2,1,0,Bachelor,0.7108537929695525,379.87431992532413,0.07033795204373568,1
19,Female,White,63397.689804314825,504,0.57969680622191,158876.91901401925,20,25.680529702525067,26938.619730862505,5,4,0,0,Bachelor,0.39903650069347474,661.9871625584135,0.12530182054299882,0
41,Female,Hispanic,55896.61378419389,730,0.4735338671550914,129602.20074897914,20,19.40947856051246,18713.793428627294,3,0,1,1,Bachelor,0.4312937084491151,540.009169787413,0.11593027911256697,1
25,Male,White,46085.50041832234,555,0.24812622492633477,42697.55725235361,20,20.67027663764438,24483.185067061553,1,2,1,0,Bachelor,1.0793474705343238,177.9064885514734,0.04632428514910757,1
28,Male,Asian,60759.51939652978,547,0.2225897701711411,243557.39828754283,20,18.253255956915734,26769.373130489494,5,1,1,0,Master,0.24946694218172485,1014.8224928647618,0.2004273574796029,1
30,Male,Hispanic,30942.77918827399,832,0.5943051211934814,124333.97085649442,15,29.56458172838111,5377.958246309228,5,3,0,0,Master,0.24886826162729073,690.74428253608,0.267879343998102,1
34,Female,Black,33106.454734135,340,0.13327140755408876,214872.7706964407,30,7.830017072397246,12108.850306839888,5,1,0,0,Master,0.15407468627519025,596.8688074901131,0.21634529421528217,0
25,Male,Black,51234.693529205935,758,0.5217821460706545,188889.13337225083,20,7.987760415382751,26935.41188872385,0,3,0,0,PhD,0.2712421440794893,787.0380557177118,0.18433713599221205,1
38,Male,White,53463.952854174946,576,0.27772900024123737,86413.45876565266,15,3.7900092426557896,17897.230773164494,5,3,0,0,Bachelor,0.6186993741237172,480.0747709202925,0.10775292404503996,0
35,Male,Asian,13487.696428707073,494,0.3094348598636103,79730.86169765651,20,14.570529776085971,31883.57762193639,1,4,1,0,Bachelor,0.16916531618400293,332.2119237402355,0.295568862033246,0
47,Male,Hispanic,59102.92761899037,370,0.5159888243744186,166493.17280723102,30,2.8848511089276574,16664.088358446636,9,4,0,0,Bachelor,0.3549870942000779,462.4810355756417,0.0939001272946165,0
35,Female,Hispanic,65454.56755838786,569,0.14530150800267902,68649.66067302431,20,8.104397906943111,35157.168813294375,4,1,1,1,High School,0.9534579911493729,286.04025280426794,0.05244069530501925,1
63,Male,Black,48454.29525067409,634,0.2770848392601286,298877.59285215096,20,14.480427863141747,-9438.877561430258,6,4,0,0,Master,0.16212086957834776,1245.323303550629,0.30841186659091174,1
64,Male,White,97489.32566567985,607,0.5760121385847865,334494.687644905,20,28.72786847790052,24850.169490938068,9,1,0,1,Bachelor,0.2914525380121229,1393.7278651871043,0.17155451910293631,1
48,Female,Hispanic,36341.297873696276,726,0.4495329563856282,278302.92925387225,30,28.91438981520502,655.1475914253751,0,4,0,1,High School,0.13058180153233379,773.0636923718673,0.25526783167468825,1
55,Female,White,42778.25673226261,498,0.47746958240294524,234907.04507698707,10,22.312207024096672,36820.59726415566,4,4,0,1,Master,0.182107168042758,1957.5587089748922,0.5491272039139086,1
49,Female,Black,42098.661877455816,375,0.4787526504777382,206127.80430886455,30,11.677504847270548,17759.600861785402,8,3,0,0,Bachelor,0.20423572656105451,572.5772341912905,0.1632100998909641,0
28,Female,White,48476.24777417965,824,0.13028504158197227,95213.27927457502,10,25.954838201296383,14892.442167887242,2,2,0,1,High School,0.509133265270534,793.4439939547918,0.19641223000202865,1
62,Female,Asian,43425.503740674176,529,0.20160379663021558,282756.10343098734,15,26.26367405722921,7606.733899436627,1,4,1,1,High School,0.15357936827444327,1570.867241283263,0.4340860847111616,1
42,Male,White,21863.789107902565,384,0.3456316280406059,337083.9583519286,15,27.30592142389657,29955.42412474779,9,4,1,0,Master,0.06486155323083019,1872.6886575107146,1.0278302529915129,0
50,Male,White,39069.034075270494,461,0.28407511623768755,166057.11113329467,20,19.20075144645639,28522.145541549275,1,1,0,0,Bachelor,0.23527468235858706,691.9046297220611,0.21251755394485647,1
77,Female,Black,48047.58608451848,696,0.3054561465664267,196366.90603701925,20,6.053783868236414,15777.064194458375,2,3,0,0,PhD,0.2446827067462198,818.1954418209135,0.2043462763057425,0
55,Female,Hispanic,74571.44164123994,670,0.4907236893128363,119215.6898010236,20,2.7324231831204515,29981.51265661292,0,3,0,0,Bachelor,0.6255170084214843,496.73204083759833,0.07993387761937422,1
58,Female,Black,94044.86546745826,514,0.10733961753386764,166876.2855742143,30,27.4432651212039,23309.33574359979,1,2,0,0,High School,0.5635603953183271,463.54523770615083,0.05914775702878304,1
25,Male,White,76709.47795701309,300,0.43024596316061936,74245.13975743079,20,1.6663832436480897,21289.412496939363,5,2,0,1,Bachelor,1.0331919127317106,309.354748989295,0.04839371987320571,0
28,Male,White,34492.41940654787,676,0.10005511590091123,171074.2906106371,10,8.876701783139845,31743.162727576542,7,2,0,1,High School,0.20162246053120966,1425.619088421976,0.49597648861407845,1
39,Male,Hispanic,36083.80778747669,711,0.13152926278812185,243269.09961624767,15,14.608853011132112,47170.219831053255,3,4,0,0,Master,0.1483287760114137,1351.4949978680427,0.4494520109943923,0
68,Male,Asian,46813.42844981298,499,0.30414305991881196,232515.94256938063,15,0.6593007862042743,24228.411724891732,1,1,0,0,Bachelor,0.2013342738244466,1291.755236496559,0.3311242810292532,0
41,Male,Hispanic,85691.17777707172,482,0.5204742599024107,225068.85778725496,15,27.207367760347317,24251.523258682195,4,0,1,1,PhD,0.3807331614846102,1250.3825432625276,0.17510076192656898,1
58,Female,White,46691.51895636213,709,0.17249788278223024,-44128.85831628728,10,8.613629846167049,33779.16892625554,2,1,0,0,Bachelor,-1.0580722170899448,-367.74048596906067,-0.0945115072343868,1
34,Male,Asian,23449.850189251385,697,0.3773107045643058,204800.8488483005,20,0.8551439676172568,5712.995380888724,4,3,0,1,High School,0.11450074704827562,853.336870201252,0.4366783736259736,0
29,Male,White,39976.4572609393,515,0.4392526134133721,261315.25036237013,10,29.807699916795553,17253.84342236492,2,2,1,0,Bachelor,0.15298172305482857,2177.6270863530845,0.6536728571435951,0
74,Male,Black,65141.12003638834,648,0.21476644208608028,199123.2716360448,10,9.34179542452546,14208.72438943089,3,0,1,0,Bachelor,0.3271396632908509,1659.36059696704,0.30567984020663597,1
63,Female,White,63798.80553792174,340,0.35616512763479147,313541.1085457755,30,26.302947224561184,24505.9496286787,4,3,1,1,PhD,0.20347828019689296,870.9475237382653,0.16381764825748865,0
49,Male,White,45995.66667016688,302,0.5557036415690961,190031.09043716398,30,13.604233617626427,23254.102128949417,6,2,0,0,Bachelor,0.24204284974818838,527.8641401032332,0.1377166620208446,0
32,Male,Hispanic,63668.29347120061,393,0.35611426268276636,239716.0440646701,15,19.89377703164997,46378.48025202082,1,0,1,0,Bachelor,0.26559879927780017,1331.7558003592783,0.2510051508061879,0
33,Male,Black,4536.5559490633605,358,0.178661530893824,99729.01457496008,10,7.232704486120642,42487.80760580597,5,1,1,1,High School,0.04548882758340617,831.0751214580007,2.1983419954415115,0
71,Male,White,52076.584700653955,706,0.4139071483437724,258622.2674855762,15,15.08625980931066,-2722.204370518062,5,3,1,0,High School,0.2013615656801801,1436.7903749198676,0.3310794015803018,1
39,Female,White,67213.7084273726,317,0.39610009000425705,278677.2120833557,10,7.729535772750809,25359.016574915688,5,4,0,1,Bachelor,0.24118839113141471,2322.310100694631,0.41461365338066236,0
45,Female,White,33342.734496909296,793,0.11347737989906562,128641.54078877922,15,28.532516437953106,30622.84755084195,6,0,0,1,Bachelor,0.2591910380773177,714.675226604329,0.25721053922697645,0
37,Male,Black,33273.22927007424,807,0.1452972028737833,57054.029967493145,15,1.8283623724873888,21260.770215699158,2,0,1,0,Bachelor,0.5831880638235695,316.9668331527397,0.11431418234039024,1
50,Male,White,12671.036944730491,631,0.1783906775705054,154917.6588922868,20,8.240217825145423,12260.205632331044,4,1,0,0,Bachelor,0.08179207609598967,645.4902453845283,0.6113061605297917,1
27,Female,White,81797.91189621389,468,0.16814453878093497,100183.96992601408,15,26.793266296496363,40680.73179299151,8,1,0,1,High School,0.8164770467433233,556.5776107000783,0.08165161155794835,1
57,Male,Black,35596.92045956867,505,0.22973288528046656,259889.33435717097,30,14.401078725218513,24952.387469492955,8,3,0,0,Bachelor,0.13696953184945684,721.9148176588083,0.24336312523846537,1
49,Male,Black,54820.865557242236,820,0.327052661617784,151111.57653072145,10,18.0025233571251,4348.717304216054,6,4,0,1,High School,0.3627840223485259,1259.2631377560122,0.27564609751178676,0
67,Male,Hispanic,62078.34082966749,804,0.28585814894949224,271840.8476426985,15,19.550801144869276,34640.334038190485,8,2,0,0,Bachelor,0.22836281363889016,1510.226931348325,0.2919331111942183,1
77,Female,Black,80241.35898282906,645,0.5453249457022985,43619.814496305975,10,2.1278253532069016,27016.129759389005,2,0,0,1,High School,1.8395621327005975,363.49845413588315,0.05436076239142489,0
50,Male,Hispanic,46922.044520287294,603,0.4060547047031685,117171.71321768008,15,0.5321622272575521,10345.073021059969,6,0,1,0,Bachelor,0.4004553934712564,650.9539623204449,0.16647713516549706,1
19,Male,Asian,39211.40412443163,414,0.5380721749809215,123617.3431863064,30,28.1352315513392,8548.004285178007,0,3,0,1,High School,0.31719986139271145,343.3815088508511,0.10508621657959924,0
50,Female,Hispanic,53461.35297141107,386,0.3635196624587994,227563.29678837332,20,8.145085358906423,8058.038650051409,6,2,0,1,PhD,0.23492959420924736,948.1804032848888,0.21282972104172598,1
50,Male,Black,75681.60553084574,394,0.14493523534466998,-7636.703031701938,20,11.409393313065866,37756.2807575162,2,2,1,0,Bachelor,-9.910245981370723,-31.819595965424742,-0.005045283446444214,0
58,Male,White,46596.54937198432,727,0.33164372453321744,172530.919258267,10,20.46279512170649,28842.02238019313,2,2,0,1,Bachelor,0.27007651482012024,1437.7576604855583,0.370265441504987,1
30,Female,Asian,30902.61836831847,749,0.5110162734211825,163555.8996894474,15,7.089116312181638,34343.43110748974,6,3,0,0,Master,0.1889422419307098,908.6438871635967,0.35284151381624407,0
47,Male,White,19184.843833692754,840,0.19705188358355405,236156.2868556187,30,21.992141105025546,23067.471108778787,7,0,0,0,High School,0.08123791277859137,655.989685710052,0.41031745146113197,1
50,Female,White,25574.052307895494,301,0.14560713937632488,205040.757921208,10,13.7472654648981,9776.728978197109,3,1,0,0,Bachelor,0.12472667662359578,1708.6729826767332,0.8017531029210636,1
30,Male,White,67287.8299481333,377,0.26471736916913,104549.41514822004,20,25.69829415862173,8084.953181465102,0,0,1,1,Master,0.6435983391465091,435.6225631175835,0.07768820545172038,1
69,Male,White,43587.51047386377,623,0.2944489153200698,-25874.94578265032,10,8.356219072964471,36097.23031653672,4,1,1,1,Bachelor,-1.6845449973112634,-215.62454818875267,-0.0593632109320986,1
43,Male,Asian,37849.581801585795,397,0.2531288382029522,122933.75447155206,10,6.114674413898956,26693.434267473924,9,1,0,1,Bachelor,0.307885998961697,1024.4479539296005,0.3247955423021384,0
39,Male,Black,35680.65553632115,409,0.167620392812278,73321.26202261228,15,24.95065061624616,16014.597849102185,3,3,0,0,Bachelor,0.48663449798937225,407.3403445700682,0.1369953567659369,1
56,Male,Black,51700.917204003636,756,0.22541992986085727,79154.9106335431,30,9.78978194978501,20320.31628406634,8,2,0,1,Bachelor,0.65316120996408,219.87475175984193,0.051033853243009436,1
19,Female,Black,45210.89812468833,787,0.44114120230105514,126518.33805535798,20,12.35605938001515,34971.314690598076,2,3,0,0,Bachelor,0.3573466014460792,527.1597418973249,0.13992017777044566,0
55,Male,White,44537.35712561495,670,0.292964258146582,281764.5726078391,20,23.811234980639792,28447.76680951628,3,1,0,0,High School,0.15806585162004097,1174.0190525326627,0.3163238579841401,1
56,Male,White,76986.47855621479,636,0.41627472230927787,73080.08872622036,30,19.06729612123725,18615.966159957203,9,0,1,0,Bachelor,1.053453545255383,203.00024646172324,0.03164195847407065,1
43,Male,Black,80760.32563723267,321,0.3681518899593662,14500.848518844141,15,13.251776712968072,19306.258519364448,2,1,0,1,Bachelor,5.569351719817155,80.56026954913412,0.011970274103797375,0
63,Female,Hispanic,17799.56654182007,604,0.37452646992883454,142050.9706245863,30,7.496715267136739,11142.338336397843,2,3,0,0,Master,0.12530408249628183,394.58602951273974,0.2660195316008354,1
75,Male,White,56551.85462285915,571,0.224274778973898,172159.3011712227,30,22.926029065552928,20347.30667539978,6,0,0,0,Bachelor,0.3284856190640258,478.2202810311742,0.10147577671227143,1
67,Male,Hispanic,34462.758027572156,789,0.3607715163840908,165476.11742678442,15,5.412931034701711,15682.180230913098,4,2,0,0,PhD,0.20826424116954728,919.3117634821357,0.3201061607709868,0
32,Male,White,45034.97772277813,745,0.1117973569316009,134042.350874459,15,27.848388017592843,19247.95109226578,4,3,0,1,Bachelor,0.33597573773498546,744.6797270803278,0.1984270266540875,0
51,Male,White,56185.56770253389,577,0.31587187116246307,175531.94185313617,20,4.509482073689917,11876.560423608169,3,4,0,0,Bachelor,0.32008742744692675,731.3830910547341,0.15620732247688934,0
59,Male,White,45745.60166138161,676,0.3863114115949575,221550.73496476456,20,24.148010758418884,-95.92985160779426,9,1,1,1,High School,0.20647912392913972,923.1280623531857,0.2421552312337357,1
72,Female,White,54609.19761255266,531,0.19099781067705465,112798.11299939231,15,12.727466001844013,34306.99309807818,7,2,0,0,High School,0.4841321912259903,626.6561833299572,0.13770343694321086,0
61,Male,Hispanic,63459.40412063835,725,0.2282792531244757,300216.0952791999,10,5.580186988005361,28596.798517235144,0,2,0,0,Master,0.21137908699272545,2501.8007939933323,0.47308369726964267,0
66,Male,Hispanic,55891.5360108064,354,0.2097655099078097,181694.2272100848,20,12.071368147103135,16017.917337963896,8,0,0,1,Bachelor,0.3076131634395932,757.05928004202,0.1625418088124783,1
57,Male,White,37063.27391664753,740,0.1352789776327121,297941.57462536136,15,6.646554485998007,15172.840308939343,8,3,1,0,PhD,0.12439779162492427,1655.2309701408965,0.5359151942799391,1
28,Female,Black,37416.00786059353,333,0.27392866057004506,226353.593325652,15,4.0798095250754205,-831.190921150388,4,1,0,1,Master,0.16529893478105115,1257.519962920289,0.4033097173612816,1
78,Male,Hispanic,21205.894067639292,628,0.5894828832259698,73974.19542863154,10,7.174661967916754,35988.173710551404,0,4,1,1,Bachelor,0.28666609950625566,616.4516285719295,0.34883789946644106,1
20,Male,White,32921.594049585634,753,0.276940203231805,4504.100543789944,30,26.02195417614758,38809.24882205557,1,1,0,1,Master,7.309249367218608,12.511390399416511,0.004560431811620853,1
76,Male,White,89241.36723797055,687,0.33026831091848785,306498.8592031859,15,3.178271624394726,18680.176353717234,1,3,1,1,Bachelor,0.29116378269718185,1702.7714400176994,0.22896620606142415,1
23,Male,Asian,34159.92851809511,729,0.4265436254781876,108756.1395917733,10,29.176187633036722,24901.73219278384,5,2,0,1,Bachelor,0.3140965525837687,906.3011632647775,0.3183734401966423,1
26,Male,Black,26132.423751123602,775,0.4242488755845536,190284.57953674407,10,0.14995361063030455,5169.476456431099,9,4,0,1,High School,0.13733337622388583,1585.7048294728672,0.7281551123958125,1
23,Male,Asian,56398.55723689547,424,0.5749474900093121,139727.06512196246,20,19.747144631737292,21283.980114167367,8,0,1,1,Master,0.4036337354374924,582.1961046748436,0.12387468045951552,1
26,Male,White,47792.704814162804,822,0.5287820701995626,334240.74146459246,15,25.69535954514258,9679.976641244095,2,3,0,0,Bachelor,0.14298886666162355,1856.8930081366248,0.4662367653030652,1
56,Male,Hispanic,46088.135263015494,781,0.4969753435525761,192532.5289895955,20,28.01872944380293,9731.957860317625,7,1,0,1,Bachelor,0.23937843389314284,802.2188707899812,0.20887428824235568,0
48,Male,White,78180.9193282418,616,0.5758136128891553,61971.827362094715,30,4.319567803702636,15671.044182798207,1,3,0,0,High School,1.261555817475562,172.14396489470755,0.02642240071472624,1
49,Male,White,60982.533511167305,421,0.2153826927415858,173618.471700435,30,20.946254893570202,13635.685797792303,4,0,1,0,Master,0.35124450131313134,482.27353250120836,0.09490065526639223,0
58,Male,Black,39400.141365930496,846,0.4085270973108963,312466.5455793404,20,3.220476484669419,18076.005268572062,3,1,0,1,Master,0.1260939512512585,1301.9439399139185,0.3965297264764789,0
67,Female,White,41510.4816481644,612,0.5435983833610781,112994.78804910216,20,10.578344816233008,35849.69496085073,4,4,0,0,Bachelor,0.3673663393228891,470.811616871259,0.13610392310889846,0
29,Female,White,39948.269721886296,786,0.4120690791390509,43830.549320050515,15,21.957790725209808,-11679.524127786259,3,1,0,0,Bachelor,0.9114252579903613,243.50305177805842,0.07314551147470141,1
25,Female,White,67494.79243160514,311,0.5887102373034347,273018.7855187801,15,10.379196784892008,12000.955614022158,0,1,0,0,Bachelor,0.247216660580165,1516.7710306598894,0.2696689879647033,1
25,Female,White,43837.04741093725,424,0.1501763569531895,102105.99400631426,15,9.401241848432035,29476.40880377491,0,0,0,0,Bachelor,0.4293288345856205,567.2555222573014,0.15528113021109327,1
67,Female,Hispanic,14136.929950916987,376,0.3196652513966002,30001.787532651768,30,3.481638564072246,22920.774871308,5,1,0,0,Master,0.4712029220102762,83.33829870181047,0.07074093087352797,0
45,Female,White,49033.60642531311,535,0.5886814539543181,105476.06947176997,20,1.9931428298426401,8303.682070880028,7,3,0,0,PhD,0.4648789689535849,439.48362279904154,0.10755487629940982,1
79,Male,White,19259.479977441417,553,0.2897840142849629,222221.9113398452,10,3.458339738452713,51578.01633970768,6,2,0,0,Bachelor,0.08666778114417253,1851.8492611653767,1.1538313163186815,1
37,Female,White,93684.61203509803,705,0.46977818754965217,238684.18195334682,20,26.26424324835673,60445.18060488029,3,0,1,1,Bachelor,0.39250448550214195,994.5174248056118,0.12738707924836476,1
79,Male,White,30686.64172305538,542,0.1152014505393246,234393.21087363135,10,0.3359557614277575,19767.408415554433,4,0,0,1,Bachelor,0.13091949894231153,1953.2767572802613,0.7638281601128346,1
64,Male,Black,46762.704692845386,760,0.44741855731515656,92149.61440851996,15,20.78597608605867,5128.392555874181,7,0,0,0,Master,0.507465006695913,511.94230226955534,0.13137194838464036,1
76,Female,White,55164.054694022736,576,0.5673133662637893,284685.36933991837,15,23.058726896648935,16233.237999901667,5,3,1,1,Master,0.19377200458853253,1581.5853852217688,0.34404694738143826,1
24,Male,Hispanic,44226.8367864154,768,0.29135314259500134,268361.97510505334,20,17.036649123822865,3090.199144762595,7,3,0,0,High School,0.16480291877827438,1118.1748962710556,0.3033926848545075,1
28,Male,White,44199.391970676144,519,0.11064991896346474,243261.5649559556,10,21.923260835494457,26009.695254280334,5,3,0,0,High School,0.18169492570138973,2027.1797079662967,0.5503731026828292,0
37,Female,White,58436.54572321754,524,0.11395490219774193,89535.39831783388,30,19.56809007075301,28633.410811813716,7,3,0,1,Bachelor,0.6526641621203131,248.70943977176077,0.05107271896934432,1
33,Male,Hispanic,80524.31917592557,400,0.5460116528555445,134891.97275376736,15,13.66675467284078,34779.84369025842,3,1,1,0,High School,0.5969541221175196,749.3998486320409,0.11167804056731566,0
21,Male,Hispanic,65350.18163634595,806,0.4612580535481309,228157.4716132599,15,11.481312836288012,25991.327139269117,9,0,1,1,High School,0.2864257794157111,1267.541508962555,0.23275372350443485,1
23,Female,White,79570.27757147086,630,0.15334319211328992,254612.67413725745,20,28.239959652155207,23431.392610915114,1,0,1,0,Bachelor,0.31251499101955876,1060.8861422385728,0.159992324966167,1
75,Female,Hispanic,29067.61783812996,536,0.1272951385255983,95436.21327946827,20,29.15813977711404,4886.774893259511,2,4,0,1,Master,0.3045763954717118,397.65088866445114,0.1641624260559084,0
39,Male,White,56347.252665107226,638,0.5024126818077397,371752.9753138529,30,19.53814210875089,1662.7292891237994,4,2,1,0,Bachelor,0.15157175976207315,1032.6471536495915,0.21991783552330388,0
43,Male,Hispanic,53104.92104116559,805,0.5049303164026795,183042.94849189374,20,5.918965196954153,-10311.596972095078,3,1,0,1,Bachelor,0.29012273610484046,762.6789520495572,0.17234085363765392,1
20,Male,Black,57021.8258335347,464,0.1602609198960245,291718.9441135346,30,13.436974873133625,21213.258041347468,4,2,1,0,PhD,0.19546836770169537,810.3304003153738,0.17053057599684565,0
58,Female,Black,77524.63941271145,517,0.25076020194431836,72681.52542254882,10,14.896124702478211,32949.013821877896,0,1,0,0,High School,1.0666347323065415,605.6793785212401,0.09375280681490208,1
77,Male,Asian,45584.21700415892,675,0.4900130322869448,217539.5407171773,30,22.73910157381985,37275.136807461604,0,1,0,0,Bachelor,0.20954451247749423,604.2765019921592,0.15907519094260913,0
59,Male,White,41889.93266891825,311,0.3627060354770032,70374.37319237636,10,20.03331393966958,32564.103389144533,1,1,0,0,PhD,0.5952441317581239,586.4531099364697,0.16799829626986526,1
31,Male,Black,60679.61594837328,731,0.5782924303626497,212111.58600306578,15,15.444432882836853,14492.006009944182,1,0,0,0,High School,0.28607402873078436,1178.397700017032,0.23303991264933965,1
28,Male,White,14435.945448683051,382,0.34053132267300246,243242.7280835588,20,20.410936733614708,47887.28325284442,7,2,0,1,PhD,0.059347901425131244,1013.5113670148282,0.8424897730053044,1
35,Female,White,45262.95901755644,730,0.4384789687827563,248790.8089857875,15,0.7217054020132185,5768.082138798252,9,2,0,1,Bachelor,0.18193179724795278,1382.171161032153,0.3664376853036165,0
71,Male,White,47316.04621429094,777,0.3548916828707921,123227.22861868032,30,23.299059656530915,5067.531168214191,3,3,0,1,High School,0.3839739540090426,342.297857274112,0.08681144381097351,1
29,Female,White,31592.827673861495,668,0.5714827478425228,15095.981451589527,30,6.348967020208329,31500.569191052637,5,2,0,1,Master,2.092797197398182,41.93328180997091,0.01592764620230483,1
40,Male,Black,71141.18022713154,440,0.29932954603380446,229249.92737177853,30,19.692274186834474,41093.59648652846,1,3,0,1,Bachelor,0.31032149515912677,636.805353810496,0.1074154831467303,0
29,Female,Black,28755.193653134316,755,0.21489822758930002,157142.24108039401,10,3.4191975641102745,46889.73604821374,0,4,0,1,Bachelor,0.182988313361416,1309.5186756699502,0.5464829866074142,1
30,Female,Black,47282.539032724075,801,0.2633169301404966,157090.13070980835,15,3.433825077741044,34956.59949438,6,3,1,1,Bachelor,0.3009898764427717,872.7229483878242,0.22149139185198558,1
42,Male,White,55863.144506459364,702,0.5263876020826146,104787.62578519722,15,1.06972931510106,31019.002804520125,3,1,0,1,Bachelor,0.533108218531189,582.153476584429,0.12505278356117935,1
62,Male,White,77069.03122952237,587,0.3489692817560667,191627.7564809178,30,27.306984304605354,32192.394085277032,3,0,0,0,High School,0.4021809399892278,532.299323558105,0.08288143474483436,1
68,Male,Asian,49788.87130238293,654,0.27712615175111954,196535.78107487786,20,18.13676273075436,15828.196187258032,1,1,0,0,Bachelor,0.25333235012007277,818.8990878119911,0.19736918706316556,0
75,Female,White,68723.07188256421,642,0.3721300109047414,302501.6833705027,15,10.858858086874449,7980.802568015506,8,4,1,1,Bachelor,0.2271824444639288,1680.564907613904,0.2934499046525215,0
36,Male,Black,64011.907945542545,448,0.16661485363842118,-4655.286196488509,20,23.633332230579263,24120.602941001118,1,0,0,0,Bachelor,-13.75037006185073,-19.39702581870212,-0.003636265771400646,1
72,Female,Hispanic,52469.15112338285,509,0.10267965231279805,64721.596018764714,15,18.782466018739964,-5434.9303497934525,4,4,0,0,Master,0.8106900069054305,359.56442232647066,0.0822344744585504,1
63,Female,Hispanic,28209.731834530892,411,0.2402923418467454,242992.3846699797,30,18.60241553738821,15374.979057091647,5,1,1,1,PhD,0.1160930696360874,674.9788463054992,0.28712595366650295,0
53,Female,Black,21308.382781913024,835,0.40250285989177115,-23159.872839741758,30,14.611283830890203,12039.215005913222,2,0,0,1,High School,-0.9200561216099761,-64.33298011039378,-0.03622967398445698,0
62,Female,Hispanic,52130.10802838373,348,0.45584038483069367,124716.19510124979,15,0.23780336004626035,28749.074894847337,2,4,0,1,Master,0.4179898848426409,692.8677505624988,0.15949349274747265,0
25,Male,White,39146.06252194773,630,0.5133054831759833,434458.68200543674,10,7.753875192748195,23301.96205592797,5,3,0,1,High School,0.09010307341828622,3620.489016711973,1.1098400554636934,1
46,Male,Hispanic,68385.22183362584,664,0.5633317796972348,169227.24674035877,10,3.2723008380024887,42297.069810874586,4,2,0,1,PhD,0.4041029039404489,1410.2270561696564,0.247461720826279,0
72,Male,White,64917.13036197155,310,0.306056173482384,266941.0897444075,15,19.872295570583283,32334.28765799293,4,1,0,0,PhD,0.2431889763547786,1483.0060541355972,0.2741352328791802,1
70,Female,White,46307.780111259,487,0.4702583997787273,28826.05376641394,30,7.458624653609932,10413.25689416705,4,3,0,0,Bachelor,1.6064557600046359,80.07237157337205,0.02074961176225428,1
72,Female,White,26845.741521174612,808,0.13733646509903127,267009.3089355793,15,13.504999921536209,30087.669935721675,8,4,1,0,Bachelor,0.10054234299243708,1483.3850496421073,0.663070550003807,1
49,Female,Hispanic,60214.71099214547,744,0.12876499938604005,159272.81938045754,20,10.602908948696488,-5908.971208363553,7,4,0,0,Master,0.37806018143189657,663.6367474185731,0.13225407608552123,0
68,Male,White,29641.011077296993,389,0.1623989959930783,225933.09713468843,30,4.295962137760919,30985.94188332627,3,0,0,0,PhD,0.13119375360762975,627.5919364852457,0.2540771371861624,1
61,Male,White,34830.7215413827,747,0.32428454891538117,252680.5541261995,10,28.751106986481577,8807.495959841906,5,3,0,0,High School,0.1378448834807713,2105.671284384996,0.7254531142169635,1
35,Female,White,30411.68523569691,331,0.20564071924937496,145553.01267400774,10,28.00257934881648,10883.328030142417,4,4,0,1,Bachelor,0.20893889227706589,1212.9417722833978,0.4786088358666792,1
23,Male,Asian,47229.97956120093,626,0.2434624709689079,245673.83268018646,15,2.5382455810992166,40144.63457115885,5,0,0,1,Bachelor,0.19224668352320626,1364.854626001036,0.3467766800701105,1
35,Male,Hispanic,73403.84668141123,373,0.42394008675615136,84930.41375361454,20,24.820960605839893,25843.062742293147,7,2,1,1,Master,0.8642822216121283,353.87672397339395,0.05785147345358558,1
36,Female,Black,49899.182595529426,550,0.279261089401423,202385.37026633375,30,14.651210481491194,17103.48361599316,5,2,0,1,High School,0.24655528475138017,562.1815840731493,0.13519618274232406,0
39,Male,Black,41135.626151446086,749,0.3786857788590111,249002.8253317602,10,23.21207653742554,35245.862322192224,5,0,0,0,Bachelor,0.16520144338378018,2075.023544431335,0.6053215877036229,1
54,Male,White,19487.701399095116,654,0.30620187836829615,143056.0411213002,15,4.534713927413008,42098.970587244,1,3,1,0,Bachelor,0.1362242464306075,794.7557840072233,0.4893891389637938,1
49,Male,White,61042.49169459686,832,0.1844846277599098,100725.06990123242,15,3.968224133326311,5004.2832125501645,6,0,0,0,Master,0.6060307702387603,559.5837216735134,0.11000541546826366,1
73,Male,Asian,34391.907881427454,595,0.13700999512794707,151379.48775624653,30,26.722725026856125,9293.780922372633,2,0,0,1,Bachelor,0.2271900135955395,420.49857710068477,0.14672006399311108,1
58,Female,White,52350.35238316193,597,0.21811574765494393,306018.56663243234,15,26.934584755231825,32167.90737960086,6,3,0,0,PhD,0.1710692032815167,1700.1031479579574,0.3897058347606726,1
76,Male,White,42915.62768166719,627,0.12885023474552218,290683.87683699507,15,13.977364882608263,24598.895451613666,4,2,0,0,High School,0.1476367666092905,1614.9104268721949,0.4515587017906924,1
20,Male,White,66763.54439198875,601,0.4093059799449035,273080.4829938171,15,26.10473392844694,-7916.902371651802,3,4,0,0,High School,0.24448303174233205,1517.113794410095,0.2726842275783321,1
45,Male,White,46855.272159428954,811,0.4978588007330502,350783.1343803759,10,20.023768545108908,46740.26779637944,9,2,0,1,Bachelor,0.13357333225895882,2923.1927865031325,0.7486524316555182,1
27,Female,White,48821.47290953897,637,0.26987038411870046,200629.7492454958,10,5.55029227832976,12773.419589399142,0,3,0,0,High School,0.24334114503527463,1671.9145770457983,0.41094571156679666,1
68,Male,Black,59714.942949109194,673,0.2935555276761791,217589.37519586468,20,9.868627940464462,4926.090213981743,7,1,1,1,Master,0.274438689367789,906.6223966494362,0.1821900553277767,0
52,Male,White,92138.80364526372,393,0.5080955313796534,703.4554116771906,30,4.081819515260097,20174.063321007954,1,3,0,0,Master,130.98030396210157,1.9540428102144183,0.0002544911893239929,1
78,Male,Black,67768.93860717109,431,0.21130645618678015,108998.1340948885,30,23.218460067927992,33531.22488658558,9,2,1,0,Bachelor,0.6217440249772966,302.77259470802363,0.053612631556130386,0
46,Male,White,48227.87787302781,352,0.1595801325974371,251147.2632708368,30,29.55752174087249,37019.96745291678,7,2,0,0,PhD,0.19203027436942027,697.6312868634355,0.17358374059919315,1
71,Male,White,50063.959812305766,795,0.35055905866554327,286822.1588532805,30,16.391349796980347,20857.531326356006,6,3,1,0,Bachelor,0.17454704340997315,796.7282190368902,0.1909704838428031,1
32,Female,White,39502.81079351131,528,0.4230950847666186,70724.35801563515,15,19.67593242344678,58037.431547313485,2,3,0,0,PhD,0.5585460497892163,392.91310008686196,0.11935751168918891,1
50,Female,Hispanic,31000.085929606095,511,0.3998272125232396,190691.07212646113,30,22.3827770440091,62345.930459442854,6,3,0,0,High School,0.1625670545763552,529.6974225735031,0.20504359521182802,1
24,Male,White,38944.98425867356,803,0.4569365226370904,415941.4371309312,20,6.7277730729147125,26719.53882713743,0,2,0,0,Master,0.09363093162178586,1733.08932137888,0.5340115614994704,1
29,Male,Black,34557.02072576115,794,0.12837559108651195,191228.34935415955,30,10.080037429003026,19068.806174204692,4,0,1,0,High School,0.18071076198937797,531.1898593171098,0.1844568246316876,1
66,Female,Hispanic,63067.36767591771,532,0.31410080637918647,344483.55124267115,30,12.369636339727041,14947.575306003666,1,1,0,0,Bachelor,0.18307802345979055,956.8987534518643,0.18207173479046398,0
47,Male,Black,28576.10284262028,370,0.21928526197284656,234728.8366771407,15,17.837649364364164,17708.105008569204,1,0,0,0,Bachelor,0.12174091282156979,1304.0490926507816,0.5476110300271612,0
38,Female,White,76664.21122760088,488,0.47956062977301206,256136.86341043265,15,25.51477734446327,42426.46571773385,2,2,0,0,Master,0.29930955742498677,1422.9825745024036,0.22273484094598192,1
48,Male,White,65040.927672376594,307,0.5363652420301748,109052.03860340295,15,7.626106337697184,25037.023734803497,6,0,0,0,Master,0.5964210161069562,605.8446589077942,0.11177786306361702,1
75,Female,White,50410.034587353366,631,0.24066787040320745,39104.82706735458,20,14.126664021833669,33054.56079054624,1,3,0,0,Bachelor,1.2891000515237307,162.93677944731073,0.0387867488957893,1
78,Female,Black,50006.37222930136,315,0.14760903953470414,272240.8006738269,15,22.54601733614135,30408.26134086516,3,4,0,1,Master,0.18368434160320538,1512.4488926323716,0.362941479305187,0
41,Female,White,38854.37380770893,392,0.22671398099569842,230710.45764250518,30,2.621549985138729,29095.78553050981,3,3,0,1,Master,0.168411844893114,640.8623823402921,0.1979274875498752,1
37,Female,Hispanic,55401.68822695528,561,0.15200424452945985,206056.83070467072,20,15.386803749785354,36335.98971106532,0,1,1,0,High School,0.2688660600936802,858.570127936128,0.18596620184257787,1
54,Male,Hispanic,71761.84926417179,848,0.2612110830567269,67289.41443495161,10,4.331391100971751,32413.448426238523,6,3,0,0,Master,1.06646565238792,560.7451202912634,0.09376767060063332,1
21,Female,White,35936.87075488373,460,0.36909928916091284,164323.70606514986,15,16.17446690182048,27150.136517322633,3,4,0,1,Bachelor,0.218695595513381,912.9094781397215,0.3048377198002949,0
45,Male,White,19332.158221625392,650,0.5868404771991033,138332.90885979636,20,23.034682839463105,47673.27172053611,0,2,0,0,Master,0.13975097018467952,576.3871202491515,0.3577792693240376,1
61,Male,Black,64064.365097134876,473,0.2996851271756793,148124.94397047983,10,7.108422331348193,210.56648915658297,2,0,0,1,High School,0.43250220644743276,1234.3745330873319,0.2312126932747896,0
79,Female,White,56487.31948487601,616,0.21001996192731057,222847.70250918684,15,25.484353364541146,24245.679106382027,7,3,0,0,High School,0.25347947880480093,1238.0427917177046,0.26300616910296404,1
37,Female,White,27596.02397117641,317,0.18340087018541754,270622.92305088334,10,10.044123302452501,12085.636073081416,3,0,1,1,Master,0.1019722337637589,2255.191025424028,0.9806591099266492,0
77,Female,Hispanic,35332.17258171764,785,0.186519883069338,228607.583562911,15,5.723545906733104,33794.50762120233,0,1,0,1,High School,0.15455380801920995,1270.0421309050612,0.43134923377870105,0
41,Male,White,32817.91451899719,666,0.1962988416307296,219446.12158837635,20,13.959701852125562,-4513.1367460629335,6,0,0,0,Bachelor,0.149548847258987,914.3588399515681,0.3343389194662969,1
67,Female,Asian,35509.354619315025,650,0.4811335112687235,211351.86536025145,15,26.28225246315616,23497.734276757514,7,1,1,0,Bachelor,0.16801060430097914,1174.1770297791747,0.39680035045429657,1
66,Female,Hispanic,43526.34491917625,827,0.13051385571620996,182522.68698814086,15,2.0679918352230873,27235.645408833145,4,1,1,1,Bachelor,0.238470875250726,1014.0149277118937,0.27955894654462093,0
68,Male,Hispanic,44669.053914385055,734,0.5987013534715171,116933.40072734463,20,9.82714398649936,38344.37745195934,8,3,0,1,Bachelor,0.38200423178096526,487.22250303060264,0.1308886023772353,1
49,Male,White,36984.1268986308,569,0.36134319558313055,204684.60723950458,20,19.594895069073395,13658.267430118776,6,4,1,0,Bachelor,0.18068836439349398,852.8525301646024,0.27671953403215566,0
58,Male,White,34836.723610001434,367,0.37213594715041287,274727.60838722077,30,10.727426060867565,61853.47099671702,3,0,0,0,Bachelor,0.1268045967950191,763.1322455200577,0.2628716479988261,1
53,Male,Black,45424.31312161237,329,0.27878193934980244,188470.31110694673,30,2.124719841978467,11204.387540927504,8,1,0,0,High School,0.2410157486068802,523.5286419637409,0.13830354873491357,0
75,Female,White,53353.830697191224,615,0.44512767970606026,107963.66068833505,20,9.959969063414212,2926.7857378096633,5,1,1,1,Master,0.49418323125603175,449.848586201396,0.1011770469688306,1
70,Female,White,43674.069272703106,463,0.3357281704403988,80435.5569015176,15,24.628781584095908,29086.88145580167,7,1,1,0,Master,0.5429696884696908,446.8642050084311,0.12278156236411725,0
51,Female,White,73173.34046682603,619,0.26453064248227487,104621.76200791154,10,29.041125675150777,18086.718128403,1,2,0,1,High School,0.6994084123845347,871.8480167325962,0.1429779771436607,0
53,Female,White,60161.75428841573,313,0.23256920185402144,85626.64605035455,20,1.193375921931552,47620.30889089995,4,0,0,0,Master,0.7026055213354537,356.7776918764773,0.07116368784714955,1
19,Male,White,18183.082862826082,578,0.5628256034666298,489121.18498389836,10,17.07851452905208,-3847.500838941698,2,0,1,1,High School,0.037175005747143545,4076.0098748658197,2.6899794092885596,0
32,Female,Hispanic,60474.55530827707,731,0.2454947575262101,112227.11511581886,30,3.1591029908054424,20535.300483762938,4,1,0,0,Bachelor,0.5388586817532205,311.7419864328302,0.06185913758479427,1
51,Male,White,62110.87965171165,562,0.318196629714921,196156.94392384106,30,20.411895874680177,32271.738651285676,7,0,0,1,Bachelor,0.3166386996517774,544.8803997884473,0.10527245523049324,1
53,Female,White,41305.30063751618,821,0.27517070105823416,191323.01906664876,20,0.23676678024152853,10000.854901669592,5,0,1,0,Bachelor,0.21589300042943174,797.1792461110365,0.231596206919841,1
23,Male,Black,20096.04825393689,471,0.14308941371401798,341331.4833403484,20,0.44224877122119755,-885.8593017625535,0,2,0,0,High School,0.058875460468141814,1422.2145139181184,0.8492502581284367,0
56,Female,Asian,50161.33518822272,657,0.19296719724113356,242937.40754062557,15,23.306394792917217,41722.354602281805,6,1,0,1,Master,0.20647843284420667,1349.6522641145866,0.32287472230559017,1
59,Male,White,49845.82697035512,312,0.19475098766319102,242449.45105469876,30,2.233059680918934,7408.661114434497,9,0,0,0,PhD,0.20559265757673115,673.4706973741633,0.162132897770888,0
68,Male,White,27567.075269336106,531,0.4468247571948274,217438.5665532435,30,9.155450228611926,35657.565343755596,0,4,0,0,PhD,0.1267809832741233,603.9960182034541,0.2629206090101121,0
68,Female,Black,20975.615674801287,775,0.3032927049829046,227509.3252999772,20,28.74121272311493,6138.031611881714,0,1,0,0,High School,0.09219672928634626,947.9555220832384,0.5423185875141959,1
75,Male,Asian,48248.92907093121,770,0.4909837815353293,232225.51561713935,10,29.557413523424138,15216.564005121363,3,0,0,1,PhD,0.2077675613840696,1935.212630142828,0.48130708823763196,1
71,Female,Hispanic,45338.456158983565,459,0.45447546216707846,137259.23616766423,15,4.8420858565820035,31358.21269119772,8,2,0,0,Bachelor,0.3303126071866082,762.5513120425791,0.2018290105076241,0
78,Male,Black,41654.692693552126,560,0.19602488319801883,108264.04849131597,20,16.827057643075506,25308.727795982275,7,4,1,0,Master,0.3847509240049647,451.1002020471499,0.1299542038250045,1
29,Female,White,48331.78530506877,658,0.38145846006005035,205864.205317504,10,16.774464854708995,6028.047306751694,9,3,0,0,PhD,0.23477508015794557,1715.5350443125333,0.4259395841020466,1
20,Male,Black,27944.472523593617,554,0.47145442302440144,146307.70250802685,15,13.5714207159784,27958.777132571668,2,3,1,0,Bachelor,0.19099795871690695,812.820569489038,0.3490438699686762,0
62,Male,White,41303.587742677715,814,0.41652146173786153,218436.66638091073,10,27.74100474791987,-12584.677091079971,5,4,0,0,Bachelor,0.189087246326367,1820.3055531742561,0.5288563980005226,0
35,Male,Black,60666.50061228695,579,0.40000825404399043,92073.45228941597,15,22.62101727372481,1995.319988167863,0,3,0,0,Bachelor,0.6588924288577012,511.5191793856443,0.10117989484602873,1
57,Male,Hispanic,43000.59839297422,416,0.469805443700384,52624.19921810241,15,22.935808070458314,46183.463641548915,9,4,1,0,Bachelor,0.8171259426629388,292.3566623227912,0.08158677039356514,1
38,Male,Asian,16560.550564148958,461,0.12839036962815345,72067.6430118054,15,8.087082953080294,17454.53653705651,0,0,0,0,PhD,0.22979176051915803,400.37579451003,0.2901177418896557,1
32,Male,White,40546.15444552857,597,0.46571097368071646,192612.17486833953,30,13.029593166049162,30768.944421253043,5,3,0,0,Master,0.2105067058883686,535.0338190787209,0.1583480829870092,0
50,Male,White,28596.83072986279,596,0.2363276315767142,38443.131674245786,20,14.622710954263592,30334.139556491937,4,3,1,0,Bachelor,0.7438735993774584,160.17971530935745,0.0672157205765127,1
52,Male,Black,55342.72592923461,657,0.3859361272546771,394965.9752351402,30,8.967361236132495,14838.609079440206,5,4,0,0,High School,0.14012023667680923,1097.1277089865005,0.2378909294181217,1
43,Male,Hispanic,56376.7480676085,817,0.22115249734825373,395223.22197953274,30,2.844533254861741,21759.6400238153,8,0,0,1,Bachelor,0.14264533289627415,1097.8422832764797,0.23367980330328764,1
25,Female,Hispanic,16824.50749827938,677,0.5194087861034188,288549.3267392067,15,3.790776749166479,2409.6261476060863,4,0,1,0,Bachelor,0.05830721453557753,1603.051815217815,1.1433690873020252,1
53,Male,White,65180.25941164378,725,0.340279677150378,163059.08776589305,20,5.420133845427654,21948.284369965393,1,1,0,0,High School,0.3997339878733057,679.4128656912211,0.1250831841095467,1
65,Male,White,27756.27397442883,836,0.42147060601249176,151639.85280598112,20,6.109600030948451,12642.711809210094,0,1,0,0,Master,0.183040760465141,631.8327200249213,0.27316320076982087,1
47,Female,Black,81183.64580964703,468,0.49704102173836406,229653.5831958767,20,7.2678542763163225,51376.30154588974,1,0,1,1,Master,0.3535048078932157,956.8899299828196,0.14144079198805026,1
40,Male,White,49024.47470998766,814,0.5476576275356821,259662.05163817783,20,7.663800868904832,9481.968498954828,7,4,1,1,Bachelor,0.18880107586263734,1081.9252151590742,0.2648289993663893,0
59,Female,Hispanic,25072.130029216754,663,0.4660310485346705,229625.78373574722,15,13.671490364626077,27700.100208967036,0,2,0,0,Master,0.10918691107471494,1275.698798531929,0.6105737950682356,0
61,Male,White,27160.27858614637,729,0.17438428809520287,68952.66058875233,20,15.287195724781238,15896.864358686293,5,2,0,0,Master,0.39389747044187007,287.3027524531347,0.126936585665073,1
31,Male,Hispanic,56961.9058357469,382,0.5272661847928932,181009.12929286505,10,9.266376243790678,32201.370984807625,4,1,1,0,Bachelor,0.3146907896760553,1508.4094107738754,0.31777224907961443,1
31,Male,Black,42174.00220203245,629,0.4092889579327531,253326.57549792487,10,27.218892597621846,-348.46242741611786,9,3,0,0,Bachelor,0.16648076546701637,2111.0547958160405,0.6006699916322302,0
19,Female,Hispanic,48066.92180763718,432,0.4047248791901368,-36153.838999393076,30,16.594191700168636,18019.708392009044,8,2,0,0,Master,-1.3295108662857102,-100.42733055386965,-0.025071877318654453,0
72,Female,White,82255.60465394078,756,0.5606702799024608,89468.88854886299,15,23.624307841002203,28886.030172015468,3,3,0,1,Bachelor,0.9193766234059931,497.0493808270166,0.07251290164382058,1
54,Male,Hispanic,36015.118715418495,652,0.22441577783294156,252586.9513556464,30,27.7271349726253,23529.24611083884,4,3,0,0,Bachelor,0.14258503268725328,701.6304204323511,0.2337786281288502,1
22,Male,White,51199.257153914135,643,0.21979380924701666,168786.02818932422,30,4.894053437274156,27436.31355619897,4,0,0,0,High School,0.30333824252612224,468.8500783036784,0.10988833144064519,1
55,Female,Black,78396.88974746107,393,0.35659677734748096,168887.65560200965,20,12.836234511469035,7562.006026350089,1,2,1,0,High School,0.4641955000678463,703.6985650083735,0.10771323718711633,0
62,Male,White,55410.269509328005,681,0.4754315332674326,310844.1620082537,10,12.996312051438263,14801.828190388464,1,2,0,0,PhD,0.17825739158600226,2590.3680167354473,0.5609865549488526,0
58,Male,White,17867.945292839882,594,0.3236203541142546,194618.91309946708,10,10.634167513150626,19717.127270686866,8,3,0,1,High School,0.09180991203926732,1621.8242758288923,1.089207012389139,0
79,Female,White,60107.780234642734,497,0.41694569494620115,152654.57434391716,20,0.2671759965491982,31698.267917497542,2,3,0,0,Bachelor,0.3937502724237091,636.0607264329882,0.1269840391277132,1
71,Female,White,26739.942844331115,378,0.3262623621113594,169142.64432802427,20,24.479163233342852,40953.14726533294,5,0,0,0,PhD,0.15809107721216303,704.7610180334344,0.3162733841891562,0
77,Male,Asian,78136.1505746593,513,0.40519359024348434,172435.44130739552,15,3.346779646617084,-7875.109710314839,3,4,0,0,Master,0.45313277817040126,957.9746739299751,0.1471239113088318,0
78,Female,White,33542.64790004044,458,0.5111311513068556,116545.98712960705,10,29.864417937652767,15206.858519153811,3,2,0,1,High School,0.2878061160762124,971.216559413392,0.3474561324941389,0
64,Female,Hispanic,109390.19015491329,500,0.19023834804546166,177746.93471182138,30,23.18875475733545,10116.066105105168,4,2,1,0,Master,0.6154265913629738,493.74148531061496,0.05416297215807757,0
31,Male,Asian,79347.51976655357,321,0.44768926700299205,86009.77862913137,30,17.400300528195434,8400.026864783364,4,0,1,0,Master,0.9225406812020174,238.91605174758712,0.03613210128566029,0
73,Male,White,34067.74860744043,638,0.49371286966909167,166667.69027077468,15,4.638192532247923,23999.627194801422,6,0,0,0,Bachelor,0.20440523626440535,925.9316126154149,0.32614950519384445,1
56,Male,Black,50400.276100032206,541,0.32355570374089127,148391.06992716354,10,15.46178914179741,20488.502761276828,6,4,1,0,Bachelor,0.3396449403914315,1236.5922493930295,0.29442511313359393,0
42,Female,White,65072.88563266927,537,0.2616167885339271,223135.36365498544,20,7.833262225734266,3170.8342769624287,0,3,0,0,Master,0.2916296393667377,929.7306818957727,0.17145033717619731,1
37,Female,White,65673.20948453415,448,0.10677216196220105,351452.4244784984,30,7.569675736292084,2435.753882608744,5,2,1,0,High School,0.18686230314667238,976.2567346624955,0.1783844722665612,1
19,Male,White,58846.72519952394,306,0.4985525111670468,225956.7150584961,10,24.885877481474562,26927.933351644395,3,3,1,0,Master,0.26043361970583434,1882.9726254874674,0.3839750033538384,0
56,Female,Asian,75043.1807393222,532,0.263969329517994,210314.81782214262,10,11.41933271878304,3626.6942305413922,1,2,0,1,High School,0.3568135688983366,1752.6234818511884,0.2802584002305473,1
23,Male,White,47540.62106731261,376,0.27865473470402513,223383.58028556942,10,13.521714101724122,9578.339371147202,5,0,0,1,Bachelor,0.21282057081607147,1861.5298357130785,0.4698793900258083,0
34,Male,Black,42665.646628479335,788,0.2680030815494061,113718.47541273852,20,25.28894213340355,33851.20683920743,6,0,0,1,High School,0.375186586644126,473.8269808864105,0.13326702440838128,1
76,Male,Black,43062.72024150779,386,0.3493696654061691,270195.63337598107,30,2.6337187715652766,22585.5833844605,1,0,0,0,Master,0.15937607763477585,750.5434260443918,0.20914891260983073,1
42,Male,Hispanic,67167.46463944254,521,0.4512497866095385,240640.1642036618,20,17.838535592731485,43214.4325915005,1,4,0,0,High School,0.279119925228261,1002.6673508485909,0.1791344704578528,1
74,Female,White,57303.620806052924,712,0.4859315655002554,195501.24164758116,10,17.346470441191133,18395.26994208141,9,2,0,0,Bachelor,0.2931112883126894,1629.177013729843,0.3411673449209523,0
45,Male,Black,55825.67331380513,501,0.29628536020157914,235497.82036937505,10,12.756437078000257,53493.71746081216,6,0,0,1,High School,0.23705388536608676,1962.4818364114587,0.42184501572529853,1
19,Female,Black,65904.68498514364,575,0.4315510175225845,232764.60389529826,30,24.89323924272279,17244.2325705455,8,4,0,0,Master,0.2831387757512683,646.5683441536063,0.11772789948988123,0
52,Male,Black,8978.9518429229,520,0.46034212513565764,232946.1747822985,30,28.28670184007078,37967.03380459563,2,3,1,0,High School,0.038545178307024114,647.0727077286069,0.8647860717577477,0
54,Male,Asian,56201.37647750301,456,0.24845866583869078,299426.6135783993,20,13.960075857408324,7401.3224119217175,2,4,0,0,Master,0.18769666398670912,1247.610889909997,0.2663872598371835,1
22,Female,Hispanic,54371.377777474314,480,0.14831073476854664,124187.56642959638,20,13.68441152995199,10247.51391607977,7,4,0,1,Master,0.43781659743125884,517.4481934566516,0.114203071088118,1
18,Male,White,83376.1616260141,428,0.5473328603222313,331121.2728758083,20,15.061911890122342,45376.25338212172,1,1,0,1,High School,0.2517994718427091,1379.6719703158678,0.19857071039145527,1
57,Male,White,19428.24035472666,542,0.4385579858907964,39734.172931623616,10,21.693720924991847,9570.539936729449,8,3,0,0,Bachelor,0.48895544870556795,331.11810776353013,0.20451761047910225,1
29,Male,White,81143.73264753516,471,0.4240552044381457,266188.9603517041,30,20.04180872096887,16739.622045942862,6,1,0,1,Bachelor,0.30483507858599174,739.4137787547336,0.10934874519019715,1
73,Female,White,51508.18257849332,802,0.129451257605989,216776.03184711773,15,6.685048476206612,10078.22816349647,7,2,1,0,Bachelor,0.23761013678310938,1204.311288039543,0.2805716438247751,1
53,Male,White,59779.7906132009,779,0.5089365287519633,103708.95985680321,30,1.9168604579802995,36865.7110576914,8,4,0,0,PhD,0.5764187655120852,288.08044404667555,0.057828327819480864,0
62,Male,White,83518.37575218754,569,0.3830270780430266,302910.3052433046,30,28.47762389450368,1860.8065203683655,2,4,0,0,High School,0.2757198230185785,841.4175145647349,0.12089567216604252,0
40,Male,White,61215.225360111464,720,0.523942208658783,18648.57148303435,30,7.832092792011128,39612.478190802816,5,4,0,0,Master,3.2825691456207458,51.80158745287319,0.01015464773310354,1
64,Male,Asian,58007.36578925122,462,0.5872805918683808,362522.2745287982,15,19.15790054071775,23670.809935563695,7,4,1,1,Master,0.16001048725805456,2014.012636271101,0.41663935788878,0
48,Female,White,54845.82371604637,323,0.5785501604401211,425681.4402525205,20,24.853140082311672,22796.85563739906,0,1,0,0,High School,0.1288424124939791,1773.6726677188353,0.38807097004906305,1
28,Male,Asian,40330.43730011246,796,0.5280446731951037,183679.98424130306,15,9.008302516415588,19136.914470801752,5,2,1,0,Bachelor,0.21956903723995197,1020.444356896128,0.30362508077043315,1
27,Male,White,49430.21750979214,492,0.10547368691568446,97228.16439499012,30,19.063002409707863,38761.78008593474,2,1,0,0,Master,0.5083940216024395,270.0782344305281,0.06556594278639995,1
20,Male,Black,35689.74467754503,689,0.5428636041184782,142226.28657657962,30,3.2370072344767475,16711.483183946686,7,4,1,0,Bachelor,0.2509363461326709,395.0730182682767,0.13283581213743298,0
71,Male,Hispanic,49108.66201149036,796,0.13753115691382276,297511.45211207063,10,29.09794333126982,9335.147579154873,8,2,0,1,Bachelor,0.1650647787265394,2479.262100933922,0.6058227610486708,1
31,Female,White,3281.386058898068,428,0.5255969850883836,167762.51510416245,30,1.7447482515187762,27806.537420443998,4,3,0,1,Bachelor,0.019559709490887645,466.00698640045124,1.7041834567564749,1
33,Male,White,58580.79135135097,842,0.24008703430581183,-93549.08214326942,15,13.14524021522929,18718.67036394305,1,1,1,1,Bachelor,-0.6262038066994084,-519.7171230181634,-0.1064616119439659,1
27,Female,White,47565.25492432749,335,0.4050341692666838,238342.73686421468,15,16.1045772618007,49412.160380477886,6,0,0,0,High School,0.19956662221020693,1324.1263159123037,0.3340571981844014,1
46,Male,White,43275.925266664715,756,0.11903411557493984,289383.8810963403,15,23.71445335990092,33677.44955349016,5,3,0,0,Bachelor,0.14954504412171285,1607.6882283130017,0.445796562889824,1
27,Male,Asian,54395.16167880286,660,0.485590848059114,251431.1918251578,20,3.633855512172637,25202.69904774279,5,3,0,1,Master,0.21634213831603122,1047.6299659381575,0.23111540076838993,1
29,Female,Hispanic,21328.721540691186,514,0.15585306111648575,267332.2275530789,10,13.224239215655297,41512.121516289335,0,4,0,0,High School,0.07978357767005985,2227.768562942324,1.253390771889723,0
47,Male,White,88585.39993242564,586,0.30534408583788597,360452.2946221803,20,8.99134708630357,-1762.9113640311916,0,4,1,0,Bachelor,0.24576178666105952,1501.8845609257512,0.20344904177050566,1
58,Female,White,47944.65077024801,668,0.5087230011626507,178853.94499774973,15,9.360321470800201,28415.96294347729,5,3,1,0,Bachelor,0.2680659393386667,993.6330277652762,0.2486950294063355,0
18,Female,White,47083.11134055621,768,0.4476744982541676,371832.55901465705,20,23.363637481957525,21531.02002688986,5,1,0,1,Bachelor,0.12662449857894306,1549.3023292277378,0.39486829611276125,1
22,Male,White,30692.075797341553,485,0.10302134842903346,184562.79597946574,10,0.16382835095499426,16949.29025703164,3,2,0,1,Bachelor,0.16629611420037396,1538.0232998288811,0.6013369613646399,0
37,Male,Black,50478.92764898523,773,0.3015161672712744,312665.15630387625,10,22.47250924007899,15785.62537760325,7,1,0,0,High School,0.16144724358068618,2605.542969198969,0.6193973819690715,1
25,Female,White,77739.1978054656,360,0.12096375848225402,185758.96398406356,10,24.311952903693186,36698.761375576665,8,1,0,1,Bachelor,0.4184950009310718,1547.9913665338631,0.23895148037018132,1
60,Male,Black,70718.32418864068,561,0.4367499304092346,403830.5825759681,10,27.04086731526207,-7923.632880861347,5,3,0,1,Bachelor,0.1751187929788285,3365.2548547997344,0.5710409391189087,0
29,Male,White,67088.75502281112,410,0.5844742458766607,264791.7588333574,15,18.806454096914504,27087.517039756833,9,1,0,0,Bachelor,0.25336421087422284,1471.0653268519857,0.26312582363797976,1
18,Male,White,60927.97903334543,440,0.4276306311503796,190382.7842025701,30,10.003659848167237,-1456.5609807968685,7,2,1,1,High School,0.3200288266008189,528.8410672293613,0.10415728385277914,1
74,Male,Black,42829.149448747805,834,0.2121862155587779,80041.72845735183,15,12.81704197646612,16330.961260171893,7,3,0,0,High School,0.5350852645763168,444.67626920751013,0.12459073549605906,1
71,Female,White,20996.736659265964,378,0.2776165160332701,220621.32268221164,15,29.092082468622877,19245.381148553184,1,1,1,1,Bachelor,0.09517093091455252,1225.6740149011757,0.7004940061637319,1
37,Male,Asian,45979.224562667296,793,0.5883252778292338,118072.27750866854,15,26.435604793075566,44247.07453081837,3,4,0,0,High School,0.38941591991643953,655.9570972703808,0.17119656197150832,1
45,Male,Hispanic,45282.57070932646,330,0.21202620601617503,244099.9944705157,15,13.905777272983261,11996.64419742184,0,1,0,0,Bachelor,0.18550828240512737,1356.1110803917538,0.35937299295928377,0
74,Female,White,70975.88879342482,815,0.3807645365272213,265896.78730153735,20,28.291890213327672,20815.29694105491,0,3,0,1,Master,0.2669302232408524,1107.9032804230724,0.18731486975487507,1
60,Male,White,56187.8088491964,808,0.3002269043408724,304036.0906171541,10,24.688646262193767,1567.974469196699,5,3,0,0,High School,0.18480637852941206,2533.634088476284,0.5411068643612046,1
54,Male,Hispanic,82246.23055807097,365,0.48415764896411084,253770.6650512417,30,27.032695849793843,27587.336100005956,6,4,1,1,Bachelor,0.3240966821025736,704.9185140312269,0.10284996784627261,1
64,Female,Asian,73949.7708007635,809,0.5336946359899436,208005.79625110727,30,20.48931703727763,34.57747830648077,4,3,1,0,Bachelor,0.355517837163972,577.793878475298,0.09375994633416757,0
54,Male,Hispanic,40870.087809918085,670,0.27041863717514836,332456.98181930394,30,25.72962130385985,-6672.324760627012,7,0,0,0,High School,0.12293346220694405,923.4916161647332,0.27114939036875557,1
29,Female,White,14097.41606760263,586,0.4301981818496913,344046.7739401277,15,26.75298424002977,-2633.881099043134,8,3,0,0,Bachelor,0.04097528922057533,1911.3709663340428,1.626996854318497,0
54,Female,Asian,77711.50467882962,475,0.3745238487588637,94729.28272971605,10,2.760497536220142,15742.717492835387,3,1,0,1,Bachelor,0.8203535637502716,789.4106894143005,0.1218986598203425,1
66,Male,White,77187.70446461489,422,0.2392222450277167,376207.780763397,10,28.956509299819757,16492.41176896176,0,2,0,0,Bachelor,0.20517306768080762,3135.064839694975,0.4873934046527601,0
66,Male,Hispanic,22675.76818195548,530,0.23597040140650086,322904.6158974032,30,10.0083929629219,37020.721675400826,5,1,0,1,High School,0.07022435439312602,896.9572663816756,0.4746691318332177,0
73,Male,Asian,80184.80039655001,303,0.369315823766152,114688.59965228212,30,13.196985287500663,42832.390360309,0,3,1,0,High School,0.6991523188848566,318.5794434785615,0.04767678291691828,1
61,Male,White,57642.34341185036,711,0.1770014367661499,12086.58256681895,15,23.75711277578446,42471.06254758467,1,0,0,0,High School,4.769118408216952,67.14768092677194,0.013978823958701325,1
73,Female,Asian,53213.70996251306,549,0.5054049482412357,320447.24099051603,30,19.94688916717493,37260.92656471085,3,1,0,0,PhD,0.1660607524596786,890.1312249736557,0.20072975004390056,0
45,Female,White,82295.66508494655,786,0.134502419600201,220624.56376274372,15,26.79179737308172,51131.43278807281,3,2,1,1,High School,0.37301225068232224,1225.6920209041318,0.17872513984384839,1
64,Male,Asian,76893.70346461229,644,0.14728724310415817,154465.5964755147,30,12.017212523303165,26830.41909605846,5,1,0,1,Bachelor,0.4978047229876278,429.07110132087416,0.06696066106661223,1
32,Female,White,63026.61903990408,632,0.2711131544636338,231392.6446629339,10,11.198644910284758,27049.08349723809,7,4,0,0,Bachelor,0.2723795267205403,1928.2720388577825,0.36713478874129696,0
23,Female,Asian,59464.34131623966,752,0.15904587909856668,318627.8271231893,10,0.9506654862395902,47405.434937084414,2,0,1,1,Bachelor,0.18662632781677696,2655.231892693244,0.5358300791203288,0
61,Female,White,62327.885810607186,457,0.3378500106277462,-3157.732431111828,10,13.881761300089742,3284.8356215817657,5,3,0,1,Bachelor,-19.738178319516997,-26.3144369259319,-0.005066323668842356,0
76,Male,Hispanic,41998.85132234948,569,0.2998379452209352,212618.31572535972,20,21.722123109873262,34097.44377180564,2,1,0,0,Master,0.19753167162042443,885.9096488556655,0.2531239653359471,0
78,Male,Black,48897.97100535358,717,0.4609048979428585,205740.3977019311,30,9.035361528786481,19292.54248533373,1,1,0,0,Master,0.23766830214936743,571.5011047275864,0.14025148928940606,0
37,Male,White,31953.656908109147,739,0.5765020776048602,349645.6059372569,20,13.881795410215243,39997.842282355516,3,1,1,0,High School,0.09138869862944354,1456.856691405237,0.5471136010234314,1
67,Female,White,43339.20448522162,328,0.47677929236956296,282853.2777123516,10,6.581933054558341,37726.82784883205,3,1,0,0,High School,0.15322150351496208,2357.11064760293,0.6526499068731239,0
31,Male,Hispanic,42667.32242662134,634,0.18972433144030218,281922.81477032567,30,23.18363417614382,17534.907117992425,1,2,0,0,PhD,0.15134398562734686,783.1189299175713,0.220248813952936,1
19,Male,White,37293.89260756671,537,0.5677606427322015,155614.30605030508,20,1.815346840234413,1928.3212609692564,2,4,0,1,Master,0.2396559388023798,648.3929418762712,0.20863242634362583,1
26,Male,Black,52734.93005296926,452,0.2960667162765336,266957.84305050847,10,21.16149165001495,40243.02861586804,8,4,0,0,Bachelor,0.19754029119493524,2224.6486920875705,0.5062258407897087,0
54,Male,White,43520.38298598846,414,0.3370946804634565,151485.5734571858,10,11.368200352349504,12903.019744558023,9,0,1,1,Master,0.2872906111966403,1262.3797788098816,0.34807959641797526,1
37,Male,Asian,60044.69440703948,698,0.31078811868531775,189125.96369760635,30,1.2478820816136238,21816.164022525256,8,0,0,1,Bachelor,0.3174851999857883,525.3498991600177,0.10499177074970881,1
43,Female,White,17553.587734124692,331,0.2402735116438595,257388.75295691603,30,25.604087618753574,3216.2812321799174,9,2,0,1,Bachelor,0.0681987364733958,714.9687582136556,0.4887676085661294,1
46,Male,White,47732.90411785401,831,0.547522143898742,208538.23104349905,15,14.631655895434955,14590.952747269737,6,4,0,0,Master,0.22889282161359364,1158.5457280194391,0.29125713159851846,0
18,Male,White,52631.03280354991,352,0.2661194329483081,231623.7251021202,30,17.97956908848387,35244.67340822133,1,0,1,0,Bachelor,0.22722643278595706,643.3992363947783,0.14669654812885566,1
72,Male,White,43787.41520326239,494,0.3892982348397732,331304.43869905255,10,21.960920745733706,25777.472979138514,4,3,0,1,Master,0.13216670255069424,2760.8703224921046,0.7566202233247342,0
52,Male,White,46552.146003815375,604,0.2200167921871651,163503.3918201851,15,19.65223299003566,8730.714756151443,7,4,0,0,Bachelor,0.2847166990579112,908.3521767788061,0.2341508836231159,1
23,Male,White,18295.079785402853,644,0.4986876873850902,96240.03044421028,15,21.92570612443835,-8181.317664556376,0,1,0,1,Master,0.19009844137578896,534.6668358011682,0.350695493262247,1
54,Male,Hispanic,57129.54209338984,381,0.48709932976459325,109323.7937082875,30,22.868450537335733,30322.86330730075,0,4,1,0,Bachelor,0.5225718954268144,303.67720474524305,0.06378707623782195,1
70,Male,Hispanic,62952.11965134141,300,0.24815606922352199,87552.35300465747,10,17.674545916938328,13771.160327805246,5,3,1,0,Master,0.7190225903807814,729.602941705479,0.1390776887093934,1
76,Male,Black,59870.74588407534,466,0.44077703657172684,360743.2550945298,20,10.969134927232702,22623.055283918857,6,1,0,1,Bachelor,0.16596497658254677,1503.0968962272077,0.30126838221877056,0
22,Male,White,70774.54118884366,616,0.45193676654747483,265424.0754783208,10,7.294264491490279,17946.97238491,6,4,0,0,Bachelor,0.2666470291411992,2211.8672956526734,0.3750276173039468,0
50,Male,Black,54030.59211565004,482,0.38125570805238307,307053.35735578864,10,27.087097099583616,13619.345475278704,2,1,0,1,Master,0.17596483093667578,2558.7779779649054,0.5682953773642806,0
66,Female,White,59573.62361301874,572,0.4002991911358351,289128.30354649166,30,29.09774533914661,29298.71082463803,9,1,0,1,High School,0.20604563054629943,803.1341765180324,0.16177646303372192,1
68,Female,Hispanic,53121.81476913705,672,0.3872273191453979,180159.70136154606,20,10.729882652946266,6974.363294525898,3,2,0,1,PhD,0.29485958495530434,750.6654223397752,0.16957223896106055,0
31,Male,White,63751.01439184988,661,0.14093220199742282,362988.7868592979,15,3.3693218721690066,22244.16514717094,8,3,0,0,Bachelor,0.17562805436345647,2016.604371440544,0.37959007692872465,1
29,Male,White,18455.407277357557,500,0.43513267235689246,130909.83046455935,20,6.676119813492938,26220.695925796856,9,2,0,0,Bachelor,0.14097800915229136,545.4576269356639,0.3546652438962133,0
59,Female,White,32128.380640439784,491,0.3348875049193456,401237.1447206125,30,20.12002037961569,40212.90786814476,3,4,1,1,Bachelor,0.08007329596269373,1114.5476242239235,0.41628526629980833,1
37,Male,Hispanic,81737.99314066183,640,0.31922864027070674,212371.22516160118,10,5.188001098749923,20782.567850025644,4,1,1,1,Bachelor,0.38488261805931734,1769.76020968001,0.2598194756214951,1
70,Female,White,791.2835580758983,598,0.5299996093909004,378868.96662497806,10,23.403668191829645,2121.7901767416624,5,4,0,0,Master,0.002088541495295251,3157.241388541484,47.88030318059986,0
67,Female,Black,47196.44140349312,805,0.11161335673055886,95089.606271172,20,27.690907196241408,30122.034997609546,6,4,0,0,Master,0.4963364899093236,396.20669279655,0.10073811016621922,1
41,Male,White,73445.49919216137,439,0.22565745897937758,156856.10210164436,20,28.909545452365414,6678.570904111342,4,2,0,1,Master,0.46823488667701263,653.5670920901848,0.10678401251739682,1
76,Male,Hispanic,48134.786689164706,605,0.16070174992137318,39710.82347360419,30,0.2797651792467204,9948.53450944263,6,4,0,1,Bachelor,1.2121326751423307,110.30784298223386,0.027499739935167807,1
60,Female,Asian,41899.77857098605,495,0.11767052230486288,304224.78330484,20,28.7446249486325,12501.955019907,1,3,0,1,Bachelor,0.13772638151245403,1267.6032637701667,0.3630386528050816,0
79,Male,White,52588.43353630601,360,0.23783849883797378,225321.90905531557,30,22.205832573888532,17228.4411325542,6,1,1,0,Master,0.23339245507366874,625.894191820321,0.14282095504249223,1
51,Male,White,42937.59639995107,659,0.5942381363973388,401661.2423460978,15,2.5215069679140676,39392.05368296099,4,0,1,1,Master,0.10690002388369155,2231.4513463672097,0.623635657361506,1
42,Male,Asian,50616.98985513878,606,0.2351145866037869,151601.6608136729,20,12.457214063361793,29779.33883457394,9,3,1,1,Master,0.3338814996054031,631.6735867236371,0.14975373016801577,1
67,Male,Black,36332.37926959741,779,0.4318529098978857,333708.3177556794,10,21.00136423738527,3499.796960503092,4,0,0,0,Master,0.10887465890555875,2780.902647963995,0.9184873781027695,1
46,Female,White,72173.48839911449,632,0.15914944502036074,207991.51045078805,20,28.700564779831478,42689.49352526599,5,0,1,0,Master,0.3470020879346955,866.6312935449502,0.14409135200768536,1
74,Female,Black,78465.29842131321,382,0.40092381502361496,190621.08116116512,10,4.924241808341777,35916.35936617008,8,2,1,0,Master,0.4116296998387753,1588.5090096763759,0.24293679498628842,0
56,Female,Black,47332.19355776755,633,0.5922407415691566,171061.68652329256,15,3.83199845780862,26248.90764221823,3,0,0,0,Master,0.2766966380360255,950.3427029071809,0.2409377545743319,1
48,Male,White,22270.211586175134,816,0.24591876173023267,115485.27472564937,15,14.170411597856356,-14761.17960660818,4,1,1,1,Master,0.1928402702342873,641.584859586941,0.34570925764453336,1
73,Male,Hispanic,39523.136593732095,773,0.5240378081877914,237424.79186332697,20,29.042966812154678,7338.787854025624,4,2,1,0,Bachelor,0.1664659207808572,989.2699660971957,0.3003617783475461,1
64,Male,White,46320.22679794072,693,0.5987856901832678,221139.173633919,30,29.141376457740314,20135.576626695143,2,3,1,0,Master,0.2094618788556239,614.2754823164416,0.1591379467970353,1
60,Male,White,60110.77753806416,679,0.39427704436037203,42731.7230727149,10,6.837442231587279,44831.39303264793,2,3,0,0,PhD,1.4067014670991855,356.09769227262416,0.07108828869441215,1
67,Male,Hispanic,29839.73553658644,320,0.2547005502140177,-51121.266848526546,15,9.58041443914372,39882.028548759365,0,3,0,0,High School,-0.5837049309635115,-284.0070380473697,-0.11421295783234375,0
40,Female,White,34616.753627156984,476,0.4367656299495781,168700.34178530454,20,27.240959569339633,5518.534929823732,3,4,1,0,High School,0.20519670120889136,702.9180907721022,0.2436686345610387,1
61,Female,White,60213.52275717615,662,0.5224241031343094,316199.52675814985,15,22.045244725561925,-5203.990886724932,8,2,0,1,High School,0.1904288832261011,1756.6640375452769,0.3500869486668764,0
55,Male,Black,68778.17664079115,321,0.18567512148098916,222207.1116667942,20,29.169492859728546,17263.794258243848,1,2,1,1,High School,0.3095228416628085,925.8629652783092,0.16153896666039777,1
37,Female,Hispanic,37568.11909658632,847,0.3262578819207267,69728.36932406943,10,26.79445089046663,22105.735085174405,9,2,0,1,PhD,0.5387781108430172,581.0697443672452,0.1856051647004212,1
40,Male,Hispanic,23335.65892098008,549,0.25959385506192045,22615.406626042415,20,6.4528815094123,1381.7759919203418,3,1,1,1,High School,1.031847859596222,94.2308609418434,0.04845675603723768,0
79,Male,Asian,115682.36402575768,372,0.24167949848118994,315479.63279335346,10,22.7918057823805,6936.397417324206,8,2,0,0,Master,0.3666872659939107,2628.996939944612,0.27271195177435104,0
62,Female,Hispanic,65666.08474177428,390,0.5304106303700863,34695.77849960746,15,1.4569569468034982,51742.15361116396,8,1,0,1,Master,1.892624624131642,192.75432499781923,0.03522445276080781,1
69,Male,White,44659.924764659365,475,0.3108270034109193,275934.02928021166,10,24.53498336224422,14389.66411848857,7,3,1,1,Master,0.1618500077034975,2299.4502440017636,0.6178560101349877,0
33,Female,White,67380.6255106168,425,0.2695381709019564,256904.19584181276,10,18.046702873338244,15487.608457887734,1,4,0,1,Bachelor,0.26227919435035624,2140.868298681773,0.38127309429820266,0
67,Female,Hispanic,47510.86740571156,503,0.4017552707130069,363466.1024246238,30,28.68302887909385,62394.58966769356,2,0,0,0,Bachelor,0.13071608903491747,1009.6280622906216,0.25500558943764895,1
59,Male,White,67343.13778200373,545,0.20970078981869064,137085.07449720384,15,28.80097366407235,14919.084288897498,5,4,1,1,Bachelor,0.4912506925279991,761.583747206688,0.13570803600010592,1
77,Female,Black,53187.863955524444,570,0.21494674528403948,293930.53306312894,10,1.524453270730658,4830.300141980255,1,4,0,0,High School,0.18095385804679576,2449.421108859408,0.5526270679132986,0
72,Male,Black,51825.43796335146,343,0.36014436543575234,339987.18787191005,30,4.815644566673035,9362.403091748802,2,4,0,0,High School,0.1524335028262202,944.4088551997502,0.21867458737948545,0
25,Male,White,47728.36263538423,847,0.30463636432309205,66287.38208987575,30,14.526211419560747,24373.73790811872,0,0,1,1,High School,0.7200218371977901,184.13161691632155,0.04629489219807741,1
67,Male,Asian,21052.373330738203,467,0.24749119196116223,213306.19653804944,10,26.384805748384476,12876.69487474056,3,1,0,1,Bachelor,0.09869555443028535,1777.5516378170787,1.0132168624741458,1
38,Male,Black,88761.89798786279,734,0.1269755661370511,195961.33602196403,20,24.43335426888169,18047.799759298476,5,3,0,1,High School,0.45295617895723084,816.5055667581835,0.11038595414485143,0
18,Female,White,31169.32159464513,329,0.3603871193192608,93622.0808549562,10,28.931100790553362,19355.651678328406,0,0,1,1,Bachelor,0.3329270329179516,780.1840071246351,0.3003661166338648,1
72,Male,Asian,22799.52847378811,656,0.5083046028005376,226430.98021301898,20,18.542523513340225,67217.99166986783,0,3,0,0,Master,0.10069085269312109,943.4624175542457,0.49656943667352477,1
25,Female,White,45742.80234487265,790,0.525688602643029,83100.86418312976,10,7.696905586848618,30689.685458873526,7,1,1,1,Bachelor,0.5504491775689484,692.5072015260813,0.18166981453519232,1
46,Male,White,30770.563729789865,547,0.21771998986304011,238216.2681360807,15,0.7531991851553199,5734.171032654045,6,3,0,0,Bachelor,0.12917070681424755,1323.4237118671151,0.5161128889891103,1
49,Male,Black,48965.74418879458,552,0.39982060197374414,417375.9407717909,30,6.687794721616468,17386.92843534297,6,1,0,1,Master,0.11731808042947936,1159.3776132549747,0.284127844670713,1
55,Female,Hispanic,63755.27697123538,681,0.5279406547314702,179576.6513935139,10,20.25819593860874,32045.51395540939,6,0,0,0,High School,0.3550309935979692,1496.472094945949,0.2816655497779955,1
22,Male,Hispanic,69906.05801058446,835,0.30436296413813235,190510.869530891,10,27.788244700290395,36242.79431265245,4,0,0,0,Master,0.3669399976112613,1587.5905794240919,0.27252412015857885,1
64,Male,Hispanic,66294.61443243363,718,0.5660684086537643,341650.8297550699,10,9.627110019247944,-4066.194755666693,3,3,1,1,High School,0.1940420120740241,2847.090247958916,0.5153523143320711,0
39,Male,Hispanic,43887.3589042864,422,0.5514892645647764,325948.7925425993,20,26.271129908678862,-1256.6736059911818,6,3,0,0,Bachelor,0.1346449500915105,1358.1199689274972,0.3713470127622154,1
64,Male,White,50991.83655323172,593,0.2040669487094047,138235.4641122134,15,11.846947450234694,27049.49344135433,2,4,0,0,Bachelor,0.3688766618661533,767.9748006234078,0.18072888192329342,0
51,Male,Hispanic,58157.58101794982,442,0.2294824164501019,268821.55675004504,15,9.24813748105651,10433.881299842262,8,4,1,0,High School,0.21634269855830704,1493.4530930558058,0.3081530696941879,0
18,Female,Hispanic,14844.251521158549,810,0.19022099932298445,-95262.9617510243,10,15.265327284174543,8326.858020201535,1,3,1,0,High School,-0.15582395558889853,-793.8580145918692,-0.641749849194076,1
72,Male,White,61411.69400239719,356,0.19802717572735115,99588.16794875648,30,13.268204772288456,22806.185248034963,0,4,1,1,PhD,0.6166565292575403,276.6337998576569,0.05405494266551747,0
72,Male,White,20854.01424832337,341,0.553931043586749,306988.13046722213,30,27.413996055510545,31861.423140755993,7,3,0,0,Bachelor,0.06793101158857347,852.7448068533948,0.49069390479885433,0
43,Female,Asian,90806.93197812978,420,0.5655689545963115,148977.5084100513,10,14.047708422243796,16416.05328158178,5,2,0,1,Bachelor,0.6095345058946037,1241.4792367504274,0.16405962096146084,0
60,Male,Hispanic,41909.698307166094,642,0.12594862059256548,179966.8123396986,20,8.320061616692264,-9145.808621300162,3,4,0,0,Master,0.23287459372264105,749.8617180820776,0.2147078356669133,1
27,Female,Hispanic,46302.49645610817,631,0.39680167783610243,107567.95629892912,30,25.276967325057107,12071.39476448118,9,3,0,1,Master,0.43044878836811307,298.79987860813645,0.0774385576962693,0
47,Male,Hispanic,34605.85801524289,755,0.3821157814287858,91527.37627084502,15,29.962485349787002,2593.9209562965807,8,2,0,1,High School,0.3780929752955912,508.4854237269168,0.176323473385209,1
67,Male,Black,37400.599362886205,736,0.29527382336222996,-49618.00219763664,30,19.445142575439718,28425.872863170865,4,4,0,0,Master,-0.7537707627548865,-137.827783882324,-0.04422210966568462,1
35,Female,Black,95481.8713828648,640,0.4158487964115535,163684.9526064432,30,7.513841068090759,50757.454859394005,0,0,1,0,PhD,0.5833271162831758,454.68042390678664,0.05714346616650629,0
34,Male,Black,68807.39377246595,640,0.5736839127554251,246561.0344028402,10,7.1644523103953786,24318.782762000334,0,3,0,0,Bachelor,0.27906840161956,2054.675286690335,0.35833508709568995,1
43,Female,White,19015.951097043235,715,0.1851274413610731,224685.03026551334,30,1.7312008864577944,26615.20178299909,6,0,0,1,Bachelor,0.0846338141645299,624.1250840708703,0.39385361114096346,0
25,Male,Hispanic,80084.25801370459,481,0.16020545485822782,116798.39253596209,10,2.318791155422546,32195.012247674822,0,4,1,1,Master,0.6856623304044765,973.3199377996841,0.14584438369395233,0
64,Male,Black,73864.84550282863,563,0.11669528541448784,57100.82624872311,15,27.449492855482873,40220.693657216936,5,2,0,0,Bachelor,1.2935862815904593,317.22681249290616,0.05153631235536933,1
57,Male,Black,44375.75075423423,509,0.2819166539200717,162612.33339567424,30,2.8946132114865164,11272.171141614494,6,3,1,0,PhD,0.27289289703664443,451.7009260990951,0.12214804304289859,0
66,Male,Black,56133.938840596755,822,0.26881423853893305,67103.16435497979,10,14.530315448303364,19205.933587720257,9,2,1,1,High School,0.8365319188771014,559.1930362914983,0.11954116482994769,0
29,Female,White,49701.118411578514,481,0.31540984407932193,123242.93521138589,10,20.943653390795347,34226.95905684698,4,0,0,0,Master,0.4032776266349979,1027.0244600948824,0.24796813260981843,1
44,Male,White,89451.59808893866,743,0.3516550154404745,212910.5740422287,15,25.510643483208092,5874.535608735834,2,3,0,0,Bachelor,0.420136944777561,1182.836522456826,0.15867842020406686,1
25,Female,White,34074.19622015819,550,0.47891199701522735,112849.36409199593,30,5.138128507611819,-2635.5136657206785,2,0,0,1,Bachelor,0.30194406937358165,313.4704558110998,0.11039572130854312,1
42,Female,White,52920.21219551454,437,0.2960566952287592,328631.4869098167,20,13.133360373760706,13024.048569298642,1,0,1,1,Master,0.16103208092789037,1369.2978621242362,0.31049713642084675,1
63,Male,White,41437.09338014391,517,0.2653065546806168,95418.36814165312,30,7.544405850413325,38845.88613508754,0,2,0,0,PhD,0.43426747058416015,265.0510226157031,0.07675761043878004,1
21,Male,Asian,21339.191907642915,753,0.5134394101298134,139521.92139682284,10,7.674692698998049,22107.5730844285,7,4,0,0,High School,0.15294508342492513,1162.682678306857,0.653829451465082,0
50,Female,White,93832.76510109974,386,0.5248983353268282,284973.0995622119,10,9.115179224600276,13006.17375335885,8,0,0,1,PhD,0.3292688511485811,2374.7758296850993,0.30370318859853357,1
18,Female,White,26368.668417951754,592,0.2163829821466766,269042.44156423246,15,17.61348643255402,35236.02252538249,1,0,0,0,High School,0.09800932620385983,1494.6802309124025,0.6802073766735188,0
36,Male,Black,54402.58374975552,391,0.25733591135565415,251662.00467943915,15,0.49732415056764623,28302.20776799442,3,1,1,1,High School,0.21617321144307097,1398.1222482191065,0.30839467213181165,1
48,Male,Black,15185.987872393292,507,0.5125581854550442,136195.18306568195,20,12.262988589465838,8345.701474239244,2,2,1,1,High School,0.11150165175129319,567.4799294403415,0.4484238503616616,0
33,Male,White,42018.589215138134,503,0.13970412214888242,258412.8321459197,20,5.604904056983777,17152.542817600417,3,0,0,0,PhD,0.16260256453290686,1076.720133941332,0.30749822515795067,1
31,Female,Hispanic,58439.37642866915,485,0.2629233901953689,279206.45499261084,10,29.013555255379046,4637.796129274355,3,1,0,1,Master,0.20930524844139345,2326.7204582717573,0.47777110581152255,0
70,Male,Hispanic,33505.32040995275,384,0.32417505352043063,244169.10823860296,20,17.48187477750931,22150.786011274646,7,2,0,1,High School,0.13722178309801267,1017.3712843275123,0.3643736356660427,1
65,Female,White,61736.0370147131,455,0.19353580760028552,196763.6890091631,20,26.04286406490968,29545.049394978494,2,3,1,0,Bachelor,0.31375726550765226,819.8487042048462,0.15935885952824427,0
22,Male,White,44619.17816223835,592,0.1899570983053491,257709.39079373298,20,5.870699603088361,-16870.39579249455,2,4,0,0,High School,0.17313757183940154,1073.7891283072208,0.2887876933285103,1
58,Male,Asian,73201.65024797225,832,0.31243102900676434,192422.51059080393,30,24.300470979713634,4697.3886457191165,5,2,1,0,Master,0.3804214487339229,534.5069738633442,0.0876221186903885,1
43,Male,Hispanic,77235.21826680447,460,0.4772608623674278,240392.81692028977,30,12.443473839157,45178.9361381493,2,0,0,0,Bachelor,0.3212875461766163,667.7578247785827,0.1037492231803144,1
79,Male,Black,38265.104785399766,685,0.5201164897738138,207461.39730316738,10,5.330840665482073,14966.842309801192,4,1,0,0,High School,0.1844444570547369,1728.8449775263948,0.5421686376312376,0
45,Male,White,51534.657187859135,784,0.5896175462680867,48931.124914715794,30,22.837356071646983,44880.67439752031,3,1,0,0,Master,1.0532081017487571,135.9197914297661,0.03164933243296015,1
19,Male,White,53669.084529444655,802,0.13699202504585953,141627.4341666085,20,22.86033292845843,874.1054751228621,3,3,0,0,Bachelor,0.3789455400731832,590.1143090275353,0.13194508105397895,1
67,Male,Black,62386.98590869397,455,0.20834110057299635,408046.0771438469,20,29.87663720592183,12023.092349019931,1,1,1,0,Master,0.1528920124545173,1700.191988099362,0.32702820243715564,1
23,Male,White,50287.63992488531,442,0.47831492119209884,6259.532430530089,20,23.428117853944922,23264.833427335932,8,0,0,1,Bachelor,8.03376937223196,26.081385127208705,0.006223728574138654,1
26,Male,White,53804.21918685685,583,0.3702993530278309,355223.6693914343,30,4.358017437813836,15221.15859404633,4,2,1,0,Bachelor,0.1514657491124781,986.7324149762063,0.22007175568504325,1
50,Female,Black,45131.87050409761,334,0.2638398869812091,262552.92437004566,15,9.676342253571846,38981.7636057904,4,3,1,1,Bachelor,0.17189627810234612,1458.6273576113647,0.38783077448002506,1
58,Male,White,52304.79733944037,523,0.20279483062362177,203422.3319690266,20,13.55180751873438,18224.754506245088,6,4,1,0,High School,0.25712416544022504,847.5930498709441,0.194458579629785,1
42,Male,Hispanic,75958.80387070266,692,0.24023877582122402,31958.728836836206,20,3.7995841712938527,30681.300362348426,2,4,0,0,Bachelor,2.3767780082401515,133.1613701534842,0.021036882631298714,1
65,Male,Hispanic,62921.66482423709,707,0.314644475150476,199885.0445660122,15,23.64116923343442,3619.7017773488114,5,0,0,0,Master,0.3147892577999109,1110.4724698111788,0.21178189857114477,1
30,Female,White,64025.11278886738,687,0.18857560975301638,125367.68590295369,15,15.800956137377595,23965.967536923814,0,3,0,1,Master,0.5106986886431708,696.4871439052982,0.13054011719471476,0
26,Male,Hispanic,64461.406482711565,596,0.5821129779383754,318897.85216677363,10,28.333487072872604,15293.239977107658,4,3,1,1,Master,0.20213810172982996,2657.4821013897804,0.4947112847317433,1
70,Female,White,46923.82444237929,622,0.1537942222999372,133330.10128565133,10,17.67924433577461,4978.1450226749075,4,0,0,1,Bachelor,0.35193721440177983,1111.0841773804277,0.2841415909084216,1
30,Female,Hispanic,56376.54087159061,787,0.5927887172446096,172417.23020960705,30,15.686972512147616,26998.336529578217,8,3,0,1,PhD,0.3269774186898481,478.9367505822418,0.10194383901767666,0
48,Female,White,28296.526433285107,338,0.5209466430003363,224618.02338383123,15,2.14275458798593,40432.75981474627,4,1,1,0,Bachelor,0.12597620621445638,1247.8779076879512,0.5292004630872614,0
58,Male,White,75376.15312633914,804,0.3115758087568695,135547.16893643184,10,4.480377148337333,11071.116191456791,7,1,0,1,Bachelor,0.5560879929678842,1129.559741136932,0.17982765545123952,1
28,Female,Black,-5659.208646864412,802,0.4699081671941051,295859.03186942276,20,25.485782302924534,26341.65888051786,2,0,0,1,High School,-0.019128057747995676,1232.7459661225948,-2.613961158980672,1
21,Male,White,48257.0321532915,836,0.435757621848193,170410.98784060084,10,29.720279334774247,16773.565175522042,5,0,0,1,Master,0.28318028529023137,1420.0915653383404,0.35313192758990986,1
51,Male,Asian,72817.91954300548,615,0.20664345897446548,11916.119901956437,20,12.455374076948084,21607.418713113235,1,1,1,1,Bachelor,6.1108750282925515,49.65049959148516,0.008182134271852484,1
78,Female,White,22722.64132741317,795,0.2695350430594732,215076.66641911812,20,24.30258251174787,32597.918398688762,8,2,0,0,Bachelor,0.10564903067231732,896.1527767463255,0.4732651088402389,1
55,Male,White,57995.59835233702,416,0.3565612814027289,280737.4143816311,20,18.827572989919553,41626.76087894103,5,0,1,1,High School,0.20658307507776108,1169.7392265901296,0.24203338042663572,1
63,Female,Black,36384.67106841946,641,0.4189220899438635,343803.0886920464,30,28.77177821015141,38628.15973424042,4,1,0,1,High School,0.10582997147244998,955.008579700129,0.314970635157081,1
21,Male,White,42623.93469622263,539,0.37144749067831073,255266.8967022764,15,7.144117063322798,8756.335778662044,8,2,1,1,High School,0.16697791702280884,1418.1494261237578,0.39925439157059395,1
55,Female,White,68918.81921278876,744,0.33649373050323694,315313.4878679183,30,16.345072290238292,-164.2973159132489,0,2,0,1,Bachelor,0.21857237912276742,875.8707996331063,0.15250478339081772,1
36,Male,Black,53961.138517703,786,0.3215761367274501,249070.53801601205,10,12.263874550277867,-10170.976729600116,2,1,0,0,High School,0.21665002592251192,2075.5878168001004,0.4615739120002066,1
23,Male,Hispanic,9312.882642312747,710,0.349132249647509,104058.32211128023,10,16.251479278290457,29495.33594742962,1,1,1,1,Master,0.08949675963786469,867.1526842606686,1.1173588899155134,1
51,Male,Hispanic,30471.48920536803,597,0.3171757599229852,121876.57045447978,15,8.065742502565655,12105.58486580798,8,3,0,1,Master,0.2500192538380374,677.0920580804432,0.26664613082100214,1
35,Female,Asian,69506.7146977752,351,0.37066503877285795,-29876.429842855025,15,14.93238488147232,35934.79377663108,5,2,0,0,Master,-2.326473245410137,-165.98016579363903,-0.028655677342600997,1
30,Male,White,58978.85436385995,603,0.5439926495233334,178314.53084089363,10,18.744124401742955,4480.044949272835,5,4,0,1,Bachelor,0.3307574210902956,1485.9544236741135,0.30233637591671864,0
58,Male,Hispanic,84962.71145048569,587,0.4164146565273058,265281.9891180337,15,2.4364765199847627,26693.010489412278,4,3,0,0,Bachelor,0.3202731995977407,1473.7888284335206,0.20815562073379604,0
40,Male,White,83652.95188026594,417,0.46131043749427003,42218.27209604776,15,22.289617644228695,-6553.810156762836,3,3,0,0,Master,1.9814394982805814,234.54595608915423,0.0336455726881984,1
36,Female,Black,43155.097397064164,723,0.3987415668653883,329397.3874505961,20,21.19568889481252,27569.500826594114,3,2,0,0,Bachelor,0.13101226373125585,1372.4891143774837,0.38164366125727356,1
62,Male,White,100064.75610138976,508,0.42150884120700116,189720.75002626382,30,26.413728043544555,25869.492715080236,1,2,0,1,High School,0.5274317969306858,527.0020834062884,0.06319932459004543,1
28,Male,Asian,50489.59339703822,426,0.3891749142240901,110361.95489977619,30,12.775696554297767,3507.0515410419284,6,2,0,0,Bachelor,0.45749093012070785,306.56098583271165,0.07286118945470332,0
18,Male,Hispanic,30746.62931181949,592,0.1134332610979116,41706.528879410034,30,1.850073978441532,22883.62814184305,5,0,0,1,Bachelor,0.7372138161082664,115.85146910947232,0.04521528572171799,1
41,Male,Asian,37327.202681788454,818,0.5997991911000099,366105.3976034506,20,13.843833870650608,51040.15918031246,2,1,1,0,Bachelor,0.1019575317002555,1525.439156681044,0.4904002594628789,1
79,Male,Hispanic,4865.497894211621,521,0.11680462010644835,318209.7038550029,20,4.128275161858843,30320.279119850922,6,1,1,0,High School,0.015290224764574306,1325.873766062512,3.270063113515784,0
71,Male,Asian,82140.38016498562,376,0.2975740041168269,159659.22379304902,15,19.423404405654534,64327.40801023271,8,1,0,0,Master,0.5144731272867538,886.9956877391612,0.1295824079641548,1
24,Female,Hispanic,81895.23978087728,637,0.15255783914946672,292900.90285976836,15,1.413945723939175,22298.21477955806,9,2,0,0,Master,0.2796005030414198,1627.2272381098242,0.23843543177313495,1
42,Male,White,29689.85122373358,574,0.14846422522046623,179044.32023070427,20,11.219892186830855,28672.122853861372,0,3,0,0,High School,0.16582403276170543,746.0180009612678,0.3015244483400765,1
38,Male,White,45442.31423236188,416,0.4967634758372418,139556.74388419307,20,2.4852869546248613,12857.253637557838,9,2,1,0,Bachelor,0.32561890574109986,581.4864328508045,0.1535537375700018,1
32,Male,White,51912.15088225155,591,0.3129628896790385,134675.47763033485,10,0.10099302214809924,23694.393797217585,7,2,0,0,Master,0.38546104900212846,1122.295646919457,0.2594295850615189,1
18,Female,White,30792.938957157727,570,0.5005693541493824,176785.8146771884,20,28.816716717047754,5358.154696329842,1,3,0,1,High School,0.17418218205677732,736.6075611549517,0.28705576775758695,0
29,Female,Black,14897.95937457677,746,0.23639323534041576,160144.4778348735,20,29.883820440788405,33583.30001062095,0,4,0,1,High School,0.09302824284667623,667.2686576453063,0.5374711858462932,0
75,Female,Black,45792.84792446176,456,0.2282313959031174,206146.63379218563,30,16.66508854595439,7916.431118547593,8,0,0,0,Bachelor,0.2221372577474395,572.6295383116268,0.15005737295646235,0
24,Male,Black,43578.41141081506,483,0.22561569090723108,360834.61057286145,10,7.168675498364517,44993.27609310216,1,4,0,0,Master,0.1207711514747156,3006.9550881071787,0.8280123090565696,0
32,Male,Asian,42231.7751802245,723,0.4080728132039596,427833.6899957568,30,27.332971104259723,-192.35234594549547,6,2,0,0,Master,0.09871072841562184,1188.42691665488,0.33768703633695446,1
38,Male,Asian,54454.32125201929,315,0.5074996949228,79743.68639723732,30,27.691097912283198,15427.736348428723,6,1,0,1,High School,0.6828668664846905,221.5102399923259,0.04881380979125401,0
36,Male,White,78590.39317051985,397,0.3261305050376203,245946.12998204093,10,25.635266735121178,16266.51658851039,0,1,0,1,Bachelor,0.3195431177398829,2049.5510831836746,0.3129468120211646,1
77,Male,White,43938.145606165475,599,0.2896244453205412,220963.00839182863,10,16.331099537021462,3230.0316900365215,9,3,0,1,Bachelor,0.19884842230356933,1841.3584032652386,0.5028956168801596,0
46,Female,White,53408.85997442726,721,0.5867897771008247,253046.74904525987,10,2.241064826880823,23519.44080020028,0,2,0,0,Bachelor,0.21106321332298392,2108.722908710499,0.4737917064068048,1
42,Female,White,64537.410474898716,606,0.1583770180058194,154981.95772683003,15,2.653167826103935,11998.469845707747,6,3,0,0,Bachelor,0.4164188620500706,861.0108762601668,0.16009521359925954,1
50,Female,Hispanic,61082.858530254976,573,0.34331634102244624,254410.76535168715,10,26.898593631379654,41064.0033243816,5,3,0,1,Bachelor,0.240095415953867,2120.0897112640596,0.4165010798007674,0
66,Male,Black,37711.52951104316,560,0.30424387659071717,62031.7740873826,30,26.27480542371688,7817.147665364742,3,0,0,0,High School,0.607938916238634,172.31048357606278,0.05483007000040282,0
49,Female,Black,51927.54246228072,538,0.1490632982934452,538224.2876235164,10,13.031917475436531,26315.069736478465,2,3,1,0,High School,0.09647937422438212,4485.202396862636,1.036490968187977,0
66,Male,Hispanic,60950.79640338107,631,0.2341001810441096,229060.9169461404,15,9.84463858429276,18710.14025888693,4,2,0,0,High School,0.2660898996475796,1272.56064970078,0.2505418911238748,0
52,Male,Hispanic,27432.973249784445,414,0.11422060628955602,273002.9531206208,30,19.323717604323065,16800.032703143268,4,0,1,1,Master,0.10048599451473239,758.3415364461689,0.3317211865624347,0
61,Female,White,75270.78021593016,567,0.5384771444914785,88174.38553503978,10,24.209638447665746,21372.18445848254,2,1,0,0,High School,0.8536581203167917,734.7865461253315,0.1171429142651277,1
55,Male,Hispanic,78631.77810428222,311,0.40392476449520054,130485.18299729344,10,21.95054826155463,30623.565180086604,5,0,0,1,High School,0.6026107815315186,1087.3765249774453,0.16594459154191166,0
43,Male,White,35544.394891110125,372,0.5075092489351254,53141.77835111119,30,18.46808814152119,-8309.7533728612,2,2,1,0,PhD,0.6688597181725081,147.61605097530887,0.04983606042894664,1
28,Male,White,53873.400366963375,705,0.3607772262014949,345628.5288912995,30,6.945331333344942,20714.40876385718,3,4,1,0,High School,0.15587081465693073,960.0792469202764,0.21385230716025633,1
52,Female,White,62845.565133420634,477,0.39975491471094715,89030.19981510169,10,7.875146076621454,7613.236613633606,2,0,0,0,High School,0.7058904199242345,741.9183317925141,0.14166504768648555,1
25,Female,White,39087.71687342494,558,0.45042723890458247,181115.554499663,15,21.72202444193105,8752.815609041265,5,4,0,0,Bachelor,0.21581645475677613,1006.1975249981278,0.3089044657961767,0
63,Male,White,59632.27691376189,699,0.5540058137321074,185555.91639216195,30,24.078595573530933,23653.91728897192,8,0,0,0,High School,0.3213709272828167,515.4331010893387,0.10372230498622215,1
31,Female,White,53265.11252584331,569,0.14587594391292288,247320.27780727617,20,3.4840556429876965,36500.22607796876,2,0,1,0,Bachelor,0.21536896609565528,1030.5011575303174,0.23215972526790463,1
27,Male,Black,20641.636447223984,785,0.2654741973678635,70757.96556377885,10,5.618911431339182,43266.93353932565,0,3,1,0,Bachelor,0.29172173454617356,589.6497130314905,0.34279242222239037,0
19,Male,Hispanic,59183.226319571164,358,0.4545130953500003,285961.2939379834,30,20.414107865321142,11272.693936674208,6,4,1,1,High School,0.20696236719507313,794.3369276055095,0.16105987665822782,1
63,Female,White,27997.151674579283,565,0.5791752815006964,324498.11128143873,30,11.669597624142034,-22730.449475417037,4,4,0,0,PhD,0.08627831935298146,901.3836424484409,0.3863465767913276,0
26,Female,White,68784.05703324094,374,0.5904037142450027,133995.0509494628,10,16.89878601813092,21053.075872795387,3,0,1,1,Bachelor,0.5133328174872916,1116.6254245788566,0.1948053905641356,1
20,Female,Hispanic,36575.77849732222,389,0.41905150456863116,196340.85748662162,10,18.444448579669086,-7272.01811783771,2,2,0,0,Bachelor,0.18628714861253187,1636.1738123885136,0.5368056827580474,0
38,Male,White,46774.2913267771,804,0.19679923887743364,262654.52686801465,10,23.28610401801996,26619.59713029115,6,2,0,0,Master,0.1780829437228068,2188.7877239001223,0.5615360904840724,1
43,Female,Asian,77445.5782689315,656,0.15960445570697837,225557.2805037201,15,24.171508521507224,6512.774756511961,1,4,1,1,PhD,0.3433521546987005,1253.096002798445,0.1941641132998516,0
25,Female,Black,59927.6329305769,453,0.5730218221402127,100028.05177900608,20,8.402887357843694,25135.203218383514,3,3,1,0,Bachelor,0.5991082687782042,416.783549079192,0.08345736923639506,0
65,Female,White,28410.521608509094,517,0.3169638447312537,270126.39250384475,30,16.238901867665138,7199.584293054337,1,3,0,0,PhD,0.10517491958178327,750.3510902884576,0.31693233962887485,0
19,Male,White,29701.668584018327,785,0.19740801663134241,351269.425809294,10,3.705718158656408,2535.2088849442116,9,2,0,0,Master,0.08455523424957434,2927.2452150774498,1.1826588961345512,0
23,Female,White,38013.94422752549,839,0.5669462578888006,350955.16743053915,10,25.26045506092646,2903.834587965681,7,3,0,1,Bachelor,0.1083156703627941,2924.6263952544928,0.9232274486697863,0
45,Male,White,57892.88166713332,429,0.15226213578215594,257527.49333622717,15,25.36343814999587,25955.08435467813,2,0,1,1,Bachelor,0.2248027226807529,1430.7082963123732,0.29655631333852395,1
70,Male,White,57165.996298655366,365,0.4647855484285376,276597.29081545613,20,8.985171569983693,172.55431077822868,4,0,0,1,Bachelor,0.20667590824957188,1152.4887117310673,0.24192466564425305,1
46,Male,Black,33137.953906742616,443,0.41263151377166707,161081.1918883972,30,4.818606222661276,28189.106588009643,3,4,0,0,Bachelor,0.20572205555631703,447.4477552455478,0.16203091711869577,1
43,Male,White,26655.81028771282,679,0.14386733219044592,108276.20841679107,20,2.1027533460079972,46658.646205454075,4,1,0,0,Bachelor,0.24618344766105732,451.1508684032961,0.20310057591215253,0
42,Male,Black,55631.668101716685,612,0.26937439781972106,193129.2433295438,20,17.249293257347578,45065.649838314275,3,2,0,0,Bachelor,0.288054088250065,804.7051805397658,0.1735785119515266,0
29,Female,Black,46362.798684196765,706,0.17496534477000533,426443.61479458876,10,2.7428430119963942,-3947.0642144471385,7,2,0,1,Master,0.10871964563598636,3553.6967899549063,0.9197969641551136,0
22,Male,White,93144.31774895475,706,0.4022492962665807,146900.31504413876,10,20.417845338617997,-208.05453998383382,5,1,0,1,High School,0.6340647923114932,1224.1692920344897,0.15771258901704419,1
51,Female,White,50732.07313126158,576,0.3385565158387144,243441.31504341494,10,20.34379203102439,27218.427493955838,0,3,1,0,Master,0.20839549409357283,2028.6776253617911,0.47985682432796956,1
65,Male,White,86285.0565540055,708,0.10213756233024548,237776.2580201149,15,18.419622213948738,3975.946319687904,4,0,0,1,High School,0.3628833983362045,1320.9792112228606,0.18371374103177154,1
54,Male,White,26592.3280379132,613,0.587855283141954,162568.00807457813,15,26.296815055892832,29281.71853449739,0,0,0,1,High School,0.16357663695869337,903.155600414323,0.4075561639251786,1
32,Male,Hispanic,18535.741208765856,848,0.27479232494477024,348362.5743665333,15,11.348420781873953,-5654.328606446004,2,2,0,1,Master,0.05320818759727985,1935.3476353696294,1.2529400018517987,1
61,Male,White,27598.29734948931,548,0.229102196418525,358881.041380745,10,27.068087478737326,18926.82405992009,5,2,0,1,High School,0.07690096206617293,2990.6753448395416,1.3003738485605738,1
53,Male,Hispanic,73782.59562906933,760,0.21122147789705134,466705.72308304545,10,1.1077610653839254,34161.68254779983,8,3,0,0,Master,0.15809233094821185,3889.2143590253786,0.63254175202691,1
32,Male,White,85122.03179387067,698,0.17940794808678392,120159.4342579043,10,3.3827096376422263,-3279.9600420243114,2,3,0,1,Master,0.7084090593433465,1001.3286188158692,0.14116137940513368,1
60,Male,White,34356.410920947324,750,0.599568538108255,240709.7229598012,20,12.366166875553299,18246.307981563594,3,2,1,0,High School,0.14272963509116282,1002.9571789991717,0.35031267310439423,1
65,Male,Black,40788.67940480885,770,0.24755473394080243,208855.88620767798,15,17.819790560657204,18044.695486607387,9,3,0,1,High School,0.1952958096869255,1160.3104789315444,0.3413625042623216,0
40,Male,Hispanic,26620.381795750007,733,0.30275674861214086,131358.64103557187,15,0.971269099180968,29096.387082473007,0,1,0,0,High School,0.20265421129426284,729.7702279753993,0.32896758592331315,1
23,Male,White,13767.203057632258,745,0.5356779580890445,133381.27157296136,20,17.023034142727923,9967.31393564156,9,0,1,1,Master,0.10321691265404838,555.7552982206723,0.48441673669880786,0
63,Male,White,64368.233955532596,402,0.42094375177143906,216682.55714642955,30,9.221949494490943,-1420.6632909461805,1,2,0,1,Master,0.2970623699628664,601.8959920734154,0.11220988150569218,0
67,Female,Black,54460.406059243265,627,0.2843472058726363,153307.30740160786,20,26.614404234354875,-17863.978930104626,6,1,0,1,Bachelor,0.3552368571484812,638.7804475066994,0.14075116079270203,1
61,Female,White,50209.75965347751,545,0.5491642179619265,102034.41972810857,20,15.998537750061926,39878.15168757314,7,1,0,0,High School,0.4920864918649178,425.1434155337857,0.10160815390503637,1
76,Female,White,21998.8692567324,357,0.47486210110680005,212358.35956091783,10,17.636817246523012,32522.857168745915,0,4,1,1,High School,0.10359313992732992,1769.6529963409819,0.9653148854272543,0
60,Male,Black,82799.13363657321,404,0.21395025377084984,89372.48733946013,30,28.3686543334465,19634.22307715164,8,2,0,1,High School,0.926449918777357,248.25690927627815,0.035979638680657,1
62,Female,White,39932.86523901054,368,0.42186949729996026,153364.44217143315,20,22.925130799637806,19232.765630290756,5,4,1,1,PhD,0.2603789031773934,639.0185090476382,0.19202784630341396,0
38,Female,Black,60672.52849632951,601,0.5611992491462008,236176.11077617176,30,13.14819798440297,26378.202203924076,0,1,1,1,High School,0.2568952816478121,656.0447521560327,0.1297545564851258,0
40,Female,Black,20908.77189510551,452,0.34823043922520625,186490.54004166875,30,14.30638844868058,34488.01465344566,3,2,0,0,High School,0.11211706443894544,518.0292778935243,0.29730829557605265,1
60,Male,Hispanic,46189.49620759925,836,0.4668062014158336,174257.94223107258,10,19.437716056781966,-10257.658738682061,3,4,0,1,Master,0.2650639369214532,1452.1495185922715,0.3772674667155237,0
72,Female,Hispanic,55827.48912477168,334,0.5855518719945796,380885.65317228076,30,6.005976499515393,-6698.550465107946,6,0,0,0,Bachelor,0.14657283271186905,1058.0157032563354,0.22741822421389346,0
33,Female,Black,56541.50436106615,314,0.44520707044760643,340262.29533274367,10,2.659525214823679,-8887.873643818119,0,2,0,0,Bachelor,0.16617034898261066,2835.519127772864,0.6017920803094947,0
64,Male,Black,53092.9708647325,405,0.1512193448830403,208245.70298975846,15,9.337095478368552,14810.519221994418,9,4,0,1,Bachelor,0.25495350013221457,1156.9205721653248,0.26148559102775387,0
70,Female,Hispanic,59890.44984097545,373,0.22227977546564467,98568.28190207883,20,23.35148393808691,22729.03743861065,8,3,0,1,Master,0.6076036701184739,410.70117459199514,0.08229048384492266,0
77,Male,White,27389.590879340776,584,0.3975482186713245,281075.93597556703,10,7.719713963098531,35188.010240948366,0,2,1,0,Bachelor,0.09744552049351411,2342.2994664630587,1.0262144374984987,1
32,Male,White,53947.4521087932,849,0.23777790768595305,452617.94491448643,10,3.922776010077591,-23662.541153804443,9,3,1,1,Bachelor,0.1191898216032631,3771.8162076207204,0.8389978158777803,0
42,Male,Hispanic,52275.15366960555,496,0.57877085269457,336499.2368350201,20,6.570677953867808,-66.35784099166631,2,2,0,0,High School,0.15534999176011555,1402.0801534792506,0.3218538954106142,0
53,Female,Black,54633.453683901214,579,0.30267601701108693,69987.91127099702,10,20.36918736017119,21959.952087052607,0,4,1,0,Master,0.7806127185644602,583.2325939249752,0.1281044974310681,1
28,Male,White,51446.904346383635,452,0.3286152028661825,180235.9011061445,30,18.418441700805566,23819.152415382865,0,4,0,1,High School,0.28544204584460414,500.6552808504014,0.11677793730318253,0
68,Male,Hispanic,24535.74452173205,590,0.4508010467350586,126701.66567406271,10,20.649449918893087,17004.990099704373,3,2,0,0,Bachelor,0.19364973926112164,1055.8472139505225,0.5163962542968248,0
32,Male,White,23644.004957820525,441,0.36212486567093705,107392.7972309522,10,9.658743680411462,3122.5322342263134,1,1,0,0,Bachelor,0.22016378721352434,894.9399769246016,0.454207302961298,1
21,Male,Hispanic,5714.636282308973,611,0.29107298344438415,313504.4377775029,30,27.02568380799815,9505.008234999212,8,4,0,0,Bachelor,0.018228246856156802,870.8456604930636,1.8286636996072179,0
38,Male,Hispanic,66350.69019690595,331,0.13831893757728939,311396.5821630916,20,13.553110719844362,17945.244307898298,0,2,1,1,Bachelor,0.21307456149969972,1297.4857590128815,0.23465964049429927,1
30,Female,Asian,66553.15019470398,325,0.39822279475393196,377544.19096780155,10,15.411390957808308,-5751.350293305215,2,2,1,0,Bachelor,0.17627910000177938,3146.2015913983464,0.5672822246028633,1
39,Female,White,66871.0058244424,554,0.5337900153970173,267834.90301314177,15,28.464239280063815,7201.710364126337,1,0,0,0,Master,0.24967248507249729,1487.9716834063431,0.26701647419141394,1
36,Male,Black,56135.799249229036,355,0.4428812208800281,195522.07764451162,20,29.378318038349267,-712.983617085596,0,3,0,0,Bachelor,0.2871072153360211,814.6753235187985,0.17415096984407583,0
51,Male,White,7337.615645637779,592,0.2907475050234761,218789.17997411225,15,19.84628177749655,27530.08176403022,8,0,0,1,Bachelor,0.033537378980560126,1215.4954443006236,1.987831747534888,1
31,Male,White,29465.790164294678,529,0.1638630323115647,109441.85035532556,15,28.344395777273732,6284.402604153776,4,3,0,0,Bachelor,0.2692369515740817,608.0102797518086,0.24761336167603673,0
78,Female,White,53408.30835186224,352,0.5081690934521219,337009.94866880024,15,16.245221590213298,390.8758021824069,5,3,0,0,Bachelor,0.1584769487156884,1872.2774926044458,0.42067106419538863,0
21,Male,Black,52710.36005583591,400,0.5708741811156024,125879.4965361832,10,9.218488367003152,12237.78287102703,7,0,0,0,PhD,0.4187366609039835,1048.9958044681932,0.2388135774501245,1
65,Male,White,45545.03573695957,766,0.29413649539813236,159139.17861159839,30,9.452785678996241,31290.715187343543,6,1,0,0,Bachelor,0.2861962474251464,442.0532739211066,0.11647019705264147,0
70,Male,White,57378.344058164934,566,0.46432109459203075,169630.6403893682,10,16.768217696470366,19655.219551651386,6,2,0,0,Bachelor,0.33825459791025575,1413.5886699114017,0.29563530139073396,1
69,Female,Black,50233.03415370491,301,0.3053817199453779,-107098.89462277066,15,18.151083619655953,36532.29659408515,8,4,0,0,Master,-0.46903410469957074,-594.9938590153926,-0.14213607496488662,0
63,Female,Hispanic,52415.40931102724,321,0.3511334694260997,286756.2151679973,15,13.188512097592467,34232.934694593045,2,2,0,0,Bachelor,0.18278735224734172,1593.0900842666515,0.36472253603441646,0
44,Female,Hispanic,37218.69334335968,511,0.5182381903082048,105226.34216321832,30,26.513144505355317,8751.679180954841,9,0,0,0,Bachelor,0.35370129359461294,292.29539489782866,0.09424147985033272,1
46,Female,Asian,69640.21972243181,535,0.1417121711055768,268949.0196741322,20,12.800883561406515,22019.598576871307,7,1,1,0,Bachelor,0.2589346479374056,1120.6209153088844,0.19309891665053225,1
64,Male,White,41384.56782639232,828,0.3651676743933525,155143.99782586267,15,8.202709409930035,36466.07928674577,5,4,0,0,Bachelor,0.2667493967304062,861.9110990325704,0.2499224646196453,1
45,Male,Asian,23387.018339587474,687,0.20731013733561124,154258.12154839776,10,0.23945635030619417,12758.080896729372,7,4,0,0,Master,0.15160964041851052,1285.484346236648,0.6595886628578183,0
52,Male,Hispanic,34580.019743625424,313,0.2699029727478812,88942.87848261988,15,29.117078344729105,23602.343764195277,3,1,0,1,High School,0.3887890782664811,494.1271026812216,0.1714725808757736,1
25,Male,White,43030.676172760395,818,0.4222144123211371,338843.86811550905,15,24.729398494288333,6472.225663362113,0,4,0,1,Master,0.12699263649679385,1882.4659339750503,0.5249648208410083,1
33,Male,White,69880.05576737694,521,0.11361420616842419,361123.5757925508,20,18.46678754055987,16617.45089327298,2,4,0,0,Master,0.1935073211822644,1504.681565802295,0.2583881565540615,0
59,Male,White,49154.64003130414,702,0.3969125494865814,299988.87126522744,30,24.91626761710384,16129.027002714232,9,1,0,0,Bachelor,0.16385487842929122,833.3024201811874,0.20343204702152193,1
53,Male,White,46277.03562068702,812,0.24172111972687485,226511.1500801246,15,24.308676907528316,29408.010029002002,2,0,1,1,High School,0.20430356564927282,1258.3952782229144,0.3263118118120028,1
47,Female,Black,25026.73150474745,586,0.4347421804040361,213571.84046929536,20,27.955523406774752,14247.823510746159,0,0,1,1,Bachelor,0.11718179442455794,889.882668622064,0.4266874410443525,1
35,Female,Black,65709.65179659153,683,0.1707906759565271,308659.2709372847,20,11.582030500811246,23232.342448833642,4,4,1,1,Master,0.21288734207482407,1286.0802955720196,0.23486600712233224,1
19,Female,Hispanic,36960.956919532284,546,0.4679058019080893,187430.93797373812,15,16.645567262578222,25717.17476243643,5,0,0,0,High School,0.1971977375726043,1041.2829887429896,0.33807013958322585,1
66,Female,Black,47999.44282117328,390,0.42281985988148907,331765.4850827034,15,2.958840711607378,8163.987992162534,8,0,1,0,Bachelor,0.14467883182365354,1843.1415837927966,0.4607907447575018,0
30,Male,White,79603.6615376373,611,0.5856209164401756,103737.03720266871,30,28.959462771569193,13962.721477113897,7,4,0,0,High School,0.7673600835747546,288.1584366740798,0.04343897219418773,1
21,Female,Hispanic,60175.26662098609,736,0.555617681629074,298158.2332597255,10,29.553812078474994,26945.850986342397,3,4,0,0,Master,0.20182325996199288,2484.6519438310456,0.4954830281645033,1
43,Male,White,17434.91904569651,342,0.24165143159985117,328509.2823747467,10,23.67252743793605,47577.1391019286,5,0,0,0,Bachelor,0.0530728353234404,2737.5773531228892,1.8842030841309423,1
42,Female,Asian,14609.795272950556,373,0.11365828636271849,90188.6877789175,30,13.623629494450105,1141.5085612857474,2,3,0,1,Bachelor,0.16199143853566234,250.5241327192153,0.2057721916334178,0
47,Male,White,48713.79099761508,615,0.4276842805558789,116097.09640938748,20,14.897002527430729,27880.017779864218,0,1,0,0,Bachelor,0.41959525693767596,483.73790170578116,0.11916245280014374,1
28,Female,Asian,25745.1877025039,443,0.4014436945023363,195552.8920209556,20,13.06100798963571,38211.57996468645,8,0,0,0,Bachelor,0.1316533211881368,814.8037167539817,0.3797853297490947,0
24,Male,White,62970.934952659954,628,0.11371438438322304,242312.23673518206,30,8.799319095666913,21433.811988768135,7,0,0,1,Bachelor,0.2598751751092107,673.0895464866169,0.1282667085046705,0
48,Male,White,50845.261299299586,508,0.16133876460129634,138240.50190468342,10,15.833742166462997,6452.772897286168,5,3,1,0,Bachelor,0.36780292749774085,1152.0041825390285,0.271884730989843,1
61,Female,White,53307.69538047726,398,0.3923508522679928,209219.69165877305,20,1.6033520850170047,19213.559195127084,2,2,0,0,PhD,0.2547929162777826,871.7487152448878,0.1962377947175288,0
27,Male,Hispanic,35865.13636715294,413,0.5559136320217459,-6621.463100988563,10,29.75661185811505,5491.613979475409,4,2,0,1,High School,-5.416497203133003,-55.178859174904694,-0.01846211605946332,0
56,Female,Hispanic,84827.67310573411,474,0.5532501382567034,276499.2345603409,20,12.721504054924225,12457.869183730896,8,1,0,1,Bachelor,0.30679171043861253,1152.0801440014204,0.16297702414617474,1
30,Female,White,106851.8745602092,570,0.17574252730603743,281203.506689471,10,27.82099752111319,25780.609539222107,6,4,1,1,High School,0.37998059063397166,2343.3625557455916,0.26317133681264304,0
48,Female,Asian,44428.305524865704,362,0.29228697320262476,352099.96491393755,30,21.728143819800106,19092.282019014823,1,0,0,0,Bachelor,0.12618094277778513,978.055458094271,0.2641709009262677,1
24,Female,Black,57060.78496830002,703,0.12160143217608702,257377.37724280197,10,8.698287505918021,22940.1390980733,5,3,0,0,Bachelor,0.2217008564605529,2144.8114770233497,0.4510582484727249,0
73,Female,Black,51948.34686128625,524,0.3346359231814645,162993.13477602246,20,6.661578545238073,2461.1518609590603,8,4,0,0,Bachelor,0.3187149381025847,679.1380615667603,0.15688000160163973,0
66,Male,Hispanic,44806.26273117863,460,0.4765417298366028,98567.21113577815,20,29.870263012870687,10835.690826551998,9,4,0,1,Bachelor,0.4545757378633466,410.6967130657423,0.10999267192529064,1
59,Female,White,33358.59064534407,335,0.4949863556828057,118686.10182564506,20,23.16379065162107,29195.39549572204,0,2,1,1,Master,0.28106568614368393,494.5254242735211,0.17789435873875914,0
78,Female,White,28300.640250390457,680,0.3494947332982865,191117.93505741307,15,7.489844224480228,-5122.965453271689,4,0,1,0,High School,0.1480794580680707,1061.766305874517,0.4502087429035609,1
59,Female,Asian,27288.054689489516,617,0.1479348373541092,115316.25212022614,15,2.023351445317818,105.09852208728626,8,1,1,1,Master,0.23663667685834605,640.6458451123674,0.2817258404392411,1
73,Male,Asian,58104.80051098291,755,0.29068198759078323,123157.82462567565,20,20.90749635904136,15416.211894187945,2,3,0,1,Bachelor,0.47179138384090424,513.1576026069819,0.10597904436690776,1
53,Female,Asian,39606.510435927295,568,0.5660509799871822,196222.64305654902,30,9.09049370433229,12238.142073793859,2,0,0,0,Bachelor,0.2018447505291893,545.0628973793029,0.16514342456735287,1
37,Female,Asian,-1565.8570028106042,643,0.21480627825985735,38839.53555247668,20,6.639924378831521,31541.42156780407,9,4,1,0,High School,-0.040316058895579515,161.8313981353195,-1.2402005892863275,1
21,Female,White,58897.16441196645,339,0.25987722495636323,100923.66270510438,30,22.048122454480083,-15921.579896106392,8,4,0,1,Master,0.5835813211026836,280.34350751417884,0.05711857478637188,0
71,Male,Hispanic,49234.774350716885,713,0.4734135877315354,221843.44950576848,20,20.377839679630426,18762.700831575356,2,1,0,0,Bachelor,0.22193476733437045,924.3477062740353,0.2252914250459425,1
24,Male,White,76933.46002802292,679,0.4667903944429691,226649.98672778075,20,14.442380242805733,40564.33901728818,8,2,1,1,Master,0.33943730215358137,944.3749446990864,0.1473026084133118,1
71,Male,Asian,57462.44794182019,521,0.5561011440124662,286488.3032196839,30,28.279677983111196,24905.18537424049,9,1,0,0,Bachelor,0.20057519729787032,795.8008422768996,0.1661887101815019,0
18,Female,White,20426.528073794056,580,0.29405934536018774,215494.85608268343,10,20.389150981724733,-3005.2875011175456,2,1,0,0,Bachelor,0.0947889357783862,1795.7904673556952,1.0549754481239997,0
61,Female,Black,5406.4671854003755,524,0.3572993619371456,203092.4820673398,15,26.802586818597277,56413.55449945731,7,0,0,1,PhD,0.02662071550047698,1128.2915670407767,2.5043153579201194,0
73,Male,Black,35610.55231324125,756,0.3336962306102388,263703.10606037284,20,5.716588270491573,11797.119458179171,9,2,0,1,PhD,0.13504032184243017,1098.7629419182201,0.37025978106259083,0
62,Male,White,37497.85158612695,453,0.5638760855112266,219030.1789868363,30,8.899377302426661,-16512.73060329703,8,4,1,0,Master,0.17119947470060992,608.4171638523231,0.19470464726381886,1
59,Male,White,68863.18402000333,579,0.4846652944123174,102789.42939500311,30,3.1356040108118477,32180.72669381784,2,2,0,1,Master,0.669944219219014,285.52619276389754,0.049755386160644226,1
64,Male,Hispanic,49822.58135420853,652,0.5157208899169241,120044.48020112533,15,9.137399936161062,7876.72562163853,0,0,0,1,Bachelor,0.4150343378615544,666.9137788951407,0.16062927951977093,1
76,Female,Hispanic,72673.76996197017,338,0.16654913441470545,367657.6566951645,15,29.153349876191413,48066.73737673115,8,0,1,0,Bachelor,0.1976669563071988,2042.5425371953584,0.3372676339643661,1
30,Female,White,23503.338885947305,788,0.49592334643408,521698.35867901886,10,28.88568738276902,30824.75896583315,6,1,1,1,Bachelor,0.045051586793294886,4347.486322325157,2.2196776432940912,1
72,Male,Hispanic,69305.28768760896,497,0.3164893830287485,273610.05558409647,20,22.811590636529726,51966.33993816475,5,0,1,0,PhD,0.2532994905456147,1140.0418982670685,0.19739479101319352,1
39,Male,Black,64419.78306861839,575,0.11166934141532356,99158.610994233,15,15.631447883488716,4199.347006746106,3,2,1,1,Master,0.649664032429468,550.8811721901833,0.1026171426134853,0
71,Male,White,9635.317771376074,471,0.1300441763716423,389896.53346916114,10,23.42339396376735,39169.83165432387,4,1,0,0,Bachelor,0.024712499199837538,3249.137778909676,4.046535285296333,1
38,Female,White,76452.35682521545,807,0.4389539698674223,156976.46646607493,20,16.604608536411597,7801.479216663442,6,1,1,1,High School,0.4870306903088432,654.0686102753122,0.10266293479019412,1
39,Male,Hispanic,51869.169835327055,704,0.28600622057298497,242490.7632534393,20,0.10525514014330106,25153.45261437444,8,1,0,0,PhD,0.21390163130096618,1010.3781802226638,0.2337523079926794,1
45,Male,Hispanic,57840.89007737012,570,0.5340577866117402,197959.78928739557,30,15.046412218308467,22586.05349104076,5,2,1,1,Bachelor,0.2921850456882303,549.8883035760988,0.11408295470706925,0
26,Male,Black,32702.077751431545,430,0.46713656693793326,218598.11164947087,15,17.967703380331574,40808.72480196605,3,1,0,0,PhD,0.14959908621658352,1214.4339536081716,0.44563552059502126,1
43,Female,Black,75504.94025843946,684,0.11084000583348089,155971.76166197867,10,7.972450725090125,32148.290938238813,3,3,0,0,Master,0.4840936555045998,1299.7646805164889,0.2065715980015561,1
26,Female,White,26282.953415222604,696,0.443444155918001,329788.4453957307,10,6.098806927249846,13026.890762393215,9,3,0,1,High School,0.07969640471692174,2748.2370449644227,1.2547617468466208,1
32,Female,White,66641.84036747892,595,0.19617623636617812,181555.03266468993,30,8.214272844169539,36329.78266633739,2,2,1,0,Bachelor,0.3670613774202464,504.31953517969424,0.09081133397254758,1
27,Male,White,66412.14951817342,682,0.3112912843519561,261269.77170240865,10,18.70883248553597,18620.39232624521,1,4,0,1,Master,0.25418994736910533,2177.248097520072,0.3934065883997825,1
41,Male,White,30516.651436555556,811,0.4123676010614814,259107.62354201148,10,4.3819234480665745,30403.388871951924,3,4,1,0,High School,0.11777596899462749,2159.230196183429,0.8490696434394155,1
75,Male,Black,89667.47198845148,694,0.5363589206478464,188957.04792642355,20,21.609849039884985,24434.854152106243,5,1,0,0,Master,0.4745389122683922,787.3210330267648,0.10536543728519515,1
74,Female,Asian,54630.569604350385,559,0.32804894419596964,49528.67269736057,15,12.680244628848284,16803.116325186078,0,2,0,1,Bachelor,1.1030089568150632,275.15929276311425,0.060440730108997996,1
78,Male,White,63077.85220542048,580,0.5042452270955672,117258.47859141833,30,10.600435776159765,145.82526710943057,1,1,1,0,High School,0.5379385180769085,325.71799608727315,0.06196494992122446,1
59,Male,White,19457.584093284884,655,0.49148283140031646,271197.49404149305,15,24.216938750410588,23050.442051676513,7,1,0,1,Bachelor,0.07174691699145232,1506.6527446749615,0.929192074895833,1
25,Female,Black,92354.6000601713,719,0.3072692564256292,230741.6529182253,10,15.181897483095797,9874.74889851081,2,3,0,0,High School,0.40025109854310403,1922.8471076518774,0.2498431618651279,0
41,Female,Hispanic,25508.861195498204,491,0.35049008171645146,118496.87358558257,10,11.352016835727843,1548.1651387464663,0,0,1,0,High School,0.21527033096847756,987.4739465465213,0.46453219795831124,1
33,Male,Hispanic,70497.72865531861,727,0.4502425050249066,204370.31926948056,10,26.344641466818135,32456.945412578432,1,2,1,0,Master,0.34495091511972953,1703.085993912338,0.28989631746676436,0
66,Male,Hispanic,30104.56564136609,647,0.11557421732346987,220965.4265828705,15,11.047548965984273,10537.033243900854,2,0,0,0,Master,0.13624106769515693,1227.5857032381696,0.48932871559576396,0
43,Male,Black,37620.223943046345,728,0.545405706899623,258276.2349504713,30,25.770008488301116,-7078.6531406259855,1,3,1,1,High School,0.1456588677245533,717.4339859735313,0.22884520423684734,0
44,Female,Hispanic,65775.08087770894,691,0.48490807971884675,382026.63310293923,30,15.125960953876747,20033.572927768037,3,0,0,0,High School,0.17217407159145753,1061.185091952609,0.19360251532198286,1
54,Female,White,70551.05427350315,640,0.2247079407011652,-28287.38651196097,20,6.240212923650217,17719.763179136804,3,3,0,0,High School,-2.4940817435952067,-117.86411046650404,-0.020047458399629375,1
21,Male,White,24574.31501771796,846,0.5905899765944878,321069.6840043054,30,18.384545643332515,19073.782109684154,9,4,0,1,PhD,0.07653888312104991,891.8602333452927,0.4355084889416934,0
67,Male,White,71809.44338113988,701,0.1896951762948094,221718.7307280484,20,8.559705788098839,19056.471904323997,1,3,0,0,Bachelor,0.32387630555768676,923.8280447002016,0.15437992573709383,0
41,Female,Black,70899.60990266388,346,0.5570433368522009,96973.20428181389,10,4.414653965285854,4909.883044381073,0,2,0,1,High School,0.7311257829185729,808.1100356817824,0.13677537071775955,0
36,Female,Asian,31240.93182310215,724,0.2622367291615556,216488.59668036064,30,2.595881141933385,14010.29944204872,2,4,0,1,Bachelor,0.14430751689535182,601.3572130010018,0.2309881983313858,0
53,Male,Hispanic,81972.95187182221,816,0.4815733550820679,344641.29877577804,20,7.25092007392326,35588.919289510486,3,1,0,1,PhD,0.237850055007927,1436.0054115657417,0.21021647440162924,1
77,Male,White,20862.84743503924,627,0.32818829662397253,374569.55242916674,20,22.096639260065736,32824.54652600838,5,2,0,0,Master,0.055698193565758454,1560.7064684548614,0.897695181818939,0
56,Male,White,37504.54834444769,386,0.4682336937250011,97884.02443664655,15,25.13997667127228,14697.314343401491,4,2,0,1,Bachelor,0.38315290529070706,543.8001357591475,0.1739949397384449,1
27,Male,White,59580.052481839775,814,0.17789152396968314,115139.89325694733,10,25.851625379457648,28777.57004216806,1,2,0,0,Master,0.5174579443884001,959.499110474561,0.19325241999751913,1
42,Female,White,32928.674305947876,464,0.2347532291932414,70700.34866141494,30,8.10444821129831,21395.586685660517,3,0,0,0,Master,0.4657498149499064,196.3898573928193,0.07156918213036433,1
35,Female,Black,55276.381713586816,522,0.14992891223601282,223302.0161835592,30,19.829187988360257,15053.916278349197,5,0,0,1,High School,0.24754089845811517,620.2833782876644,0.1346578829638265,1
36,Female,Asian,54821.521576065905,596,0.5325719907189016,228235.3703268109,30,6.910621797447885,38699.836119198866,3,1,0,0,PhD,0.24019730814538873,633.987139796697,0.13877479972905044,1
53,Male,Asian,46258.51460154559,750,0.24814649388474966,298749.4431511881,20,18.68286341904721,6577.1845997415785,6,0,0,1,Master,0.15484050485120252,1244.7893464632837,0.32291292286891354,1
27,Female,Black,66648.0107718112,642,0.44723811470833175,244131.33697044564,30,26.616329791250905,24597.949649624028,5,2,0,0,Bachelor,0.2730006380945661,678.1426026956823,0.12209983671095605,1
50,Male,Hispanic,45432.78414684722,640,0.510110598870764,289349.6763223529,30,1.2268104780624411,-4951.184963400254,5,3,1,0,Bachelor,0.15701688256333962,803.7491008954247,0.21229139688139506,0
72,Male,Black,54630.821376276115,760,0.5507091181896729,61305.33786645654,30,29.556770031762184,25407.616256907386,9,1,0,0,High School,0.8911266665764123,170.29260518460148,0.037405830824696874,1
67,Male,White,72929.43754975805,691,0.1531485576558589,375276.5886173669,10,24.812636323753352,10099.35922777204,1,1,0,1,Master,0.1943351644142052,3127.304905144724,0.514574911346772,0
22,Male,Black,65813.72420051681,836,0.5465074667563062,329723.26700689626,10,22.849863488810954,14274.31057829038,6,2,0,0,Bachelor,0.19960291185377674,2747.6938917241355,0.5009946952740704,1
64,Female,Black,65720.34581628417,720,0.19862638886535974,147080.2340928552,20,20.740886811353732,15632.690277442729,8,4,0,0,Bachelor,0.44683329627279067,612.83430872023,0.11189855459982355,0
66,Male,Hispanic,27016.407955664396,680,0.4684510057954808,121277.78703595926,15,23.10821666741635,-13277.74858485155,5,0,0,0,High School,0.22276468441540692,673.765483533107,0.2992694593472817,1
52,Male,White,60495.851510026434,304,0.46442450968230564,274622.7162291231,30,29.837860681216377,-4211.443253712929,7,4,1,0,High School,0.22028713553161988,762.8408784142309,0.1513176575331549,1
61,Male,White,32430.024180609904,303,0.10425157087047712,43837.81267661214,30,23.105738913376218,32451.78902997631,5,2,0,0,PhD,0.7397728627530635,121.77170187947817,0.045058875516578674,1
51,Male,White,24371.700404439474,615,0.21031195415512713,126479.24441444804,20,10.54802354004981,21568.898840983493,5,4,0,0,Bachelor,0.19269327957540702,526.9968517268668,0.2594797291850202,1
50,Male,Asian,48565.87307430063,377,0.3459542573324337,97223.97490576003,30,18.417655588005097,41875.41774920242,3,2,0,0,Master,0.49952568922815505,270.06659696044454,0.06672996815206546,1
72,Male,White,31914.096266968205,830,0.31001735333164104,190317.02530350708,15,10.107690484795073,-518.7233270619035,5,0,0,0,Master,0.16768912931501198,1057.316807241706,0.3975610520430945,1
38,Female,Hispanic,65812.35437679954,654,0.5592867399423048,155602.8349470325,20,29.101963297700124,32767.957755636402,9,0,0,0,PhD,0.4229508697524836,648.3451456126354,0.11821704026583668,1
34,Male,Hispanic,66290.70919390648,332,0.2798704347512616,121458.43720663588,10,27.004191984771012,26910.345450562196,3,1,0,0,PhD,0.5457892487215757,1012.1536433886323,0.183220904835033,1
39,Male,White,11947.475271371164,438,0.5684918574179811,111633.26244011316,15,17.028606823884854,37467.68891357108,9,4,1,1,Bachelor,0.10702433137059407,620.184791333962,0.6229113119690459,0
65,Male,Black,33433.9492084622,571,0.3297146591962655,136094.7947689575,30,23.43821263480347,18386.264995898062,5,4,1,0,PhD,0.2456666271860113,378.0410965804375,0.13568523211780958,0
54,Female,Hispanic,20804.266561640023,495,0.5821764483200829,80990.16449129391,15,27.290608289152917,21719.56352231543,0,4,1,0,Bachelor,0.2568739882467629,449.9453582849662,0.25953062480823924,0
32,Male,White,40747.41446814219,426,0.4686774050124306,254267.3076391099,10,7.308007909696778,6837.610595876004,6,4,0,1,Bachelor,0.16025424128050453,2118.894230325916,0.6240084455859287,1
52,Male,Asian,59103.51339737649,648,0.514667295816078,312615.8039644481,20,17.384455707864138,15941.027799719115,1,3,0,0,Master,0.18906118196154273,1302.5658498518671,0.2644646536176347,0
45,Male,White,45154.23803643223,343,0.1524384441745005,240153.73279092734,15,14.45148957757645,12629.687668743973,5,1,0,1,PhD,0.1880222202323315,1334.1874043940409,0.35456802171727014,0
24,Male,White,38204.815186657295,543,0.39307071662118387,338280.64826120896,20,23.14774064528824,117.56328662609667,8,1,1,0,Bachelor,0.11293822269477508,1409.5027010883707,0.44271991188606846,1
49,Male,Hispanic,76003.53053626278,308,0.1713501799146754,115943.93309391147,20,11.37247564001486,22042.464210695434,9,3,0,0,Bachelor,0.6555196853180922,483.09972122463114,0.07627536002330335,1
28,Female,Hispanic,3902.8565480742327,378,0.24881050102548705,125133.93788520839,30,21.26938919124575,34128.8564404159,2,4,0,0,Master,0.031189432811221187,347.5942719033566,1.0687380413452348,0
27,Female,Asian,74737.43787036449,489,0.41178270308363407,244226.8522359608,30,12.089792670352134,37698.75226495361,3,3,0,0,Bachelor,0.30601646455385095,678.4079228776689,0.10892660099818757,0
26,Male,Black,39114.234136890285,385,0.46311285234694544,257223.53666922802,20,3.3322459393351265,7840.81781224875,4,4,0,0,Bachelor,0.15206320013859592,1071.7647361217835,0.32881065211325416,0
31,Female,Asian,48437.81979774421,784,0.11959189100562542,201529.1995295807,10,3.2136429482495164,19453.852995841033,7,3,1,0,Master,0.24035137295642583,1679.4099960798392,0.4160575359730912,1
30,Female,Hispanic,39452.73324559783,570,0.3654718655361824,197518.03777538717,20,3.571689736595621,17980.691892556606,9,1,0,1,Master,0.1997424320834057,822.9918240641132,0.2503223750631097,1
78,Male,Hispanic,80857.76211078237,812,0.38265699314494317,93386.25978691562,10,0.975596277964853,42118.99371300956,5,3,0,0,High School,0.8658421730914142,778.2188315576301,0.11549448976706538,0
74,Male,Black,25380.43006389481,319,0.1394139985551006,-66052.2995393271,15,15.98919514790316,46794.424609346315,7,2,1,1,Bachelor,-0.38424748632382544,-366.9572196629283,-0.17349929157502197,0
79,Male,White,50234.72739443872,788,0.35034401710038177,255758.7405674681,20,20.15708045951205,426.8288888459974,2,4,1,1,High School,0.19641450877878014,1065.661419031117,0.2545636791847925,0
42,Male,Asian,60548.773037199935,429,0.45692114002491324,298182.3772883392,15,3.801852054770687,27297.242351600824,2,3,1,1,Master,0.20305952882872724,1656.5687627129955,0.3283109492630478,0
19,Female,White,17779.94464229665,306,0.1266136424377655,156386.31063381926,20,18.355740006648357,27966.82251756474,8,4,0,0,High School,0.11369246176494718,651.6096276409136,0.4397828952228355,0
52,Female,Black,31602.03659107693,609,0.480133888161981,144787.99184114116,15,17.93220234773736,16992.434250349757,5,0,0,0,Master,0.21826420954681192,804.3777324507843,0.305440213056866,1
24,Female,White,47036.42933003542,772,0.3882132524520684,134122.23075977617,10,4.412821541905871,1056.1776233348282,7,4,0,1,Bachelor,0.35069823297437913,1117.685256331468,0.2851454344433657,1
38,Female,Black,32266.699306312505,401,0.5166136041358954,162481.49378546717,15,12.122477998837898,30581.439539148247,3,3,0,1,High School,0.19858691937505152,902.6749654748177,0.33570522608671877,1
35,Male,White,33688.164575617004,637,0.20903128642703497,300623.95567583793,15,22.65407129312952,38243.65387124092,4,4,1,1,Master,0.11206081198646348,1670.1330870879885,0.5949150776697901,1
20,Male,White,43002.74673847125,618,0.5166368421065592,106525.87947581979,30,0.502680766560345,11795.303397625225,8,2,0,0,High School,0.4036835645016421,295.9052207661661,0.08257292658046211,0
59,Female,Hispanic,62991.626632923464,812,0.147280487633734,264546.95249490044,20,4.408436516951646,37945.85410117818,6,2,0,0,Bachelor,0.23811132972373866,1102.2789687287518,0.2099858081428169,1
71,Male,White,43145.644462437114,324,0.3019148482223357,150227.32409653717,20,29.874851229742337,20060.50893661078,4,3,0,1,Bachelor,0.2872023762781757,625.9471837355716,0.17409326708206443,0
78,Female,Black,71568.52388945893,729,0.19974239576232425,597.8646234762273,20,22.006346914471788,41329.05977289084,6,3,1,1,Bachelor,119.70690534143084,2.491102597817614,0.0004176868482013534,1
56,Female,White,30044.844346812904,442,0.5380104161454371,165671.35008489163,20,13.923908376577673,41299.12466850068,8,4,0,0,High School,0.18135208248992737,690.2972920203817,0.2757067871154834,1
58,Female,White,24961.55479053095,448,0.4524599081508869,363942.3941704617,30,18.894042362748756,19646.653318272325,2,1,0,0,Bachelor,0.06858655432936338,1010.9510949179491,0.4860039064400501,1
66,Female,White,88526.90811442268,354,0.1126808885803641,131462.4867882508,10,25.386629117954232,26260.420413086114,2,2,1,1,High School,0.6734005287532306,1095.5207232354232,0.14850003189802255,1
28,Male,Hispanic,36840.83744668977,770,0.10476167780697807,176278.66226339876,15,25.269137566609103,9463.72093824166,3,2,0,0,Master,0.20899204120145595,979.3259014633264,0.3189914136605994,1
56,Female,White,23781.759858556805,662,0.24562462724083486,200808.45978463674,15,9.741043063836214,-4352.891707599705,9,0,1,1,High School,0.11843006955016881,1115.602554359093,0.5629201006119956,1
41,Female,Asian,15158.921164563391,508,0.1716415571402827,219735.95851589233,10,14.738742676356722,23760.93909549081,6,0,1,1,Bachelor,0.06898698450152403,1831.132987632436,1.4495487913055662,1
77,Male,White,71502.06907617878,484,0.4151522387800979,354234.5182867849,15,19.14165289495931,-1994.34281725654,4,1,1,1,Bachelor,0.20184952449577878,1967.9695460376938,0.33027903748200726,1
63,Female,White,43173.90970679882,364,0.43189846694127987,120706.25862450912,30,2.156907495438122,51396.18829844188,4,2,0,1,PhD,0.35767747421534657,335.29516284585867,0.09319382889978797,0
36,Male,White,44925.80529867203,848,0.5709754518306838,201062.79830625353,20,28.373897981722568,37077.32849593318,3,3,1,0,High School,0.2234416594075361,837.7616596093898,0.2237720581407105,1
21,Female,White,46815.96576826721,411,0.5760199622729204,275864.7175593827,20,12.982254769871188,17726.40697723593,7,2,0,0,PhD,0.16970624653437094,1149.4363231640948,0.2946267507594272,0
43,Male,Hispanic,70258.85769339562,562,0.42944835270567283,128588.62333359185,30,11.125869817737806,60009.441910275134,2,3,0,1,High School,0.5463847101864224,357.19062037108847,0.0610070756225229,1
55,Male,Hispanic,46409.40332048159,375,0.10283755642635437,207309.2034963881,20,27.213010843494775,10544.977949164451,1,3,0,1,Master,0.2238656197494395,863.788347901617,0.2233482749872993,1
59,Male,Black,96881.07557665253,595,0.2794989582848072,298211.7875346927,15,3.5485994625931405,14113.373496761807,3,1,0,0,High School,0.3248733940987554,1656.7321529705148,0.205208145319531,0
49,Female,White,52675.21148108458,477,0.35657075662363313,148022.27317464413,10,1.1778239216132558,13932.034576096907,7,2,1,0,PhD,0.35586003613750555,1233.5189431220344,0.2810093571770438,0
56,Male,White,71235.69533916641,300,0.34958987825423293,182677.5156736774,10,20.550072369008216,19040.141074063908,3,4,1,0,Master,0.38995327408774805,1522.3126306139784,0.2564409806121997,0
62,Male,White,66104.79715808813,447,0.40167031475111337,84842.08222025349,15,11.550089043153125,15349.556154013157,7,2,0,1,High School,0.7791510466053555,471.34490122363053,0.08556321262369262,1
63,Male,Asian,49271.05359483924,428,0.5802757414023803,294691.8473735311,10,22.934274264903173,26848.4278530479,4,2,0,0,High School,0.16719517025656516,2455.7653947794256,0.5981034012319105,1
53,Female,White,38260.58027959074,812,0.5425963459775769,215855.32172821107,10,2.056338345802665,5018.438187468806,8,0,0,0,Bachelor,0.17725104006361078,1798.7943477350923,0.5641715837837262,0
57,Male,Hispanic,56639.27857133107,801,0.15445401672524414,157459.58904507098,20,11.512714306061591,21918.760437867273,1,1,0,0,Bachelor,0.3597067597777023,656.0816210211291,0.13900211391884837,1
54,Male,White,60201.974624145456,448,0.23299019569669663,169166.97800493013,15,7.059756361383367,11862.031462454543,7,4,0,1,Bachelor,0.35587308666346784,939.816544471834,0.18733270136190475,0
50,Female,White,38548.27903746946,568,0.5165547087098181,199097.81194266252,30,22.18819598839792,20940.131010900746,6,4,0,0,Bachelor,0.1936147798980877,553.049477618507,0.17216316518232172,1
53,Male,White,53326.77731901312,404,0.5121534544096035,233418.6932298905,10,6.815103312821144,3756.278302908413,1,4,1,0,Master,0.22845975436291382,1945.1557769157541,0.43771385589930906,1
20,Female,White,74724.09956519192,765,0.2376853620608355,134727.48868723825,15,13.738360043230646,7032.1896297170915,4,3,0,0,Bachelor,0.5546314289184104,748.4860482624347,0.12019994394597087,1
26,Male,Hispanic,91398.95478139358,580,0.4652940153430598,142590.9340408574,30,24.566326534101357,51877.6137145244,5,1,0,0,High School,0.6409871384614433,396.08592789127056,0.05200312351561857,0
25,Female,White,67087.38640698843,706,0.4360186893589286,173667.1547397355,30,27.461716063934087,6181.998586123986,8,0,0,0,High School,0.38629864413641285,482.40876316593193,0.08628902492746622,0
50,Male,Hispanic,87255.19372760564,657,0.3367619824849808,215101.98863243105,20,21.67817380997333,27852.00842976671,7,3,0,1,Bachelor,0.40564568594811273,896.2582859684627,0.12326027795201461,1
76,Male,White,37412.51577587088,502,0.20072747633951468,360593.4138728761,20,12.87685234598861,11947.889958544387,6,4,1,1,Bachelor,0.1037526320130193,1502.4725578036503,0.4819154852257222,1
23,Female,Asian,64037.64504118588,580,0.5443215904470431,119726.26317931458,10,17.159576242281993,4739.907151047682,0,3,1,1,Bachelor,0.5348671489502382,997.7188598276215,0.18696231427984664,1
58,Male,White,76770.39017162545,556,0.4389255921534174,34702.31060487477,15,20.690698414574815,20961.584719809536,9,3,0,0,Master,2.2122558651999733,192.7906144715265,0.030135151957497663,0
56,Female,Hispanic,32073.333340560082,393,0.18449646243918735,339992.212702094,15,26.247978797223542,6966.417408070669,2,4,0,0,High School,0.09433549399751456,1888.8456261227443,0.7066975943161236,0
21,Male,Hispanic,40288.197759099814,623,0.45240117242043043,112208.69163897372,20,26.65721954280875,27770.008023785373,0,4,0,1,Bachelor,0.3590470325482916,467.5362151623905,0.13925752190494717,1
30,Male,Asian,84758.095236705,661,0.47071685978849,346754.51276792056,20,27.92908474465041,18128.87573223309,9,0,0,0,High School,0.24443256573688135,1444.8104698663358,0.20455539485611074,1
66,Male,White,30498.0228842612,650,0.5434401425605203,324358.172053479,20,24.321332967221466,40041.19948587277,5,1,1,1,PhD,0.09402575767146942,1351.4923835561626,0.5317691794061628,1
77,Female,Hispanic,23177.399346885784,361,0.21141962762096747,254430.06148308524,10,4.403938078250004,415.9753127770309,2,2,0,1,Bachelor,0.09109536511441924,2120.2505123590436,1.097750690986267,0
19,Male,White,80559.63147279022,486,0.5943770527067033,321549.26684870856,15,22.429186001587293,24141.438044832146,1,2,0,0,Bachelor,0.25053588914166036,1786.3848158261587,0.26609627425063787,1
77,Male,White,73935.26449960878,841,0.17669671126346062,16842.640360826597,10,24.43777120689653,25555.02321916711,9,2,1,0,Bachelor,4.389766860519737,140.35533634022164,0.022780253069786097,1
22,Male,White,58642.40487967539,603,0.40034444592979157,64762.292525081895,15,26.33614283029151,5051.267715922564,1,0,0,0,High School,0.9055023006939367,359.79051402823274,0.07362396165705631,1
61,Male,White,49085.78490708345,735,0.4285882526367393,228411.32953501848,20,27.744506838534775,10039.660367990411,7,3,1,0,High School,0.21490083266451085,951.713873062577,0.23266545494524324,0
44,Male,Asian,41229.50988790036,512,0.30947644763293025,161322.48027017148,10,15.274794405553422,-1351.8076634749705,0,4,0,1,Bachelor,0.2555720059526242,1344.354002251429,0.3912791607486822,1
49,Female,White,55638.977476181026,705,0.33751885438519325,121494.92585087304,30,19.652780853729315,-3400.6571241216625,8,1,0,0,PhD,0.45795309628382486,337.485905141314,0.07278765795847875,0
38,Male,Black,81596.139148031,433,0.5454550483610687,280797.0265915459,10,0.28658329850907216,18221.29039607707,6,2,0,0,High School,0.2905876181756109,2339.9752215962158,0.34413028548094216,1
25,Female,Black,54771.32252284152,518,0.4226371148327309,225750.50119094868,10,17.18350703077302,32102.645955550135,0,1,1,1,Bachelor,0.24261883023025393,1881.254176591239,0.412169162241432,1
55,Male,Black,93339.18534493932,720,0.34850047911734316,304931.4514625835,30,14.19595143221819,18025.92231856839,4,1,1,0,Bachelor,0.30609891140203516,847.0318096182875,0.10889726193620078,1
25,Female,Black,32041.16028719539,618,0.16417478121676235,162809.99397296543,30,28.869181340843983,18652.75654679469,4,4,0,1,Bachelor,0.19680094265291737,452.2499832582373,0.16937588247288407,1
67,Female,White,49606.38491343461,456,0.10366881261156732,198357.24272690245,20,27.051278958081813,525.1058943151766,1,0,0,0,Bachelor,0.2500860781863786,826.4885113620935,0.1999311611529895,1
20,Male,Black,42538.82664672169,487,0.16248430907591674,353963.46677812375,30,23.92811788300157,-11524.244781567148,0,4,1,1,High School,0.12017857954077069,983.2318521614549,0.27736501347168085,0
71,Female,White,28297.169136753346,775,0.5780922837382527,71660.80230416654,30,1.7098255356080017,25130.777615990384,6,0,1,0,Bachelor,0.39487653259372,199.0577841782404,0.08441457159883767,0
61,Male,Asian,46938.32533980689,461,0.48204339149566533,191382.23432164604,10,12.060865268499997,10089.67340037393,8,3,1,0,High School,0.24525957441232565,1594.8519526803836,0.4077312791543947,1
78,Female,Hispanic,58346.58603320879,428,0.5835581637551239,112559.44369355233,10,20.881266665836804,-7013.565169965928,7,1,0,0,Bachelor,0.5183624236102281,937.995364112936,0.1929152180891741,0
75,Female,Asian,60484.6035990406,603,0.11785435485408594,369548.7505135322,20,0.8898223069284317,11839.436902258432,6,2,1,0,High School,0.16367151428597718,1539.7864604730507,0.3054899334079408,0
20,Male,White,93409.04357889111,388,0.4401102019293196,440575.4273662147,30,7.074413752584034,23740.121225609346,3,1,0,0,High School,0.2120160085579347,1223.8206315728187,0.15722083233269055,1
39,Male,White,59289.349394471195,461,0.122146763201709,220986.92171052922,15,26.625215703543862,26038.65264338989,9,4,0,0,High School,0.26829347608241866,1227.705120614051,0.24848411388947428,1
23,Male,White,73002.73607359233,335,0.49102823443441157,249264.79695246927,10,3.893423018982727,22983.368035883974,6,0,0,1,Master,0.29287222650823314,2077.206641270577,0.3414458284155149,1
19,Male,White,51321.88492597952,526,0.2904750863675971,189628.70810077596,20,1.5412051301593255,9567.029057797925,7,3,1,1,High School,0.2706440677679727,790.1196170865664,0.18474448899750415,1
40,Male,White,83561.1120090519,450,0.14788268005324742,185765.74358533853,10,17.417572688540076,28916.482245978543,8,3,1,1,Bachelor,0.44981981282606576,1548.0478632111544,0.22231123918649523,1
61,Male,Black,97968.98571176139,346,0.3840233208937577,208355.35852440158,10,28.393938462833407,19693.501559297263,8,0,0,1,High School,0.4702014212909611,1736.2946543700132,0.21267481439219196,1
19,Male,White,60621.702619519,530,0.24006009830069405,65104.51956573679,15,25.038742197259158,6856.367150863718,4,0,0,0,High School,0.931144304940436,361.69177536520436,0.07159649295275584,1
55,Female,Black,30146.819690968376,838,0.42978697093590923,266029.44476793567,20,29.243175141628665,3243.36512084119,4,0,0,0,Bachelor,0.11332136454769592,1108.4560198663987,0.4412230668026898,1
34,Male,Hispanic,39023.89954445663,464,0.42908737975689515,101463.26559119292,15,22.60569461088748,22944.397721946087,5,3,1,0,Master,0.3846111133628241,563.6848088399606,0.1733352582658641,1
52,Male,Black,55638.68606410324,365,0.4525037370603764,164614.98064382235,15,13.121093222537146,33034.52399170422,7,1,0,0,PhD,0.3379928475919743,914.5276702434575,0.19724283262688094,1
51,Female,White,59129.96070501292,379,0.5962325393888795,203318.10412103965,20,28.39849318769622,28905.03626838958,2,1,1,1,PhD,0.2908248675671871,847.1587671709985,0.17192477527200753,0
40,Male,White,63968.50268768744,439,0.29334885497370267,123785.08924932037,30,12.798998353599353,22448.33378045373,2,3,0,1,High School,0.5167706633780906,343.84747013700104,0.06450314558383764,1
47,Male,White,59203.95362460082,699,0.33265773724255043,259776.72982624947,15,10.50283849032733,29500.80487028222,4,2,1,1,High School,0.2279032216018699,1443.2040545902748,0.2925218265809704,0
69,Male,White,50139.69832511877,429,0.5023058505126704,152457.55402119935,30,13.445877533023015,55571.593312138255,0,4,0,1,Bachelor,0.3288764446407608,423.4932056144426,0.10135518635195685,1
25,Female,Black,37276.031175957425,745,0.38918501151094265,306556.3783931311,10,24.41921863147393,24317.530225960913,4,3,0,0,Master,0.12159600583535814,2554.6364866094254,0.8223954340687859,0
39,Female,White,58022.76522528459,328,0.11862860534389982,112879.06366893818,20,27.53080649546665,22361.362090305043,8,2,0,1,Bachelor,0.5140259259720558,470.3294319539091,0.09727135825969636,0
61,Male,Hispanic,87099.74714961313,501,0.5215392601299282,183311.40931503184,20,10.730463298790266,28169.074098179954,4,4,0,0,Bachelor,0.4751463505467186,763.7975388126326,0.10523073563012407,0
75,Female,Hispanic,70398.57210855509,536,0.1257493409690205,92812.10091706284,10,13.867423695967876,31254.733600407802,6,1,0,1,Bachelor,0.7585063953186821,773.434174308857,0.13183804463241944,0
53,Male,Black,60694.07899272396,638,0.18541006824589215,298247.8426772014,10,26.949819699131492,-38.27355789545254,9,0,0,0,High School,0.20350215595159954,2485.398688976678,0.4913952853835305,1
22,Female,White,70591.33847645503,698,0.1510399834870936,168908.47806337447,10,1.4113099358600678,22656.83457940964,8,4,0,0,Bachelor,0.4179265557645316,1407.5706505281205,0.23927649157652967,0
30,Female,White,42578.71942198295,738,0.1389635664405601,144287.60023201373,15,23.516060823415543,35058.029338865264,7,0,0,0,High School,0.2950961784208524,801.597779066743,0.22591504581123306,1
46,Female,Hispanic,39834.69707833359,588,0.1128424376523551,181004.56760431646,15,13.626532747030172,46184.6452558938,4,2,0,0,Bachelor,0.2200756456346113,1005.5809311350914,0.3029261437558268,0
48,Male,White,35044.29791268036,551,0.1275138569861837,189048.15640323638,15,11.295550531490138,20302.815620273475,1,3,1,0,Bachelor,0.18537233358643018,1050.2675355735355,0.35963655081022766,1
64,Male,White,47494.26754461124,399,0.32121959458940497,240531.4636204498,15,13.407638755105172,13185.91789440851,4,3,0,0,Bachelor,0.197455529641459,1336.2859090024988,0.3376287652603116,0
74,Male,White,41559.8820658184,721,0.22642613499130695,253912.01720708984,15,12.560720265047394,22474.5307918291,9,0,0,1,High School,0.16367827928334044,1410.6223178171658,0.4073030762454512,0
72,Female,White,74165.49481304278,317,0.16326844170940938,184841.59122357072,30,22.698558545634178,10341.25552385686,7,4,1,1,Master,0.40123813218713145,513.4488645099186,0.08307618508648416,1
33,Male,Hispanic,40493.53164635622,770,0.429352771363263,196089.59638077606,30,27.83842566732467,43539.3112187728,0,4,1,0,Master,0.20650525266890735,544.6933232799335,0.16141639451068643,1
59,Female,White,33945.56567550167,306,0.21305595531712926,-110692.60191991867,15,14.743674763397358,27213.03542252967,9,2,0,1,Master,-0.30666517081294936,-614.9588995551037,-0.21739236474079424,0
79,Female,Black,88851.54357661263,718,0.10947457767240473,154799.23269419558,20,24.98201357347534,19211.278188520362,3,3,0,1,Bachelor,0.5739792247687558,644.9968028924816,0.08711116681992095,0
47,Male,White,40972.49537837313,679,0.3092098918836639,343068.53165192506,20,21.958336071367157,36703.63439304215,0,0,1,0,High School,0.11942947719828625,1429.4522152163545,0.4186571119036722,1
74,Female,Black,53070.56914500702,807,0.2552164959891525,244869.52002185554,30,9.920423566694305,2698.705343870195,4,1,0,0,High School,0.21672999212098865,680.193111171821,0.1538012021646046,1
72,Female,Hispanic,59026.45649486823,413,0.2593022156732464,92686.45733268735,30,17.61941443579643,-11079.536681318528,1,3,0,1,Bachelor,0.6368401403346292,257.4623814796871,0.05234175929271396,0
33,Female,Hispanic,27266.137621583697,810,0.32263501409078077,161248.22170914483,20,20.004470250470835,26325.671939007298,1,3,0,1,Bachelor,0.16909419113325552,671.8675904547702,0.29569318534778793,1
29,Female,White,74709.67539006138,768,0.4344569636171388,140330.00241608557,20,0.7049811567138908,36109.62677397687,6,2,0,0,High School,0.5323856203504038,584.7083434003565,0.09391688672412143,0
34,Female,White,62742.38080822455,392,0.40823956001899697,307010.88429898734,20,11.87866653672721,17865.4385645135,3,3,0,0,Bachelor,0.20436533040672886,1279.2120179124472,0.24465989363503954,0
33,Male,White,81167.68023761563,791,0.5686308048944377,296861.6510063169,30,29.779145275423705,9813.272311925102,1,2,0,1,Bachelor,0.27341921720932716,824.6156972397691,0.12191291334073878,1
29,Female,Black,36415.56125563799,401,0.3588583331512607,121899.23939239788,30,19.117692812102806,5647.95679094349,2,2,0,0,High School,0.2987349341730922,338.60899831221633,0.11158163816897096,0
25,Male,Black,51982.5158495232,792,0.33628495486253607,200987.6062640021,20,10.027322078753283,1482.8684364731744,2,1,0,0,PhD,0.2586354293967903,837.448359433342,0.1933223151855641,1
37,Female,Black,50787.11509988391,835,0.20670721760844848,86622.31434741835,30,7.5007211820218345,29977.581752297272,1,4,0,0,Master,0.5863052203406932,240.61753985393986,0.05685320917655113,0
20,Female,White,55277.76988700044,784,0.4776906444240784,137338.46909270575,15,6.284448063022689,32269.3817611613,6,3,0,1,High School,0.40249298140703044,762.9914949594764,0.16563435822809652,0
33,Male,Black,20907.70502845678,778,0.17038788810714237,141024.45202021848,20,12.049242268956226,33771.38047271646,0,2,1,0,Bachelor,0.14825588562087993,587.601883417577,0.3372547389306354,1
47,Female,White,52216.727573844444,466,0.345566444910242,129773.77421923581,10,5.797970718228287,20109.04750016481,8,2,0,1,High School,0.4023673341397247,1081.4481184936317,0.24852912131598223,1
62,Male,Hispanic,21470.721771525095,439,0.3106610991937222,236620.45382369723,20,4.055585461605845,2658.9255402500166,4,4,0,1,High School,0.09073907781244747,985.9185575987384,0.5510305064301751,0
40,Male,White,57166.681423938426,393,0.42915043920220164,334914.44742476183,30,10.921898532808767,9276.36621512309,3,4,0,0,High School,0.17069040127562982,930.3179095132273,0.19528534167253414,0
45,Male,Hispanic,7427.017509629608,480,0.5588107349783294,193972.67282220573,10,18.2099907793738,28979.627956910612,2,2,0,0,Master,0.03828898886410237,1616.4389401850478,2.6117169182744977,1
68,Female,White,12968.263314188269,303,0.5732977957491112,94505.43564293828,10,4.391975462583851,4440.4317482960505,2,3,1,1,Master,0.13722240658394655,787.5452970244856,0.728743960184261,1
57,Female,White,66370.97432879997,688,0.1838996335815792,220810.67459051101,20,1.3302982158858023,18472.429642097177,2,3,0,1,High School,0.30057864934239986,920.0444774604625,0.1663458136810084,0
71,Female,Hispanic,39063.230896104345,571,0.2309086091335891,220947.3897843027,15,1.0389845419107469,4737.744126970641,0,3,0,1,Bachelor,0.1767987887715685,1227.4854988016816,0.37707648977619873,0
22,Male,White,30242.838527355183,431,0.5058176599823533,181125.21674866276,15,8.02152757307905,9547.663472689655,1,4,0,0,PhD,0.16697199357570108,1006.2512041592375,0.3992685553966367,0
37,Female,Hispanic,75416.91242151096,811,0.3591398812245964,385911.4804641165,30,5.703968715489049,2721.469814497039,6,3,0,0,Bachelor,0.19542541810575526,1071.976334622546,0.1705680543320873,1
57,Female,Black,56552.5243465683,351,0.32651728417786596,224412.70208860814,10,16.17766080870457,20244.217840654248,2,3,1,0,PhD,0.25200233240023484,1870.1058507384012,0.39682172401951477,1
73,Male,Black,67441.80391067568,589,0.4553127261903529,257382.18468920534,15,13.671605611526983,-1946.1062098648472,5,3,0,1,Bachelor,0.26202980595612374,1429.901026051141,0.2544239821244986,0
61,Male,White,46675.15855358339,745,0.4009624763034859,-24220.99002726443,30,9.742998430170559,8594.471332522651,3,4,1,0,Bachelor,-1.9270541171538964,-67.28052785351231,-0.01729755954262664,0
18,Male,White,103592.57387800005,536,0.5853570272106673,103710.86403757917,10,25.00628502452882,32766.845289410496,9,0,0,0,Bachelor,0.9988594236420955,864.2572003131597,0.10011418787578194,1
74,Female,Black,37909.722788804094,790,0.39198732614413345,251390.906501423,30,15.148409789895794,35732.318277231854,4,0,0,0,PhD,0.15079989692701756,698.3080736150639,0.22104347557654916,1
47,Female,White,84889.91098719777,579,0.3329869131736266,228381.54354316866,15,2.745899762522975,30061.79348141262,7,3,1,0,Bachelor,0.3717021510153332,1268.7863530176037,0.17935507363775405,1
38,Female,Black,48772.679198001744,343,0.37140868103908786,162150.6074388622,30,8.872930622210859,41231.25802920766,1,0,0,1,PhD,0.30078628731866547,450.41835399683947,0.1108206548592377,0
37,Male,White,16909.79210174508,658,0.5042699083484866,245356.50790171276,30,29.200177985897746,205.9539754378893,9,3,0,0,Bachelor,0.06891927280167749,681.5458552825354,0.4836576472484487,1
23,Female,White,59656.97491496217,825,0.4063375283926104,292730.0192237135,15,29.309319622740432,18629.592163602778,4,4,0,0,High School,0.20379520717815564,1626.2778845761861,0.32712578273927395,1
39,Male,White,56295.251229103276,761,0.4235240456933589,152717.35791567084,15,7.640149066413578,21132.339689315013,1,3,0,1,High School,0.3686237897082335,848.4297661981714,0.18085286009194762,0
35,Male,White,28973.563715215405,400,0.585719440018296,137699.8684106976,30,5.017083863847417,49277.87828318921,8,1,1,1,High School,0.21041097605700043,382.49963447416,0.15842012597433758,1
25,Female,White,31555.614457305706,760,0.40919774221272864,174401.60754243494,15,14.87064438651733,16438.04712209049,1,2,0,0,High School,0.18093648849898175,968.8978196801941,0.3684534126848706,0
56,Male,Hispanic,49506.04713830016,567,0.2901426241672699,249813.7190279666,20,14.443947545005397,32019.656500806595,0,4,0,1,Bachelor,0.1981718511334358,1040.890495949861,0.2523062670809555,0
49,Female,Hispanic,56994.95630495963,661,0.44566301350639825,142740.4763592114,20,12.304130618070513,45404.06219962514,3,1,1,0,Bachelor,0.39929078113435623,594.7519848300475,0.1252220245555222,1
50,Male,White,586.7343424119827,707,0.4297296984886557,285291.83421236265,20,15.88071682481859,21954.46549319962,6,1,0,1,Master,0.002056611062955399,1188.7159758848443,24.311840435278416,1
70,Female,Asian,71062.42905047606,336,0.10692381775319096,151798.74013693596,10,6.965861355546025,12963.164158335487,1,2,1,0,Master,0.46813582896914313,1264.989501141133,0.21361321610483144,0
33,Male,Black,40110.04052370045,767,0.33366464839291654,144043.65339303148,20,3.447880246310615,14261.729066580647,9,1,0,0,PhD,0.2784575340800186,600.1818891376312,0.17956059319850118,1
29,Male,Asian,23365.050312036474,558,0.4714518014411997,434644.9356864714,20,17.11384375429305,-5671.456015653064,8,2,1,0,High School,0.05375663764524043,1811.0205653602975,0.9301176969059738,1
55,Male,Hispanic,68821.33102903861,808,0.3495207288605645,76541.58806368765,20,27.97793990347125,13112.495782340673,0,3,0,1,High School,0.8991364403332568,318.92328359869856,0.055608912904773336,0
69,Male,Hispanic,49527.64041163088,608,0.48981056796769473,278171.80386174144,15,4.1324782986089375,-1320.3904609034616,0,4,1,0,Bachelor,0.17804694697327192,1545.398910343008,0.3744330795892532,0
51,Female,White,74323.31553564509,572,0.32544184821380717,19356.032976447867,15,21.14444172694387,31733.280685983984,7,4,0,0,High School,3.839801039091047,107.53351653582148,0.017362010684399395,0
78,Male,White,58759.04525959511,409,0.5916607988186179,265817.76985091146,15,13.13690062141155,-3432.385754148945,4,4,0,0,High School,0.2210501024538395,1476.7653880606192,0.30159075217161796,0
31,Female,White,49969.70994103908,559,0.24644579460194435,469179.4673814491,15,8.81929769186412,25883.606743307493,8,2,0,0,Bachelor,0.10650446879085833,2606.552596563606,0.625951825529305,1
53,Female,Hispanic,46945.40110039688,567,0.14606130407303677,305704.2261196059,15,25.593276551772774,37065.387522268386,7,2,0,0,Master,0.15356477630776888,1698.3568117755883,0.43412733225395245,0
50,Male,White,59654.255211122756,331,0.3150059005770487,333806.89892965485,20,13.694750836115459,30934.4582843186,5,1,0,0,Master,0.1787088745091936,1390.8620788735618,0.2797846505234846,1
40,Male,Hispanic,41729.3748238134,476,0.37085451243695955,190391.76135413125,20,17.499360422039704,12754.722344701971,3,4,0,0,PhD,0.21917636838390395,793.2990056422135,0.2281267837799978,0
67,Female,White,32948.548225070015,403,0.2745468658412308,294226.8438674511,15,13.291688608197882,31457.68318132149,5,1,1,0,Bachelor,0.11198348795092708,1634.593577041395,0.5953258635405342,0
62,Female,Hispanic,62198.18245309288,535,0.2211405800589795,224865.7922762082,30,2.437487450086586,20145.154434354,1,3,0,0,PhD,0.27660135329384966,624.627200767245,0.12051037688858086,0
19,Female,White,47110.24317111141,392,0.43602934569274454,402596.36025490693,15,17.847140607005578,13140.320776768314,4,1,1,1,High School,0.11701606825576666,2236.646445860594,0.5697223266889355,1
58,Male,White,50671.35296138012,500,0.288562549928126,89336.46874521526,20,12.565229251143638,14548.681303986985,9,4,0,0,Master,0.5671967302165614,372.2352864383969,0.08815283540317573,0
38,Female,White,71787.59672309215,334,0.4156842645503185,318748.43124607665,20,2.602698182028891,26643.530711818315,2,2,0,0,Bachelor,0.2252170981436815,1328.1184635253194,0.22200801099080658,0
19,Male,White,47722.46784528518,416,0.48953572429938796,242770.27352585766,15,17.87435203256925,-3349.7112260753056,2,1,0,1,PhD,0.19657459355377882,1348.7237418103202,0.33914182632369533,0
44,Female,White,50300.67851083581,757,0.4805013138800118,108719.35287623346,10,0.29612796117682527,12439.022153969947,0,1,0,1,High School,0.4626653597552066,905.9946073019455,0.216138939065828,1
74,Female,Hispanic,38007.00977098136,770,0.2876546553178456,172554.02596089485,30,6.255611647637769,25621.082122437943,7,2,0,0,Master,0.22026150684884468,479.3167387802635,0.15133526420578092,1
26,Male,White,58614.79867963702,698,0.3839491144750874,39904.950887908664,15,23.432086107156373,12310.162453145113,9,2,1,0,Bachelor,1.4688603137060243,221.6941715994926,0.04538666205669523,1
18,Male,White,56996.55825360176,416,0.32482911222137123,-126483.1480020191,20,1.1378227457620338,622.9929287955129,2,4,1,1,Bachelor,-0.4506257090683093,-527.0131166750796,-0.11095682956788562,0
28,Male,Hispanic,68015.50263581116,661,0.5354026263548302,80044.58956925695,30,19.400462941654162,6630.1017265165665,0,3,0,0,High School,0.849720174740382,222.34608213682486,0.03922860057255648,1
20,Male,White,38417.42325986248,503,0.5393792398999996,161195.73821504065,10,28.491208386219718,22581.702004183324,3,4,0,0,Master,0.23832778512178976,1343.297818458672,0.41959018730819914,1
69,Female,Asian,40843.66060819628,445,0.2718707914440184,208118.74711655127,30,5.135773745190203,27243.059018838852,0,1,0,0,High School,0.19625171289986143,578.1076308793091,0.1698498975667125,1
79,Male,Asian,65842.74798290938,743,0.14586872393936537,69021.67343214637,15,12.513355806287237,36268.69747746231,0,4,0,1,Bachelor,0.9539430835103972,383.45374128970207,0.06988537138016793,1
40,Male,White,55044.260067257266,596,0.18379124166200975,168339.70116787573,20,17.264930921129945,31711.742955136524,0,4,0,1,High School,0.32698323500268495,701.4154215328156,0.15291303849137539,0
43,Male,White,31875.63747614611,786,0.28350087106544186,223641.29820967803,20,13.512475162015328,31536.337086245934,1,2,1,0,Bachelor,0.1425301933557042,931.8387425403251,0.35080286374984393,1
21,Female,White,76131.08135469002,530,0.3821249773814953,142359.4350997454,20,18.611330585453018,-8823.71197836526,0,3,1,1,High School,0.5347807210765348,593.1643129156058,0.09349626497258168,0
35,Female,Hispanic,16030.98863199498,502,0.42839350548221466,91914.24374439083,30,12.122925755009945,31294.924988527517,5,3,1,0,Bachelor,0.17441245207409206,255.31734373441896,0.19111785275040466,0
72,Male,Black,65685.69506527504,661,0.2656855231430001,126865.37767916042,15,4.455123870657614,12242.188269501736,6,4,0,0,PhD,0.5177590313993518,704.8076537731134,0.1287600266218169,0
23,Male,Black,24695.759280036065,694,0.4337495598119929,333658.2637700783,15,2.6713307947336706,-1623.15735719417,0,2,0,1,PhD,0.0740151285359854,1853.6570209448796,0.9007167586590628,0
52,Female,Hispanic,87715.77032971053,547,0.568869991836878,27329.369155453838,30,22.333294685314332,28368.65243207752,9,2,0,0,High School,3.2095790367779493,75.91491432070511,0.010385577968753246,0
39,Female,White,19108.005461887533,739,0.42600706358447527,315435.2520854859,30,7.158718485657144,22683.802891805426,0,1,0,0,High School,0.06057663287649627,876.2090335707942,0.5502671863801573,1
60,Male,Hispanic,73045.01303745498,695,0.17928261472217563,336535.27245967474,10,25.423509383001704,33271.55814557707,9,0,1,0,High School,0.2170500955325792,2804.460603830623,0.4607231328538623,1
32,Male,Hispanic,48367.31279977512,655,0.38983445648881376,164375.36216164415,20,22.29081731465521,11983.529611380705,8,1,1,0,Master,0.29424916340084756,684.897342340184,0.16992401753029412,0
39,Male,Black,42667.94860322512,700,0.37094775838349137,246014.38857666985,30,1.4835955302708503,19914.421565736688,8,1,0,1,High School,0.17343680119721025,683.3733016018607,0.192192966563255,1
77,Male,Hispanic,53707.933129355224,540,0.5353500554492103,121908.48529019377,20,6.036333511912055,-7012.282680017281,0,1,0,0,High School,0.4405594327704722,507.952022042474,0.11349206549857162,0
54,Male,Hispanic,62638.00678315626,640,0.2751515276064872,226771.37098277741,10,8.759779696786147,49414.341188011145,7,0,0,1,High School,0.2762165546369318,1889.7614248564785,0.3620347814831132,0
69,Female,White,31911.98995338261,528,0.31147280502833996,422644.1337337686,15,17.834467464781206,-74.98982903379874,2,2,0,0,Master,0.07550557882221681,2348.0229651876034,0.8829369658053746,0
59,Male,White,33684.24549662856,842,0.3993295277432468,327115.0616486803,20,24.29481000945417,7845.633323560698,6,2,0,0,PhD,0.10297369166328772,1362.979423536168,0.48556091553456515,1
29,Female,White,62992.09730225772,838,0.3622126558710127,149647.78127000504,30,1.8099976547526941,4538.62713269035,0,3,0,0,Master,0.4209357249914915,415.68828130556955,0.07918865364541607,1
64,Male,White,15853.140927008004,828,0.45950829620258715,68077.79053789843,30,7.488268556394328,23098.44192900623,6,3,0,1,Master,0.2328680293785779,189.10497371638454,0.14314259206077068,0
66,Female,Asian,38315.41813615829,566,0.12019449545624791,170632.68572797882,10,11.286292871391627,7278.6952209834,0,4,1,0,Bachelor,0.22454911245574838,1421.939047733157,0.44533687488836937,0
59,Female,White,110813.73908318882,428,0.38175800960347994,227329.41936800297,20,5.501314637644988,36173.232921971314,2,4,1,1,Bachelor,0.4874588576844184,947.2059140333457,0.10257275914015718,1
55,Male,Black,30639.740708214384,519,0.16083594650193764,272161.19262181735,15,16.358762925190472,24722.036418070762,6,4,0,0,Master,0.1125793887550675,1512.006625676763,0.5921747080338968,0
35,Male,Black,72956.05583519506,381,0.2576044962598607,189078.46151867323,15,14.340074380749309,-2352.180583623922,0,3,0,1,High School,0.38585069525748167,1050.4358973259623,0.17277840233559613,1
62,Female,White,38280.98462572376,319,0.43081343076619516,378603.63190992724,30,9.494869261534797,31698.120786915053,8,3,0,0,High School,0.10111098098190222,1051.6767553053535,0.32967075395401063,1
52,Male,Asian,60180.902895942876,626,0.17870710029608886,203259.70466363322,10,15.506606607610703,33678.70520338679,4,1,0,1,Bachelor,0.2960788661753394,1693.8308721969436,0.3377478483748972,1
47,Male,Hispanic,63087.11381192435,336,0.25442091775231446,152462.88489198347,30,10.674646930533417,9072.121944858874,1,2,0,1,Bachelor,0.413786698688144,423.50801358884297,0.08055680242746385,0
41,Male,Black,72579.13470365896,681,0.45150324141765596,252454.16745816352,30,10.295822024018722,2834.6992717664107,3,3,1,1,Bachelor,0.28749430217144945,701.2615762726764,0.11594432683210099,0
59,Female,White,45994.92346374449,338,0.425402621263417,270005.49035541544,30,7.961865760709776,25980.046286013672,7,0,0,1,Master,0.17034810441521075,750.0152509872652,0.1956777473266496,0
47,Male,White,89777.69277509706,408,0.14551983460486903,123716.19349745053,30,16.213138029431647,29879.934288378703,3,1,0,1,Bachelor,0.7256745478266525,343.6560930484737,0.045934273750077734,1
31,Female,White,38213.2687082964,728,0.388634246746162,106138.89225274346,10,13.323461833569805,4948.089965543237,9,0,0,1,Master,0.3600307851084499,884.4907687728622,0.27775402586719805,0
23,Male,White,54684.4082719912,363,0.17362723095931973,35804.46520453156,30,5.889743523816713,33853.39616045328,4,0,0,0,Bachelor,1.527306942293614,99.45684779036544,0.02182490788870207,1
20,Female,Black,54905.53864435215,474,0.22613568935724634,171105.44983842503,20,0.38898782694597567,11394.685247624413,1,2,0,0,High School,0.32088714121145456,712.9393743267709,0.15581802315678198,0
33,Male,Asian,27560.63760101169,331,0.32960563931788933,321675.8238361086,30,4.527886218387582,37747.91531367172,4,0,0,0,High School,0.08567829957607764,893.5439551003017,0.38905222790673094,1
24,Female,Black,44282.554900417585,830,0.15467341164909457,266611.6837635053,30,1.2850380449561771,-3697.225948263731,6,0,0,1,High School,0.16609382707960352,740.5880104541814,0.2006897782983694,0
69,Male,Hispanic,53230.26998476814,405,0.5968234839592834,312386.64956919267,15,12.947965009152963,9000.267825541725,8,0,0,0,High School,0.1703986711921817,1735.481386495515,0.3912393576794835,1
31,Female,Black,41357.57913741161,781,0.18268478052700057,134562.9848025625,15,6.75290561737075,16873.89180824152,7,0,1,1,High School,0.3073473674658265,747.5721377920139,0.2169098346810445,0
26,Female,White,98818.4793091307,505,0.4906563142143022,183661.49819496754,10,12.613659975741736,5132.169021108077,9,1,0,0,High School,0.5380467886863747,1530.512484958063,0.18585744233163634,1
32,Male,Hispanic,33227.52652800939,546,0.5149194225116125,9426.279430815019,10,9.883496201100266,19525.20336064717,5,1,0,1,High School,3.5249884932741122,78.55232859012516,0.028368886931349126,0
38,Male,White,73588.48936280856,388,0.5972319849480007,300786.83541915205,20,16.140444320597002,14797.98714912576,8,2,0,0,Bachelor,0.2446532916251525,1253.2784809131335,0.2043708452392617,1
52,Male,Hispanic,67129.19626297573,615,0.3143266089261342,334274.15562735935,30,21.716004863658025,16854.881620107335,6,2,0,0,Bachelor,0.2008207787915549,928.5393211871093,0.16598547985879583,0
19,Male,White,49722.757309914574,310,0.5370472600696701,93342.8444200489,15,14.379418144015691,13940.305376256212,2,0,0,0,Master,0.5326895448585102,518.5713578891606,0.12515107028123534,0
44,Female,White,32695.818922955063,348,0.5787697195084255,362574.94249283057,20,1.8590418281739263,641.252519306061,0,4,0,0,High School,0.09017671959942897,1510.7289270534607,0.5544668315958193,0
19,Male,Hispanic,34634.8935921646,470,0.18644707244733358,176551.07687966904,20,0.5253144424472389,19655.305413200524,4,0,0,1,Master,0.19617492118595523,735.629486998621,0.2548745767182174,0
52,Male,Black,39640.6540156698,442,0.3397180445297663,91672.38524108287,10,6.396934988326174,18116.66996674291,8,0,0,0,High School,0.43241652228663613,763.9365436756906,0.23125850851210758,1
35,Female,Hispanic,14285.174361074736,506,0.13000540942804387,168405.91491541846,15,12.749025336625612,4865.568805937199,7,2,0,1,PhD,0.08482584693209522,935.5884161967692,0.7859239733855492,0
31,Male,Asian,29930.69148401419,762,0.4103620060121008,262842.31502440455,30,1.3471508588180192,38735.79221253389,5,3,0,0,High School,0.11387318469339751,730.1175417344571,0.29272329058929036,1
37,Male,White,20350.46969272715,808,0.3907030784282832,194614.3158815483,10,9.83201414519667,24723.653707067406,7,2,1,1,Master,0.10456820507034761,1621.7859656795692,0.9563136321669251,1
35,Male,Black,76917.50006355433,500,0.20206314233159858,142196.4325025418,20,26.61077123685457,30794.860070732342,7,1,0,0,High School,0.5409242602635576,592.4851354272575,0.09243438254301668,1
27,Female,White,62369.247847764374,304,0.498951379447063,259232.47282052154,20,2.7005706555650812,7869.528771541198,2,2,1,0,PhD,0.24059195659081434,1080.1353034188398,0.20782074641438358,0
42,Female,Black,65719.48197730922,510,0.11863436138176994,268447.37091697555,15,28.455495293087207,-14634.757120113689,5,3,0,0,Master,0.2448132822192351,1491.3742828720863,0.27231637949678467,1
19,Female,Hispanic,61776.63903083895,328,0.5031136620637785,182607.91874014837,15,25.70015326527359,46159.700242986655,6,0,0,1,Bachelor,0.3383020816241124,1014.4884374452687,0.197062537559967,1
42,Male,White,53339.35246668327,489,0.1133226455819337,164324.17608157382,30,24.95343468040616,22529.862427577107,1,3,1,1,Bachelor,0.3245983259347337,456.4560446710384,0.10269102047074512,1
78,Female,Black,79213.60664258274,487,0.42841440606817516,145438.4908850845,15,25.909755326288728,25454.594659619932,6,2,0,0,High School,0.5446536619055811,807.9916160282472,0.1224019433439956,0
71,Male,Hispanic,37784.74688536525,449,0.13938475695745065,247856.8565826214,15,2.4015079575894926,24808.93312084923,9,4,0,1,High School,0.15244584074183143,1376.982536570119,0.43731377873121086,0
50,Male,White,52133.3931073409,824,0.22561275965616148,39576.83050480677,10,4.535042819360903,25985.68540315763,5,1,0,0,High School,1.317270545477589,329.80692087338974,0.07591454947756693,1
53,Male,Hispanic,64941.17655648246,665,0.46095667465591794,123736.43936234889,10,4.031172796832465,4044.3420741460977,1,3,0,0,Bachelor,0.5248346961585761,1031.1369946862408,0.19053618354870638,0
48,Male,Black,23575.81536287742,456,0.2402023998126934,183795.95409377018,30,3.3372543225412787,4568.438697092866,1,2,1,0,High School,0.12827167757375857,510.5443169271394,0.25986510790089307,0
31,Male,Asian,111931.77792285098,379,0.3555869243588674,121177.02629767153,10,9.831336585966877,4610.166393223799,5,0,0,0,Bachelor,0.9237046108714568,1009.8085524805961,0.10825971725490938,1
18,Male,White,50571.31525555172,572,0.5576241347600572,225397.6158856161,30,24.90650648851582,28269.447250310637,2,2,1,0,Bachelor,0.22436490757389135,626.1044885711558,0.1485674996761937,1
63,Male,White,52839.78901151186,817,0.12481717701828918,216337.41348114877,10,7.558864308936878,1800.4180938690042,5,0,0,0,Bachelor,0.24424711454783207,1802.8117790095732,0.40942141807950216,1
33,Male,Black,75137.56063349843,531,0.5055398968678367,448066.5557862277,20,7.326650369767799,-2931.6576159822944,8,4,0,0,High School,0.16769285648122892,1866.9439824426154,0.2981641618442874,0
71,Female,White,68299.10666020447,459,0.13263599928424477,123874.07588675072,10,20.276662722618397,10362.37577181191,9,1,0,1,Bachelor,0.5513591618850542,1032.2839657229226,0.1813699797027182,1
63,Male,Asian,50761.56038792918,643,0.16339742216833833,198885.6072394249,30,2.907753064101514,15916.038205222216,0,3,0,0,High School,0.2552299338927064,552.4600201095136,0.13060119095335426,0
78,Female,White,52602.58876196084,588,0.15965955194460543,104306.34553029254,10,10.808399770857719,19254.871200426795,2,2,0,0,Bachelor,0.5043086160724906,869.2195460857712,0.19829127802493418,1
69,Male,Hispanic,19917.029381040422,504,0.5970511416053631,393980.2489868099,15,8.86278920532663,12705.913487554912,1,2,0,0,Bachelor,0.05055337020640145,2188.779161037833,1.318738323369484,0
20,Female,Black,38870.68444300048,604,0.1900931596657667,370122.0145543313,20,25.41902592388264,27264.970232466407,2,3,0,0,Bachelor,0.10502127113353463,1542.1750606430471,0.4760940280033838,0
52,Male,White,60344.204323179205,659,0.5483809231281341,43208.01854768206,10,15.435038328763799,37504.33921360734,1,0,1,0,Bachelor,1.3965973527942865,360.06682123068384,0.07160259884491532,1
58,Male,White,58877.856780857735,699,0.5954660814732771,183552.8820780368,20,19.39420692365823,20737.29754001416,2,1,1,0,Master,0.3207678142358235,764.8036753251533,0.15587598811656575,1
23,Male,Black,74423.31500008174,748,0.291892385206149,203603.28730952024,20,3.8710301461870564,37429.84338807062,3,4,0,0,PhD,0.36553100877463973,848.3470304563343,0.13678730066599198,1
42,Female,Black,47589.978835533504,405,0.4155242717643427,165981.27962740063,20,27.867547816677305,28248.66210043431,6,3,1,0,Master,0.2867189537420413,691.5886651141693,0.1743867970618524,1
30,Female,White,22254.269731382676,381,0.48954562688180625,151612.07992926374,20,9.673564623753139,5674.941592769686,1,1,1,0,High School,0.1467842782828759,631.7169997052656,0.3406359358434988,1
70,Male,Asian,71134.60861551356,641,0.29632254091810417,277090.23889625445,15,21.205165135294845,7299.030957618628,1,2,0,0,High School,0.25672000897204866,1539.3902160903026,0.2596862898751505,0
51,Male,White,78721.78692364032,720,0.18090707024890365,378786.9904551495,15,28.638785397466307,6541.281313797344,1,1,0,1,Master,0.20782600487162567,2104.372169195275,0.3207811587767697,1
25,Female,White,67964.89145712458,348,0.31688137189628063,280705.51347990526,30,15.259465848480076,17136.20332251959,5,4,0,0,PhD,0.24212168337758694,779.7375374441813,0.13767182215295543,1
38,Female,Black,46727.326582850175,505,0.4859438225014723,286414.86658962164,30,15.226057762015666,15816.957868931011,7,1,1,0,High School,0.16314560462324604,795.5968516378379,0.20431646571362047,0
51,Male,White,70887.72103753158,517,0.4903813813742015,164516.6851644417,30,3.5174827067535572,28920.81501974103,3,2,0,1,Master,0.4308846909155516,456.9907921234492,0.07736021732985236,0
21,Male,Asian,118578.20956016426,735,0.21526939608545667,301733.8541971477,30,11.708266692693876,17646.905266250742,9,4,0,0,Master,0.3929894107364144,838.149594992077,0.08481992751629291,1
42,Male,White,52303.04628880951,621,0.18748281994537327,301404.77909450367,20,25.573948166446065,23715.026985430955,2,4,0,1,PhD,0.17353091230318615,1255.8532462270987,0.28813310168416584,1
32,Female,White,23765.26615509751,530,0.5602803510501748,152536.1530656594,20,4.0531952129684505,2482.149718797533,8,4,0,0,High School,0.1558008752513099,635.5673044402475,0.3209224589999833,0
21,Male,White,38274.29900895696,786,0.12199951527915529,176691.11579820045,20,27.525123916819723,23624.34603834922,0,2,0,1,Bachelor,0.21661699761220687,736.2129824925019,0.23082214485084515,1
62,Female,Black,62509.52000608102,728,0.4673692378825435,42477.73967933431,15,20.019282431599702,12824.130811134626,9,0,0,0,Bachelor,1.4715830097827052,235.98744266296836,0.04530268848137266,1
77,Male,Black,17903.913782038744,583,0.12321069272337701,64741.88044569967,15,12.628795051771153,11730.670741744556,1,2,0,0,Bachelor,0.2765429990414801,359.6771135872204,0.2410716123631356,1
29,Male,Black,53388.06149824139,785,0.518950025430494,156626.70326886635,20,16.39495255576972,10302.707352043488,6,0,0,0,Bachelor,0.3408618095382824,652.6112636202764,0.1466870109846802,1
49,Male,White,57606.733006317656,575,0.552707406668051,93022.56031292237,20,4.514898232101028,42669.07163601894,2,0,0,0,PhD,0.6192770099267535,387.59400130384324,0.08073931245391117,1
49,Female,White,80702.43479625304,732,0.2487095621145495,280441.24855023867,20,6.524498794131929,2304.416381560757,8,2,0,1,Master,0.28776948902292415,1168.5052022926611,0.17375017820606037,0
45,Female,Hispanic,76203.897121086,484,0.1369678217583488,184102.96238756977,20,8.592252812000185,30151.342240898888,0,1,1,0,High School,0.41391999418598774,767.095676614874,0.1207962908347292,1
30,Male,White,67291.69583503543,515,0.34034226817371427,253257.5500597384,15,11.545383545232434,19300.710352794616,8,2,0,0,Bachelor,0.2657045992080499,1406.9863892207688,0.25090520399485394,0
48,Female,Hispanic,6746.419789709413,396,0.2492315183727384,77922.00678243289,10,27.465659849789542,-400.66651486791307,5,4,0,0,Bachelor,0.08657913301111693,649.350056520274,1.1550127209885528,0
31,Male,White,68421.0625609585,418,0.3085680714051895,329876.2482264652,30,11.02707074895471,15537.171256213514,0,1,0,0,PhD,0.20741433470525703,916.3229117401811,0.16070891812131094,1
37,Male,Hispanic,64110.26772120493,664,0.43249272674434014,248956.73685482936,30,15.715057211586629,-15048.321177466001,8,3,1,1,Bachelor,0.25751569743054853,691.5464912634149,0.1294419472907016,1
35,Male,White,55118.88754156693,702,0.20491301797435849,240446.43628843245,10,4.860784842535266,45793.848822799424,8,3,0,0,Bachelor,0.22923561851192478,2003.7203024036037,0.436232382424453,1
46,Male,Black,15395.55747709029,696,0.27847578475704315,294686.077301402,15,22.07919603156212,14479.145740235534,9,3,0,1,High School,0.052243925529416396,1637.1448738966778,1.27606541796193,1
77,Male,White,34464.52181625879,757,0.49128124514633686,231877.00311481272,15,16.808425472001044,36732.44718440583,4,4,1,0,Bachelor,0.14863277234609532,1288.2055728600706,0.4485327536744829,1
23,Female,White,26663.544609318673,617,0.42188097497641086,98659.27407263074,10,13.197223739501158,40186.16301718682,6,4,0,0,High School,0.2702588769271662,822.1606172719228,0.37001559814425494,1
49,Male,White,9699.831209858188,681,0.2631377455756193,262689.28194842977,30,28.415593966745806,11478.962430676616,2,0,0,0,Bachelor,0.036925112200666126,729.6924498567494,0.902728017512483,1
46,Female,White,49941.69697170411,441,0.4321508001299643,121258.5217101145,30,26.719525324255102,20439.951281545567,7,4,0,0,Master,0.41186133780433787,336.82922697254025,0.08093338770527893,1
60,Male,White,34043.55757114441,756,0.4826564614459833,221088.98999471503,10,19.785338170334917,22781.001082403414,2,0,0,0,High School,0.15398124335344876,1842.4082499559586,0.6494297475599665,1
79,Female,Black,102506.11160537823,800,0.39624279047639377,122717.42471278807,10,27.654372184695813,48503.923500820885,9,3,0,0,Bachelor,0.8353020106581192,1022.6452059399005,0.11971717860610899,1
19,Male,Black,46624.56121124181,622,0.21974841625050426,366221.64275344415,20,16.943453847992178,17130.718240223374,6,2,0,1,PhD,0.1273124134900772,1525.923511472684,0.39273468021951397,1
77,Male,Hispanic,75875.06311731921,567,0.10012264525599654,266965.49532395543,10,24.808114551458004,19193.651004685184,3,2,1,1,High School,0.28421299548560336,2224.712461032962,0.3518487950529533,1
40,Male,Black,18618.019506135508,786,0.5014245534941407,300744.25212393457,10,12.283804925555588,-985.7963110657292,4,4,0,0,High School,0.06190648491085095,2506.202101032788,1.6153396553528439,0
36,Male,Black,39398.2082799026,459,0.5113167776580823,124076.37056384391,30,2.6023257404384292,6589.407887188549,6,3,0,0,Bachelor,0.3175319208715097,344.65658489956644,0.10497632251222318,0
48,Female,White,51937.957520686294,313,0.44880225069718105,229890.86772907115,20,29.824457685873288,12504.572450435146,1,3,0,1,Master,0.22592440506116898,957.8786155377965,0.22131296522154173,1
68,Male,White,31836.92102784659,454,0.1382904656838069,219020.21003247902,20,4.9689456247971755,39520.13918574728,3,0,0,1,Bachelor,0.14536065426622236,912.5842084686626,0.3439720346086703,1
22,Female,White,41555.98630390511,400,0.39261114375402306,211032.16471477548,30,7.545301177769678,48397.7272568216,6,0,0,0,Bachelor,0.19691778435799534,586.200457541043,0.16927538283049912,0
36,Male,Hispanic,45640.981875129226,342,0.5105103356358036,6257.462213017541,30,4.8931016827451845,27516.51283215717,2,3,0,0,High School,7.293848579729535,17.38183948060428,0.004570061054731873,0
51,Male,White,45321.84029110211,492,0.2948341600540828,396428.2122370966,15,10.124385539362352,25264.06830376554,3,4,1,1,PhD,0.11432546648318745,2202.378956872759,0.5831305020432221,1
27,Male,White,87102.37146070693,610,0.19900036711012706,196153.560949669,20,8.678404011790162,30272.841189193663,9,4,0,0,Bachelor,0.44405195112953627,817.3065039569541,0.11259943768474577,1
42,Female,Black,57564.5257086302,764,0.3938136486207353,250180.95249542996,10,18.033067456477045,9730.04700813581,7,3,0,0,High School,0.23009156026649044,2084.84127079525,0.4346095957808305,0
19,Female,White,59590.211258826064,462,0.5131533136504389,68525.56429214409,20,29.893800432578534,40848.98972641071,2,2,0,0,Bachelor,0.8696055534074253,285.5231845506004,0.057497332904651005,0
79,Male,Hispanic,60793.09548690141,650,0.12443497935353279,346375.180304268,15,1.575271664567055,-1465.5681316255504,8,2,1,0,Bachelor,0.1755122738110122,1924.3065572459334,0.37984048191667713,1
28,Male,Hispanic,62252.52754674225,533,0.3984756085803679,337939.41212451365,10,23.35329339879966,13178.062513475601,4,0,1,0,Bachelor,0.184212096349997,2816.1617677042805,0.5428525161018919,0
67,Male,White,48342.26032250269,702,0.42158689766967095,285437.7341471164,15,3.839757732194596,29799.711680187807,1,3,1,0,Bachelor,0.16936184161827314,1585.7651897062024,0.3936345166636032,1
78,Female,White,43585.07257042307,650,0.4011835196741398,227284.83427128347,30,0.5950507389664694,12782.047774153698,7,2,0,1,Master,0.19176410388385456,631.3467618646763,0.17382467655949976,1
48,Female,White,53336.32119036555,466,0.4250168421185243,433552.08937565936,15,19.157304603470845,57027.04016115459,9,4,1,1,High School,0.1230217141086161,2408.6227187536633,0.5419097526783487,0
73,Male,Black,73136.07897826945,447,0.4156876538020773,298309.8489810972,30,26.199456866081018,30014.198358733636,7,1,0,0,Bachelor,0.24516816735374972,828.6384693919367,0.1359610984293778,1
32,Male,White,72524.76376872767,327,0.16520194249017453,63387.778998615424,15,5.288955199451859,34752.988703589544,0,1,0,0,Bachelor,1.1441442643117663,352.1543277700857,0.05826771041566901,1
26,Male,Hispanic,45192.03048623178,558,0.21746838847445768,222448.6758940263,30,10.24841353925842,8616.078698816791,8,3,0,1,High School,0.20315711165554923,617.9129885945175,0.16407662553231045,0
40,Female,Black,65356.87389336223,741,0.40949700264450506,258375.01436630098,20,5.062506126692315,34474.73781194918,1,0,1,0,Master,0.25295353753016186,1076.5625598595875,0.1976647588652049,1
36,Male,White,46108.306739206644,826,0.10884658056838539,210505.07822657854,30,27.195227079087513,32150.711114376234,3,1,1,0,High School,0.21903655307344966,584.7363284071627,0.15218160104151954,1
26,Female,White,50677.41098870488,510,0.41737225936162226,257310.49161808105,20,8.110812972543677,43468.20827535844,5,4,1,1,High School,0.19695042619530642,1072.127048408671,0.2538709916292202,1
52,Male,Hispanic,40529.53236891605,842,0.43269331189251603,344123.3385412543,30,13.341386742183074,-12882.393603185912,8,4,1,0,High School,0.11777618031000614,955.8981626145952,0.28302270667629525,1
38,Female,White,46367.09722187533,744,0.21958737993082925,181134.5430491846,15,26.84223828849235,8291.192628442024,0,4,0,0,High School,0.25598152865455914,1006.3030169399145,0.2604354580467863,0
26,Female,Hispanic,76826.6013909936,752,0.3990664148765698,162009.70876744427,15,16.586076112880153,25045.408473781186,8,1,1,1,High School,0.4742098604798668,900.0539375969126,0.14058473309518432,0
45,Female,White,51848.422946784725,703,0.3670450303618823,91448.6977325267,15,27.985494023061175,25494.1120066851,7,2,0,0,Bachelor,0.5669673186427798,508.0483207362595,0.11758467282780065,0
79,Female,Black,52705.650171046356,365,0.2303457740765569,13406.377474401845,30,27.79351243941117,19324.461964603444,6,4,0,1,Bachelor,3.9313864070799585,37.23993742889401,0.008478773104903647,0
63,Female,Hispanic,21055.644414840834,704,0.33148700593737734,168775.62022038887,30,13.848030596811627,-2918.904010463244,1,0,0,0,High School,0.12475524834301403,468.82116727885796,0.26718982789151663,0
68,Male,Hispanic,43815.12184734541,734,0.5548122647060908,132271.33032469073,15,17.471478382001116,22947.61820194503,6,3,1,1,Master,0.3312518422532759,734.8407240260597,0.20125674234195862,0
24,Male,White,45173.70192510543,527,0.3133013902299414,179336.90111974868,20,6.909428211388107,24627.605757415666,1,3,1,1,Bachelor,0.25189295478537116,747.2370879989528,0.19849701649100582,0
33,Male,White,33417.13029113189,775,0.41492208843975087,141477.48176586392,30,29.716074564034898,19954.987201197997,8,3,0,1,Bachelor,0.23620105386407061,392.99300490517754,0.1411227121472373,1
33,Female,Hispanic,50433.30823407127,767,0.1176754105203471,92556.78714124986,20,8.349499812353848,19447.311534300203,3,2,0,1,High School,0.5448904374468571,385.6532797552078,0.0917615662963006,1
77,Male,White,41416.35419544691,400,0.1389000566610494,144951.27360081644,30,23.499209639428535,34132.907343754225,1,3,0,0,Bachelor,0.2857260454951507,402.64242666893455,0.11666186495378161,0
50,Female,White,51599.917104871645,722,0.14065403665165924,251301.593078462,15,9.38907180465678,17689.322726937324,4,3,0,1,High School,0.2053306406567864,1396.1199615470111,0.3246795824209262,0
21,Female,Asian,52430.06019637869,655,0.4891203818132227,146474.9271388784,20,9.391267862693551,1248.4991150505375,8,1,0,1,High School,0.3579456308359708,610.3121964119933,0.1396860184694155,0
21,Male,White,30884.912843547114,438,0.2751284474017264,181133.14656197006,10,3.115887801028383,41051.724492776266,3,2,0,0,Bachelor,0.17050944804837603,1509.442888016417,0.5864777649836068,1
56,Male,White,42025.96435033621,430,0.21380584418290668,409465.1453106152,30,16.796874323897395,40206.10462910132,4,2,0,0,Bachelor,0.10263624347917534,1137.4031814183754,0.324771564151182,1
57,Male,White,51547.485655216675,848,0.4736622842258613,307517.07322839845,20,7.344970143846278,19405.05900292995,7,1,0,0,High School,0.16762479271169256,1281.3211384516603,0.29828523090851994,1
34,Male,Black,73685.9886231345,767,0.18498003127808724,222785.5960512026,15,4.451842732728563,33126.06029376122,2,0,0,0,Master,0.3307484412331546,1237.6977558400145,0.20156305625540744,1
54,Male,Black,55134.38345591481,779,0.22324626253514032,226098.69303203182,20,6.800000835502004,-2860.327886389143,5,3,0,0,High School,0.2438509604657636,942.0778876334659,0.2050432768626308,0
56,Male,White,36761.296401651445,410,0.3154657216350104,128968.92518737067,10,7.532794711920897,17833.047322860508,0,0,0,1,High School,0.2850399532154224,1074.741043228089,0.35082801155395854,1
77,Female,White,57980.09518487705,452,0.2657190345073066,158008.567768476,10,15.122503683584581,-5712.980674804825,2,1,1,0,Bachelor,0.36694272977547077,1316.7380647373,0.27252209101182945,1
69,Female,White,84150.9777864352,541,0.3926961055183221,172271.24152463477,20,11.577691096666868,36869.53136524822,7,1,0,0,Bachelor,0.48847954563792717,717.7968396859782,0.10235843127208688,1
46,Male,Black,68334.12945178038,578,0.26892030953742385,210500.72148921355,10,2.2647084306588026,-2439.689357118492,9,1,1,1,PhD,0.3246265806993063,1754.1726790767796,0.3080462474286034,1
69,Male,White,60950.530608712405,662,0.296475817929446,195588.39923282084,30,16.080857486875832,13829.887109141413,9,1,0,0,Bachelor,0.31162651183703005,543.3011089800578,0.10696565300825725,1
53,Male,Asian,64511.80350964643,707,0.5314433041247429,87155.47440951303,10,23.632423547662942,23235.93062835974,5,4,0,0,Bachelor,0.7401922133603229,726.2956200792753,0.13510004319826635,1
77,Female,White,78799.08082857261,474,0.5422657198140012,259604.215712279,20,17.22705482681986,32358.870930748217,9,1,1,0,High School,0.30353544379998104,1081.684232134496,0.16472540858506202,0
55,Female,Asian,71512.5358803532,434,0.5138555954067038,142650.68437271405,20,29.236207567553123,27908.719670169034,3,0,0,0,Master,0.5013122523373745,594.3778515529752,0.09973823653197061,1
56,Male,White,61335.207622353155,805,0.5324154663523163,392234.5837666645,30,2.974506244334142,37144.946072289196,7,1,0,0,High School,0.1563737879341122,1089.540510462957,0.21316445533300168,1
67,Male,Hispanic,71372.8443918017,593,0.3848643346695585,324963.0314170144,30,24.634570102743282,32058.131787606682,2,0,1,1,Master,0.21963373519928567,902.6750872694845,0.1517678206541822,1
54,Female,White,28366.978074718783,794,0.423116607375692,33844.73915580436,20,15.170780096919993,39627.69683424988,1,1,0,1,PhD,0.8381502940274207,141.01974648251817,0.05965517205720173,1
69,Female,White,19954.69495319438,718,0.3785865832774703,174679.015179344,15,15.647855326356844,-6326.061290181082,9,1,0,0,Master,0.11423636051936047,970.4389732185778,0.5835853520155536,1
79,Male,Hispanic,53141.9730128766,505,0.49279404202646004,360828.31585970835,30,15.572998039486452,12730.79519588679,7,4,0,1,Bachelor,0.14727772371816417,1002.3008773880788,0.22632976998694773,1
78,Female,Hispanic,51373.61419301077,617,0.37550024288072215,266270.1271330635,15,9.759564837229153,26770.595316565028,3,1,0,0,Bachelor,0.19293795645103579,1479.278484072575,0.34553422194862665,1
52,Male,White,39121.79892973485,372,0.15553848227539027,208907.33782797327,10,9.736650427207573,43605.912297252566,8,3,0,0,Bachelor,0.18726866818795068,1740.8944818997772,0.5339921566571714,0
24,Male,Hispanic,66517.0533965542,558,0.50479006022843,-32523.252394779993,10,18.955335199274273,12424.482631363557,2,4,0,0,High School,-2.045215299784416,-271.0271032898333,-0.04889460782468275,0
44,Female,Black,12742.728270975284,657,0.4802925853387682,178243.27501992762,30,1.3429525614934923,49477.03103095258,8,4,0,0,Master,0.07149065382439054,495.12020838868784,0.46626141390751924,0
45,Female,Hispanic,39304.55487884393,447,0.5101502976413127,221036.22847489145,30,17.663581359054103,25295.842384497515,9,3,1,1,Bachelor,0.17781951470144958,613.9895235413652,0.18745599092033516,0
39,Male,White,40300.889102447705,524,0.19521473169488093,-5597.238869275287,20,21.737721546327464,9325.55784347033,5,4,1,1,Bachelor,-7.200137432702732,-23.321828621980362,-0.0069443118922844485,0
31,Female,Black,17273.96429801081,404,0.23580852635748353,261337.6806032884,10,10.68978880426254,2682.1122850600623,4,1,0,1,Bachelor,0.06609825363925516,2177.8140050274033,1.5128992748548336,0
24,Male,White,79894.62014538608,655,0.247875848631765,129815.54726284448,30,6.520708183788999,31035.35985745852,1,3,0,1,High School,0.6154472390246075,360.5987423967902,0.054161155042569874,1
54,Female,White,22815.97462673354,837,0.35404026809283684,230129.7078306563,20,6.401607381687134,10398.006260071334,5,1,1,0,Master,0.09914397772374069,958.8737826277345,0.5043170664316322,1
78,Male,Hispanic,38233.19885384628,560,0.1669385420817299,213182.61754811142,15,2.45518960033698,15916.860542181239,3,4,0,1,Bachelor,0.17934482320172163,1184.3478752672856,0.3717233956158412,1
39,Female,White,68159.59515610267,369,0.29269087663743365,174457.23470181346,20,2.691579576192249,22430.773021708323,4,2,0,0,Master,0.3906951481410485,726.9051445908894,0.1279770179842342,1
22,Female,White,62920.90686857463,746,0.1910790805395148,279156.8868277843,10,5.000636045837781,22992.749122754547,5,3,0,1,PhD,0.22539621924997108,2326.307390231536,0.4436631649490848,1
79,Male,Black,27836.50607030507,746,0.23238135651636824,228128.73442405197,20,0.5751871515926132,48687.424351348905,6,0,1,0,Master,0.1220210428141937,950.5363934335498,0.409765388385813,1
72,Female,Black,63649.78418521273,556,0.4531938172792137,471589.74530454347,20,7.987062225725529,25907.56889235937,3,4,0,0,High School,0.13496855014120152,1964.9572721022644,0.3704566726670098,0
19,Female,White,55795.68957316443,830,0.5274055781586405,377791.39304561197,30,9.192054877438803,10928.256153742708,7,2,1,0,Master,0.14768914962133095,1049.4205362378111,0.22569927052054037,0
79,Female,White,96660.71124222936,418,0.11145293329859193,98755.30020135514,20,29.856637600683925,8803.67002249671,4,4,1,0,Bachelor,0.9787901109626008,411.4804175056464,0.05108347483284951,0
44,Male,Asian,58078.80832136609,365,0.3829484816775002,318681.60234220506,10,29.750632129683762,45008.65959609581,6,1,0,0,High School,0.18224713285770477,2655.6800195183755,0.5487054771834363,1
38,Female,White,47175.16357862936,544,0.11802988103113357,126336.77978002916,20,5.611465405112543,12267.53493303611,5,1,1,0,High School,0.3734079945742501,526.4032490834549,0.1339017930159976,0
71,Female,Black,32869.96085761154,356,0.14262462250577515,82568.81635046746,20,6.390964742907733,28771.395442738365,4,1,0,0,High School,0.3980917047192896,344.0367347936144,0.1255992009058742,0
55,Male,Hispanic,35115.13266088857,343,0.45254201730705457,52387.73950873094,10,14.757191116812976,22882.99393516787,6,2,0,0,High School,0.6702929538510873,436.56449590609117,0.14918849948438523,1
32,Female,White,33484.61809063684,823,0.46780405325105834,164184.4074027589,15,4.463530012131304,26308.914778294788,3,1,0,0,High School,0.20394517737909243,912.1355966819939,0.32688523221486604,1
38,Male,Asian,77421.97627823844,723,0.5069903365863994,300587.1968741621,15,15.121182244745752,40974.29959891253,6,4,1,0,PhD,0.25756910834312874,1669.928871523123,0.25883021102769277,1
27,Male,Hispanic,50359.39830032941,835,0.33712075588515245,215836.0152234175,10,11.98169114415223,24241.19733295478,2,4,1,0,Master,0.23332249832448532,1798.6334601951457,0.42859133053225074,1
40,Male,White,61304.942479494595,694,0.5299037410080941,250845.8836148387,15,9.738686731496172,32262.25217621455,7,4,0,0,Master,0.24439285826043397,1393.5882423046594,0.2727848397092857,1
75,Male,Black,80284.95199961774,749,0.18341914582081217,-122707.19842667523,20,24.67815512429326,24586.14923268644,9,3,0,0,High School,-0.6542807025913213,-511.2799934444801,-0.07641979933379014,1
73,Female,Black,2830.717155850696,556,0.22485820681750132,177098.31725617795,30,24.843530999791728,13196.619293597088,3,4,0,0,High School,0.015983873814882046,491.93977015604986,2.0854352154793534,0
56,Male,Black,75577.4752940075,660,0.16725107380098567,94751.25448830497,10,29.636684009511796,27410.909752202908,3,1,0,0,Bachelor,0.7976408935391556,789.5937874025415,0.12536970058831506,1
22,Female,Hispanic,51107.93823566668,679,0.4987686302909383,42001.90760056209,20,6.692643422447468,10236.699004219727,0,3,1,0,Master,1.216800406345895,175.00794833567537,0.04109137352292,0
18,Male,White,58700.96743280889,742,0.21433755919330946,79614.15786071957,30,26.648324914312383,2545.764622386996,7,3,1,1,PhD,0.7373181982971281,221.1504385019988,0.045208884590558426,1
30,Male,White,33431.935565034975,833,0.17775562137914783,207092.50307028196,20,16.135377890217928,28723.242977218466,4,3,1,1,Master,0.1614347939659072,862.8854294595081,0.30972257449381885,1
38,Male,White,34897.51203102963,773,0.41155534379402814,265776.09085446666,10,17.74378293997056,26960.235872124194,8,3,1,1,Master,0.1313041813461647,2214.8007571205553,0.7615903695889493,1
43,Male,White,59776.91779625976,456,0.1385410131803372,108960.23163808037,20,26.888796429975788,25420.16712149891,2,2,0,0,High School,0.5486122496032617,454.0009651586682,0.09113905137218199,1
67,Female,White,97691.95600662939,388,0.12245013861008627,258908.6074974598,10,28.2789238913496,19655.172124166096,4,4,0,0,High School,0.377322163797076,2157.5717291454985,0.26502551292952947,0
62,Female,Hispanic,70066.26625629803,501,0.15335882427622946,281641.2397657115,20,21.804337731019118,18916.430586196755,3,2,0,1,High School,0.24877843285515983,1173.5051656904645,0.20098205228710592,0
38,Female,Black,75310.45842837081,761,0.1001204419935838,232961.82343981415,30,10.435272958053716,3748.042054851083,6,0,0,0,High School,0.32327381935962274,647.1161762217059,0.10311176265174754,0
70,Male,Black,46159.9745947716,780,0.4484950771108962,114174.18775367721,30,14.69003969005516,-7935.562362781544,9,2,1,0,Master,0.40429431120069365,317.15052153799223,0.08244818789148507,0
35,Male,Black,37995.915508287435,753,0.3811176608572393,150265.90923975632,30,18.451615921623297,33317.192176942,4,3,0,1,PhD,0.2528578551217706,417.40530344376754,0.13182637065904382,1
54,Male,Hispanic,34383.90096842013,769,0.20493755451886195,232777.51699057268,15,24.85920116958291,33115.43151994537,1,4,1,0,Bachelor,0.14771143456183808,1293.2084277254037,0.45133043940993783,0
62,Male,White,40234.52550606624,679,0.21650247398879793,128431.29585714568,20,19.738431161326663,16236.394327231254,5,4,1,1,Master,0.31327664520974047,535.1303994047737,0.15960334344912536,0
49,Male,Hispanic,8944.35133658949,700,0.5054842992350198,264664.1656733081,20,10.963428500628691,42077.13438651878,3,1,1,0,High School,0.03379509769989065,1102.7673569721169,1.4795045258934638,0
53,Female,White,35501.61314216796,378,0.3509100579301502,89200.52453096179,30,12.536413540808832,27499.280894836727,5,2,0,0,Bachelor,0.3979978069506221,247.7792348082272,0.08375255529352416,0
34,Male,Asian,38792.936878803135,685,0.44926417854086986,238095.08892120747,10,1.5131310611782434,25068.793162259502,0,4,0,0,Bachelor,0.16293043697193116,1984.1257410100623,0.6137588645713109,0
52,Female,Black,46492.83651210318,642,0.3263777256374578,290693.93196997896,15,27.72803581311408,50262.56870828449,0,0,0,0,High School,0.15993741663965888,1614.9662887221054,0.41682970794049745,1
66,Male,White,52635.00219494583,744,0.21885901301039615,219146.4102228069,20,2.643570399884797,1175.557161640827,3,0,1,1,Master,0.24018190460629332,913.1100425950287,0.20817554961919424,1
77,Male,Black,57249.017372512215,351,0.5852014003414534,100951.42007523439,20,17.397923720566343,19291.920342978414,6,2,1,1,High School,0.567094720706724,420.6309169801433,0.08816869241471526,0
28,Female,Black,49701.4925511408,550,0.3828237816876987,36956.58736725635,15,26.14955643716465,7219.168051488417,6,1,0,0,Bachelor,1.3448615278578584,205.31437426253527,0.049571398456802925,1
38,Male,White,38371.13827314486,628,0.1654909518839562,89272.5145035405,15,12.625957485450215,14484.30759479944,0,0,0,0,Master,0.429820292242615,495.9584139085583,0.15510358135682484,1
69,Female,Black,10732.827134689585,793,0.3030450210919534,248739.08533951332,30,24.003764625341145,18990.89587956643,4,1,1,1,Bachelor,0.043148937047991255,690.9419037208703,0.7725180644950586,1
72,Female,White,38493.82783196413,649,0.2646687059734504,179403.9437510834,15,24.114482389088852,19333.083406856415,5,2,0,1,Master,0.21456511505328418,996.6885763949077,0.31070599081360895,0
70,Male,White,30550.987246259898,758,0.20704373429426068,139947.72660195222,30,1.795381157587408,3899.0881711940947,4,4,1,0,Master,0.21830284769937608,388.74368500542283,0.15269307608500154,0
43,Female,Asian,59321.334965572074,797,0.5667199946201298,239773.524366567,15,12.364311771921649,21020.175000641175,6,1,0,1,High School,0.24740569302756427,1332.0751353698167,0.26946294505534735,0
79,Male,Black,68185.74793387388,424,0.5404599977298763,1403.8568309895636,15,20.730764600611305,7626.531977599954,5,0,1,1,Bachelor,48.57030035307125,7.799204616608686,0.0013725809019513534,0
21,Male,Hispanic,68771.42134119879,503,0.1995735582600582,173785.34602794188,20,12.670605272066487,37949.72152340374,4,1,0,0,Bachelor,0.39572623879427354,724.1056084497578,0.12634997404352946,1
51,Female,Black,65139.0547225564,320,0.27607394452775835,89327.27418269102,30,16.355017445380685,31468.08116374517,4,4,0,1,Bachelor,0.7292179831809803,248.1313171741417,0.04571106870942393,0
69,Male,White,47329.48529095024,661,0.4811576958354108,64946.70033577355,15,17.8337371381992,25158.506969493003,8,4,0,1,Bachelor,0.7287434934532078,360.81500186540865,0.09148166297960547,0
65,Female,Black,39560.88869048207,660,0.20425302407010784,148541.95401594415,15,4.5368813019372745,12861.628993671844,2,0,1,1,High School,0.26632804821078154,825.2330778663564,0.2503178584251265,1
77,Female,Black,35057.944926658674,415,0.3957824313021222,447217.14513625327,20,12.359436184455895,22321.365400166098,8,1,0,0,Master,0.07839132579762254,1863.4047714010553,0.6378256712876823,0
35,Female,Asian,19850.02166796499,354,0.44989697106240834,263214.47084375785,10,0.8538966505069756,30602.21670660343,1,1,0,1,High School,0.07541386917039153,2193.453923697982,1.326016037899582,0
57,Male,White,69837.07401015716,591,0.42698616285538316,86940.14367795833,20,4.488782495860333,14894.463660015468,9,3,0,0,High School,0.8032776466168038,362.25059865815973,0.062244978695208286,0
52,Male,Hispanic,46505.77924140051,350,0.45320432013775025,321091.80473150034,30,15.367621901294958,-3850.010838342503,6,0,1,1,Bachelor,0.14483639431498113,891.9216798097232,0.23014473324185417,1
58,Female,Asian,25073.194127582523,553,0.4533497945143815,69333.07690235395,10,17.207579938164308,30786.718874479673,5,1,0,0,Bachelor,0.3616339451210949,577.7756408529496,0.27652271405692985,0
46,Male,Black,33470.17248579531,791,0.5824029599244642,351730.3978255719,15,4.387032197749869,27945.3001447177,7,2,0,0,PhD,0.09515860071438478,1954.0577656976216,0.7005847728547873,0
69,Male,Asian,32660.530871348958,524,0.2732494447601598,111847.26912478212,30,22.668578106372614,24817.9541313039,8,3,0,1,Master,0.2920100877466335,310.6868586799503,0.11415130754748257,1
46,Male,White,50860.48970030253,768,0.5392952121879198,210953.631496535,10,11.18963663612978,8618.216174109495,5,0,0,0,Bachelor,0.2410979575913958,1757.9469291377916,0.4147691710000979,1
55,Male,Asian,71349.35702141371,402,0.1109035312575534,408562.8588735579,30,27.61949786483016,34398.167965463654,1,4,0,1,PhD,0.17463495633971693,1134.8968302043274,0.19087434745017534,0
59,Male,Hispanic,43040.209008088335,347,0.2441014816616416,164962.83943692318,20,11.629881699162196,37233.113125634685,9,0,0,1,Bachelor,0.26090851221402267,687.3451643205133,0.191638055714277,1
38,Female,White,4949.329704327014,641,0.12432789099956579,383774.3615300392,10,4.494329292978136,24223.41994901665,3,2,1,1,Master,0.01289645739906889,3198.1196794169937,7.7540674082496395,0
59,Female,Asian,46216.393296821596,532,0.42560197997792015,192786.41238237533,10,22.73911376042273,14056.575157317977,2,2,0,0,Bachelor,0.2397284784010366,1606.5534365197943,0.41713859223980954,1
30,Male,White,46876.121998056085,527,0.15039518536580979,191289.479464147,10,17.034024013179867,14370.960438202503,2,4,0,1,High School,0.24505331986562273,1594.0789955345583,0.4080744552036101,0
66,Male,White,45501.59538128957,821,0.5228534318260232,111392.33180423176,15,11.600645047324672,14069.101883293457,4,4,0,1,Master,0.40848049990781304,618.8462878012875,0.16320648520972772,0
58,Male,Black,37450.77667048597,312,0.4232958418951299,341241.45312183315,20,10.678714902967847,13384.7521693087,9,4,0,0,Bachelor,0.10974861444255704,1421.839388007638,0.4555866172339719,0
34,Female,White,54348.78161451685,798,0.11440770052680285,150439.30926669372,10,4.523069206718131,14690.50250682812,0,3,0,0,Bachelor,0.36126715736356624,1253.660910555781,0.27680346237331394,1
73,Male,White,51322.822302980036,744,0.4573886827173115,390515.70601760806,30,10.225038823980343,24847.8470180951,8,2,1,1,Master,0.13142319633276395,1084.7658500489113,0.2536335613762827,1
26,Female,Hispanic,49503.39371746706,639,0.5310174736284805,137222.42988663795,15,0.8803242293500513,33446.914579236065,3,4,0,0,Bachelor,0.36075293054031143,762.3468327035442,0.18479868359438642,0
58,Male,White,58252.827228859314,623,0.4305605038310747,154469.958997,20,15.072057422273131,41766.715384269,6,2,1,0,High School,0.3771142790941678,643.6248291541667,0.13258580428219396,1
18,Female,White,41403.34353704293,456,0.1152621079675161,300395.4683390948,20,26.90171225441208,6303.330242246171,6,3,0,0,Bachelor,0.1378294545053046,1251.6477847462281,0.3627671616307214,0
19,Male,White,40268.286605986934,730,0.5289597742302032,189152.26815723872,20,23.859923886459814,8756.279123046133,6,3,0,0,Master,0.21288820376456002,788.1344506551613,0.23486505647488398,0
77,Female,White,77602.465791708,706,0.46623195646701754,228842.64351973156,20,0.8556359161264293,32662.953906370814,4,2,1,1,High School,0.33910841352877863,953.5110146655481,0.1474454717289305,0
65,Male,Hispanic,61187.10819430872,457,0.28922565624199215,69099.86112628799,15,26.437809788046973,6305.721325676066,3,4,0,0,Bachelor,0.8854881500048488,383.8881173682666,0.07528803933322158,1
46,Female,Hispanic,66538.92121885599,484,0.26431512915775135,211020.36493463028,20,13.569744866476599,2622.8589857273982,3,0,0,0,High School,0.3153199040266486,879.2515205609595,0.15856912095144604,0
50,Male,Asian,74522.09170668137,790,0.33991009070372,237106.73316695433,30,5.726743962464832,5859.563131553165,4,1,0,1,High School,0.3142976612739547,658.6298143526509,0.10605657451672425,1
27,Female,Black,60518.883612496,835,0.5335508754689354,372429.5447433459,30,22.57235865646162,17357.547041755097,5,2,1,0,Bachelor,0.16249753669301845,1034.5265131759609,0.20513131467527945,0
67,Female,White,68567.77358272343,656,0.22602967593477877,152157.36001052996,30,9.68620650531139,44535.231480821094,9,3,0,0,Bachelor,0.45063724540159106,422.6593333625832,0.07396932604544906,1
75,Male,Asian,18413.096758594795,661,0.15048190562060057,233749.9013269029,10,7.599552694105585,18082.374928031713,6,4,1,1,High School,0.07877263970624651,1947.9158443908575,1.269476310212697,0
77,Female,Hispanic,54083.07743992054,523,0.532318186480525,321022.1031517156,20,4.839552203446429,24113.80281068391,4,1,0,1,Bachelor,0.16847150681821055,1337.5920964654817,0.296786091276269,0
57,Male,Black,46345.63076371345,503,0.11314492444036148,204262.44044222726,30,14.598657207006683,2027.8908266673607,8,2,0,0,Bachelor,0.22689257341376795,567.3956678950757,0.14691240366226394,1
38,Male,Black,83553.68181799618,307,0.5554985111220323,308617.01073112537,20,2.801819986483358,36114.057968469024,8,0,0,1,Master,0.27073582762030635,1285.904211379689,0.1846818739857458,0
45,Male,Asian,68552.910636066,771,0.2528725971507003,449827.3379289094,15,23.568393873413598,33072.79756327219,0,0,0,0,Master,0.15239827563993028,2499.040766271719,0.4374502689530377,1
28,Male,Hispanic,37391.096184136404,471,0.3541113508441338,202958.54267290726,30,14.12023729999233,12967.819315807053,4,3,0,0,High School,0.184230216140233,563.7737296469646,0.18093304145048905,0
72,Female,White,57455.883170584115,395,0.16614776237611403,332363.01685549296,10,13.409292504567606,9692.186746800571,1,3,0,0,Bachelor,0.17287086786664105,2769.691807129108,0.5784664659469615,0
51,Female,Hispanic,53353.6266689848,605,0.5511274846883426,251484.21928734492,10,0.05561869444562939,34369.477758410416,3,3,1,0,Bachelor,0.212154968690195,2095.701827394541,0.47135356111328075,1
25,Male,White,59086.628663044576,557,0.4749181116922023,285744.6388176551,15,24.53591580925684,16612.531934997347,6,2,0,0,Master,0.2067812327381935,1587.4702156536393,0.32240192102478465,1
76,Male,White,29623.150612506965,773,0.5620777933040171,270501.2571246638,30,14.78511177114761,10043.035633220308,9,0,1,0,High School,0.10951206263287262,751.3923809018439,0.3043804721775695,1
39,Female,White,57200.329304764506,599,0.4416145255590812,306649.93147096084,15,13.196835594040436,14501.731271539229,5,0,1,0,Bachelor,0.18653299229640058,1703.610730394227,0.3573987949581244,1
25,Female,White,45436.973014235315,764,0.19234688837116307,300029.10705202975,10,22.841546558531714,23579.53693982456,6,3,0,1,Master,0.15144188329152955,2500.2425587669145,0.6603193107913048,1
66,Male,White,55648.99528111201,627,0.25413350149312464,192973.09658233295,10,1.886956473022826,30977.787361067094,2,3,0,1,High School,0.288376961694083,1608.1091381861079,0.34676833895657144,1
32,Female,White,35512.29669755661,409,0.3434242875517367,144402.28737836095,20,11.000413682856111,24847.267282208602,4,4,0,1,High School,0.24592613692127854,601.6761974098373,0.2033130785769432,0
34,Male,Black,38298.73657206801,428,0.40362910268010344,242537.5581256509,15,17.272018726612693,24072.63933220605,5,0,0,0,Bachelor,0.1579084776314383,1347.4308784758382,0.42218548153106805,1
77,Male,Hispanic,73476.84040733405,436,0.5632297186681369,54690.539543813415,10,13.817326882175632,16393.217818807098,5,3,1,0,PhD,1.3435018381647277,455.7544961984451,0.07443235071163255,0
40,Female,Asian,28969.04883319678,838,0.29197573289456946,261862.21740984294,30,5.449166696339232,22183.913254339826,5,3,0,0,Bachelor,0.11062706609505661,727.3950483606749,0.30131263993471163,0
41,Male,White,30444.91197915903,463,0.451536010953573,274587.8501546438,30,8.978295230409353,14128.830008482832,8,3,0,0,Bachelor,0.11087494207049914,762.744028207344,0.30063901464894155,0
62,Male,Black,48968.37485568844,648,0.580504424455411,182114.18960590617,10,9.006016729428989,15952.995094380676,5,4,1,1,High School,0.2688883000366729,1517.6182467158847,0.3719016408908877,0
36,Male,Asian,34562.192496280906,762,0.1761870317077265,204418.04936493633,15,29.75912408295681,41324.51836759788,1,0,0,0,Bachelor,0.16907603121962542,1135.6558298052018,0.3942999264045202,1
22,Female,White,32299.427354744024,803,0.5313547943897741,291185.9144856726,15,9.785913564199465,20632.51732414834,8,0,0,1,Bachelor,0.1109237286143979,1617.6995249204033,0.6010135748178711,1
49,Female,Hispanic,52101.5194241659,450,0.3103530351965993,274714.7124842969,30,6.155461876268969,14486.631023369264,3,0,0,0,High School,0.18965682235582523,763.0964235674913,0.17575604673368878,0
61,Male,Hispanic,19898.682861925903,545,0.46621088796466836,292678.9155018808,10,24.679114593124392,9889.53812085535,6,4,0,0,Bachelor,0.06798809824685861,2438.9909625156733,1.4708456712071734,0
18,Male,White,29840.75530172724,409,0.24676916936854185,277700.296251728,30,12.635137650108259,-13011.264136684578,5,2,1,0,Bachelor,0.10745669235684711,771.3897118103556,0.3102024881115684,1
40,Male,Hispanic,91081.91165847288,574,0.26699210913300075,210630.34496734056,15,13.315910834611524,51299.32943306236,8,4,0,0,High School,0.43242540229707,1170.1685831518919,0.15416917302390024,1
54,Male,Hispanic,59189.50117938018,366,0.11356661243403307,198512.61705090303,10,16.46667190487212,52935.45664728915,9,1,0,0,Master,0.29816493308434233,1654.2718087575254,0.3353848454463049,1
25,Male,White,35068.73295460178,349,0.5857020765834798,242232.7800023018,30,17.870675917875346,29415.52649653713,2,4,1,0,Master,0.14477286250964275,672.8688333397272,0.2302457294516307,0
30,Female,White,58364.30156532394,814,0.5067262876153922,345349.30704257207,10,17.716668012310183,4471.323454176449,7,1,0,1,Bachelor,0.16900077798079738,2877.910892021434,0.5917132524168762,0
25,Male,White,61346.60953973259,525,0.14695897896311025,226427.42314819092,20,1.034991672331318,61019.18268774316,4,3,0,0,Master,0.2709327725713807,943.4475964507955,0.18454762606036101,0
74,Male,White,69888.28840180476,805,0.5997543978318872,330515.8570998731,30,24.565272986938584,-1058.974287980749,5,1,0,1,High School,0.21145214942194554,918.099603055203,0.15764007802454544,0
40,Male,Black,47456.87941086539,454,0.40251229860147075,-3274.935483216279,30,5.845584572245139,25898.791016076924,2,4,0,0,High School,-14.490935670054329,-9.097043008934108,-0.0023002885453571515,1
60,Male,Black,69529.95405545778,779,0.5268643189821915,232161.19684980478,20,8.770263833515825,-5696.491352367884,2,2,1,0,Bachelor,0.29948998798640647,967.3383202075199,0.1669504891838636,1
18,Female,White,9231.069502356542,410,0.1333303816389345,208264.45398656692,15,5.202885600620264,-12583.501855285045,6,0,0,0,High School,0.04432378798041046,1157.0247443698163,1.5040832407223628,1
62,Male,Asian,28873.837390484936,782,0.2947255892459618,33419.26040588113,30,23.012299726076332,23481.21205832613,5,4,0,0,Master,0.863987923126022,92.83127890522535,0.03858078619053949,1
68,Male,White,53277.42803472911,573,0.43482556115180493,48479.61310263991,30,17.509739778762587,25385.420015663185,1,0,1,1,Bachelor,1.0989656192579629,134.66559195177751,0.030331552460977323,1
41,Male,White,56592.67065615583,454,0.15321685934985077,246132.0624887189,15,22.65888458256154,21784.89569309027,9,1,0,1,Bachelor,0.22992807228741147,1367.4003471595495,0.28994574696095804,0
52,Male,White,31764.354246627165,466,0.3444514193270003,210712.97853062514,10,19.601952162879012,42396.68298804667,7,3,0,1,Bachelor,0.1507470231218364,1755.9414877552094,0.6633630165895762,1
41,Male,Black,55188.399825263186,318,0.32133893727207075,279046.658316451,20,3.1247590325820562,19279.886066981497,4,3,0,0,Bachelor,0.19777480998420396,1162.6944096518791,0.2528127823962689,0
34,Male,White,37523.19502625479,644,0.20802011223678987,-59680.62043836989,15,9.044993275530159,32184.253437953805,6,4,0,1,High School,-0.6287333266751758,-331.5590024353883,-0.10603329557732966,0
22,Male,White,44460.818115456685,593,0.25013491792590115,306941.3764731721,10,15.21795478770364,8259.818781630958,2,1,0,0,Bachelor,0.14485117199356384,2557.844803943101,0.6903637618095578,0
37,Male,White,70495.47601330021,761,0.5835591772474912,307679.44919656514,20,9.14835094294091,39425.14928263087,9,1,0,0,Bachelor,0.2291198719881458,1281.9977049856882,0.218226378908709,1
38,Male,Hispanic,68178.749937772,637,0.244324243004968,61674.05144769201,10,6.219117132183493,40705.55735931086,4,0,1,1,Bachelor,1.105468966889533,513.9504287307667,0.09045934620975457,1
57,Male,Asian,30058.79345273475,751,0.20671306698420552,340799.5525444814,30,26.094359071997992,16181.648106954026,2,1,0,1,Bachelor,0.08820080081769313,946.6654237346706,0.3779255179579577,1
75,Female,White,28854.97075959793,643,0.3681045855341667,379040.89735170087,20,22.43351025646128,25628.159276667648,2,2,0,0,Master,0.07612627281436667,1579.3370722987536,0.6568034681262357,1
48,Male,White,41776.53208893367,384,0.4354790170351489,66635.36433978006,10,10.3566018166253,9518.053623098416,0,3,0,0,High School,0.6269423526509311,555.2947028315006,0.15950429824554857,1
63,Male,Black,49465.0739765415,688,0.4625465555347824,210764.36671361947,20,22.950370878866956,16692.75320018193,2,2,0,0,Master,0.23469372336431618,878.1848613067478,0.21304361822401516,0
53,Male,Hispanic,36842.03022850518,526,0.47712359224845813,219818.8594284399,10,18.826158553356837,31059.624455862213,6,2,1,0,High School,0.1676017714053274,1831.8238285703326,0.5966524050522142,1
28,Male,White,70812.84885599336,585,0.11841624575737655,20236.019276324514,10,0.11357200897190278,27272.57907903866,8,0,0,1,High School,3.4993467780909904,168.63349396937096,0.028576761990577376,1
69,Female,Asian,56947.7968341711,583,0.2968802001897817,166996.02169867122,30,11.407860780349049,-5936.91323700959,0,1,0,0,Bachelor,0.3410128951270953,463.8778380518645,0.09774801425298013,1
32,Male,Black,58121.70219748858,408,0.4869790398915451,340410.3435205102,15,8.714624975829913,2941.0213560586235,3,0,0,1,PhD,0.1707401179306018,1891.1685751139455,0.39045695572123057,1
36,Female,White,24669.223421100567,434,0.5524260509000647,114002.55844456723,20,6.537258651176906,11180.238002545486,9,3,0,0,High School,0.21639184030326622,475.0106601856968,0.23106231699830548,0
24,Male,Black,73345.8143476756,590,0.40110006166639167,382866.2128029405,30,7.547681822125347,23296.984350802915,6,0,0,1,Bachelor,0.19157034988988791,1063.517257785946,0.1740004826033512,0
68,Male,Asian,-6403.376444813817,807,0.12615342675484284,236854.8105751298,20,28.270945397265677,6236.858653527208,5,2,0,0,Bachelor,-0.027035028037915576,986.8950440630409,-1.8494524928872624,1
45,Female,Hispanic,66681.10903698739,328,0.2983229029275656,120862.43079859873,15,14.589512039746118,-1208.1805444066777,3,0,1,1,Bachelor,0.5517108053875124,671.457948881104,0.1208362533698087,0
68,Male,White,68686.23475341543,693,0.13711355793422733,204512.19673835274,30,25.431261546723587,-19440.48217161675,2,1,0,1,High School,0.33585397765440217,568.0894353843131,0.09924948206995403,0
60,Male,White,41351.97625444077,326,0.4742689313422923,53654.03418194401,15,6.426514564589477,51292.588179484315,5,0,0,0,Bachelor,0.7707151360550778,298.0779676774667,0.08649975009950038,1
75,Male,White,75458.20434494848,766,0.13175273464083262,242823.49480163518,30,5.232113989378449,23029.715382248974,3,1,1,0,High School,0.31075330830977044,674.50970778232,0.10726622192580307,1
22,Female,White,48738.04894091307,312,0.19286553336758863,180773.91877741637,30,26.66368764941729,-1639.1618554904635,4,2,0,0,High School,0.2696077469058097,502.1497743817121,0.12363640776605239,0
22,Male,Hispanic,51248.63406654886,744,0.30847921198238715,157379.10997409292,30,14.871140573474035,35495.43122693908,1,1,0,0,Bachelor,0.3256380981884139,437.1641943724803,0.1023631249499765,0
47,Female,Hispanic,56790.575748084324,523,0.331324183557436,55389.72719814416,30,26.85456375937239,42403.57537698581,8,1,0,1,Master,1.0252907645659446,153.8603533281782,0.032511102689435564,0
71,Male,Hispanic,113731.4982362211,762,0.3032408501575061,191907.44390414038,10,1.8908655861382473,23200.368238578983,1,1,0,0,Master,0.5926372417999121,1599.2286992011698,0.16873728639848504,1
49,Female,Asian,76888.6781616601,320,0.331698323303,220512.93007354034,20,27.493065665289233,29345.509665844696,3,1,0,1,High School,0.3486810416786806,918.803875306418,0.1433975296141177,1
25,Male,White,64022.62401425836,686,0.45661957601009995,62966.25359996947,10,12.463359490266692,39631.5485015975,7,3,0,0,Bachelor,1.016776770950994,524.7187799997456,0.09835000450144996,1
27,Female,Hispanic,31743.9102679761,625,0.2846344114777708,308112.747411995,10,4.661114622655433,29083.78187562931,6,4,0,0,High School,0.103026929377672,2567.606228433292,0.9706200175434134,0
55,Male,Hispanic,52871.79650958984,766,0.3738752295753096,227791.67959189828,10,20.501480683055824,29488.60105031704,3,3,0,0,Bachelor,0.23210591626661986,1898.2639965991523,0.43083778995590133,1
64,Female,White,33737.51812307227,821,0.25168462876436615,115168.71036893156,30,23.90708049882771,-3014.1507359302886,7,0,0,1,Bachelor,0.2929399662026037,319.91308435814324,0.11378895739436001,1
49,Male,Hispanic,66442.21694565626,524,0.27681374754524135,190457.45924083205,30,1.4212418274420113,-20937.692613826803,5,3,0,0,Bachelor,0.34885594510446855,529.0484978912001,0.09555042360923882,0
65,Male,White,52809.33951469714,774,0.40689947952104044,283692.84352133446,15,29.615879232560584,32921.9534560972,7,3,0,0,Bachelor,0.18614970634860492,1576.0713528963026,0.35813468618542516,1
45,Male,Hispanic,27509.566407722094,757,0.34524732581851003,336964.10053828696,20,20.91080661948541,16635.588142057917,3,1,0,0,Master,0.08163945762701913,1404.0170855761958,0.6124489487476967,0
34,Male,Black,51622.49166837006,512,0.4615181474296406,358695.21108796756,15,9.64205974973533,13177.554277988162,4,0,0,0,Bachelor,0.1439174264741159,1992.7511727109309,0.46322859086600554,0
48,Male,White,33011.65060567389,780,0.38026929402587484,380022.85381302924,15,4.538813870861718,34598.00534192836,3,0,1,0,Bachelor,0.08686754039775613,2111.2380767390514,0.7674519891021195,0
25,Female,Black,53024.32442675094,479,0.5017870426919364,66960.47669120354,20,11.775942440346443,5677.527734499134,6,2,0,1,Master,0.7918749544045083,279.00198621334806,0.06314128224651341,0
57,Female,Black,32818.45367269487,837,0.32170410649735826,128997.57532957594,20,6.6169698167587745,19452.29432145462,3,1,1,0,High School,0.25441139950768066,537.4898972065664,0.1965320740216694,0
42,Male,White,50549.75266721626,826,0.3455168099334007,59882.69941610942,15,14.824596707942874,20855.81284971594,4,3,1,0,Bachelor,0.8441461918067367,332.6816634228301,0.07897526200287555,1
26,Female,White,65009.397238701895,321,0.43498567445046976,309097.905301487,15,23.456781254709828,30347.033523466038,8,2,1,0,Bachelor,0.2103197599326764,1717.2105850082612,0.3169776662354823,0
19,Male,White,48938.960161497875,644,0.21062197220602444,182712.24772807123,15,19.803911668516598,25119.164811964016,7,2,0,0,Master,0.2678471792122728,1015.0680429337291,0.24889814730448354,1
32,Male,Black,42182.234656552224,320,0.29296476846563047,326272.7694202554,30,13.078047143451867,25126.135527510265,1,3,0,1,Bachelor,0.12928518285943572,906.3132483895982,0.25782794745763504,1
67,Female,Hispanic,54065.52442114925,707,0.41242062200585394,58281.45822052233,20,3.568317737401486,13930.464248673521,6,0,0,1,High School,0.9276625203264297,242.83940925217635,0.05389891140843526,1
20,Female,Asian,63943.65241585706,786,0.1144381346328682,131081.65086237364,20,28.71470767104021,14322.923521601868,1,1,1,1,PhD,0.4878154340838545,546.1735452598901,0.10249778196112815,1
66,Female,Black,27856.33460236479,827,0.3184857168169708,120172.52246968156,10,8.1111157635146,25103.891959613036,9,1,0,1,Master,0.23180286166825442,1001.4376872473463,0.43140105898742265,0
53,Male,Hispanic,55213.123094104056,715,0.3994249681530584,323842.63227107626,30,8.33503637625052,12492.215504813255,2,3,0,0,Master,0.1704936830178902,899.5628674196563,0.19551066493082686,1
79,Female,White,76350.816380348,571,0.5836877659890989,270076.7326137413,30,19.365066655155974,7572.136100607089,0,1,0,1,Bachelor,0.2827004593896043,750.2131461492814,0.1179104321418697,1
21,Male,Hispanic,61473.13926553431,504,0.5385082808088356,-2902.150507111306,20,23.115288664413082,39293.84122656148,1,4,1,0,Bachelor,-21.181926683300244,-12.092293779630442,-0.0023605029300483708,1
31,Male,White,51155.08293334456,597,0.24037097647132907,153386.9483566699,30,29.524582959520487,9880.30988196484,2,2,0,1,PhD,0.3335034921901823,426.0748565463052,0.09994897838828266,0
58,Male,White,62794.7501339779,407,0.35360505201446235,295943.1909709257,15,29.074927818834187,13120.734588189069,4,2,0,0,Bachelor,0.21218514921043424,1644.1288387273648,0.314191011551662,1
58,Female,Black,59049.92912205365,451,0.12820718633004566,311352.70950424473,20,27.41281572696242,38398.57762254626,5,4,0,0,High School,0.18965606310629715,1297.3029562676863,0.2636351255059868,0
42,Female,White,65072.022183196284,312,0.22037720740890357,241364.16944108045,20,13.059407021500494,9652.427596369855,6,1,1,0,PhD,0.2696010030564253,1005.6840393378352,0.18545925064505567,1
75,Female,Hispanic,9521.367780341112,378,0.48742793403404505,218072.95281423227,30,5.0000897926934424,24817.23080448915,4,0,0,0,Bachelor,0.043661387886337236,605.7582022617563,0.7634510707746921,1
72,Male,Hispanic,18930.877326734695,468,0.16165700613767228,106935.99130252893,20,17.534136098598832,26136.72279883293,4,4,1,0,High School,0.17702998865160377,445.56663042720385,0.28243802296344456,0
79,Male,White,70096.58298966475,548,0.2288452624169783,307019.04616417474,30,0.5176951664030416,18646.90583414603,7,4,1,0,Bachelor,0.2283134674067792,852.8306837893742,0.1459981038873381,0
67,Male,White,19894.416476771188,420,0.572021250867904,80307.61346138267,30,5.887465169861804,14174.324384729987,0,2,1,1,High School,0.24772765145533515,223.07670405939632,0.13455636921235364,1
27,Male,Hispanic,58030.772714384104,686,0.511927900246229,38865.3079947888,30,0.07588190384293814,3103.9029569210397,8,0,0,1,Bachelor,1.4931252499572387,107.95918887441334,0.022324539307260364,0
38,Male,Hispanic,42959.006879354165,738,0.49091385632445605,220766.5570312392,15,5.416077377146164,29417.884641242803,2,0,0,0,Master,0.19459019272233033,1226.4808723957733,0.3426003424632833,1
53,Female,White,30076.215088080062,571,0.5322787451510784,155675.18709897518,30,14.242713701887682,36539.98446254627,5,1,0,0,Bachelor,0.19319851575934324,432.43107527493106,0.17253410670532704,1
29,Male,White,56992.99514294947,599,0.47480284329117695,272354.376067337,30,11.799729332802478,34943.37638757953,3,0,0,1,Bachelor,0.2092604347537948,756.5399335203806,0.15929114059497984,1
44,Male,Black,54020.670074331414,772,0.16029310805911748,248450.47044032317,10,11.078896947799176,25563.454962714022,1,1,0,0,Master,0.21743033924867117,2070.420587002693,0.45991741697846406,1
57,Male,Black,92206.85304192755,457,0.35828066324261565,370776.98238158436,10,24.928585918015873,-9637.805018230432,5,3,0,0,PhD,0.24868548325104242,3089.808186513203,0.402114344161586,0
19,Male,White,37503.775909282216,526,0.32212196040116103,240454.8788826146,15,20.24988913937034,31541.60864613759,9,4,0,1,Bachelor,0.15597011831725333,1335.8604382367478,0.4274323016865471,1
71,Male,White,78802.20240138347,720,0.2555757891351901,305982.8356683805,15,28.09295288613318,18373.98651708158,7,4,0,0,Bachelor,0.25753798323115124,1699.9046426021139,0.258861492313662,0
30,Female,Hispanic,57048.45828768629,323,0.5170202048598027,114864.22996451311,30,13.360232720330174,11119.158778577852,3,1,0,0,PhD,0.49665991149125543,319.0673054569809,0.06711500679257103,0
70,Female,Black,36779.56236914575,837,0.3320696011871168,271159.3538024513,10,8.166890264278553,29863.25655278596,7,1,1,1,High School,0.13563818416509762,2259.661281687094,0.737255520011097,0
49,Female,Asian,65984.9291503449,839,0.13014880067877485,172340.1920402571,15,3.6805361410006663,23390.358037574293,6,1,0,1,High School,0.3828760335542125,957.4455113347617,0.17412076187638198,1
48,Male,Hispanic,61314.77008907903,427,0.23748279186013413,150601.93703454794,20,20.16082187055438,35134.23551371839,0,4,0,0,Bachelor,0.407131351006551,627.5080709772831,0.12281048825246442,0
33,Male,Asian,50716.865897160984,393,0.21431052901472256,109747.91609860572,20,25.252232654149708,25113.306644261633,4,1,0,1,High School,0.46212144795162363,457.2829837441905,0.10819666609638547,1
49,Male,White,55325.90712881247,720,0.5437394424056418,354237.0972438883,30,5.512180927852689,15996.573929927657,7,4,0,0,High School,0.1561832669680025,983.9919367885786,0.2134244850964885,0
49,Female,Hispanic,38060.259379089366,571,0.42371905031949997,199311.95998979718,10,26.362582335376086,14766.420456810714,5,4,0,0,Bachelor,0.19095823141289503,1660.9329999149766,0.5236747285524305,1
77,Female,White,33484.25749490986,783,0.3801881329410376,121158.43668059047,20,15.788286050859991,29169.47664764974,8,2,0,0,High School,0.27636752678795523,504.8268195024603,0.18091850580680857,1
51,Male,Black,65188.84347645166,304,0.35332462083935257,267808.00073626504,10,4.322418964228557,-69.04494701037402,6,2,0,0,Bachelor,0.24341634042759258,2231.7333394688753,0.4108187635404301,0
28,Male,White,45521.21151373452,456,0.4250565137707327,156004.60077789877,15,19.285899747052646,12476.373698816278,1,3,0,0,Bachelor,0.29179403227051187,866.692226543882,0.22847165909432435,0
27,Male,White,48398.34003501815,351,0.4774377733885624,120155.27744983509,10,15.601582246116404,-12912.442977026069,0,3,0,0,High School,0.40279828786733474,1001.2939787486258,0.2482632201081647,0
32,Female,Hispanic,55596.431918885544,542,0.3771923529157549,490217.06348036404,30,0.8455064193819695,26320.104324712178,8,0,0,1,Master,0.1134118660092551,1361.7140652232335,0.2939139836621076,1
34,Female,Hispanic,55305.76689567616,719,0.5691427075763053,79122.75410963508,10,11.977296141798726,29676.13718029368,4,1,0,0,Bachelor,0.6989868782757825,659.3562842469589,0.14306420207296852,1
57,Male,White,21413.470580518704,724,0.5884170853251923,386510.7159374154,20,23.54363978828733,8460.326912684919,1,4,1,0,Master,0.05540201008032599,1610.4613164058976,0.9024943305758446,1
35,Male,Black,75725.04172909717,379,0.5976711583044115,118961.3759826667,10,16.662712602663213,3596.881876409723,3,0,1,0,Bachelor,0.6365514950006186,991.3447998555558,0.15709648125153305,1
72,Male,White,52423.643038013564,653,0.43469555504432233,262600.3551718772,10,8.461233787875916,34297.98677760787,9,2,0,1,High School,0.1996327956361721,2188.3362930989765,0.500919699497915,1
26,Male,White,45946.93474355701,592,0.5663102333779392,189839.70174723625,10,27.85925290147649,9287.082944333853,5,4,0,0,High School,0.2420301671392924,1581.997514560302,0.4131716355112391,0
42,Male,Hispanic,58616.920103394936,415,0.3022398476539774,273641.3795056577,15,7.133371141315798,29649.58189385411,8,0,1,1,Master,0.2142107316126251,1520.229886142543,0.3112200129507306,1
57,Male,White,54730.843872297264,828,0.5297961956236926,61801.910128680815,30,7.582080207978484,19787.802453857086,7,2,1,0,Bachelor,0.8855849885276922,171.67197257966893,0.037639903301376926,1
76,Female,Asian,65341.25378979404,779,0.5545871493698404,49593.440812642686,20,10.639180388407892,12065.015292236545,5,3,0,0,PhD,1.3175382211660704,206.63933671934453,0.03794956320564889,0
31,Female,White,60759.67344301882,587,0.5520702361661378,276694.29412022,20,26.83613583768385,28701.036880601154,3,1,0,1,Master,0.21959134949353004,1152.8928921675833,0.22769567250859846,1
77,Male,Black,64356.92457992533,776,0.5154231414541908,21982.60882659629,10,15.22876186276549,20476.59297090485,9,1,0,1,High School,2.927629067486351,183.1884068883024,0.03415733267256413,0
75,Female,Black,77019.87811455032,324,0.30329958082062525,83137.13171429801,10,20.465371776774866,42416.6051964706,4,0,0,0,Master,0.9264197179574377,692.8094309524835,0.10794243479670225,0
42,Male,White,67672.49097941944,730,0.17945374099036718,191027.9810899551,15,29.287925175308416,8972.90008635371,3,2,0,0,High School,0.35425433799435097,1061.2665616108618,0.1881887094004471,1
67,Male,White,46790.27559342875,577,0.2669781781722229,70584.79875323955,30,23.498888906770933,128.06263633093477,3,0,0,1,Bachelor,0.6628945101480688,196.06888542566543,0.05028452162907152,1
39,Male,Hispanic,27541.976878463345,616,0.4836442846490465,83330.64608100033,20,5.178003559532797,19757.285376230528,7,2,1,0,Bachelor,0.330514380648046,347.2110253375014,0.15127934797258752,1
69,Male,Hispanic,83355.9586600903,657,0.21644275566498763,158894.1395241675,30,23.650617871199298,27144.77679168801,3,2,1,1,High School,0.5246005857089022,441.37260978935416,0.06354040434074125,1
47,Male,White,45245.53253305775,575,0.3391360324129862,-18452.69375881023,20,22.450114476780566,17185.205896039464,2,1,0,0,High School,-2.4519743905387954,-76.88622399504263,-0.020391730106533872,0
37,Male,Black,40537.85173278955,643,0.382699758992336,59910.504082322615,10,6.978509834316768,46975.92026911388,1,3,0,0,Bachelor,0.676640137714194,499.2542006860218,0.14778904535255194,0
38,Male,White,15265.463644711213,730,0.4019292812189377,334013.33721396094,15,9.760494926628478,38192.65656573285,9,3,1,0,Bachelor,0.04570315596389651,1855.629651188672,1.4586884704270844,0
61,Female,White,56769.46210624223,738,0.5678627741893993,295691.15709409653,15,21.303847195892306,12116.88057032818,0,4,0,0,High School,0.19198904243246182,1642.7286505227585,0.34724203955607913,1
49,Male,White,52977.7320790754,761,0.4307465102071588,426514.8536261676,10,7.151792822035757,20964.295720277663,4,2,1,1,Bachelor,0.12421075521442311,3554.2904468847296,0.805083262132748,1
68,Male,White,19697.701275010386,569,0.49314940803865115,259473.88705931083,10,6.245606070078579,-7077.839555893977,3,1,0,1,Bachelor,0.07591400236166294,2162.282392160924,1.3172800391104218,0
63,Male,Hispanic,59065.48084266351,730,0.3909391739458167,330161.6863792486,10,21.104183163909934,35773.983159533476,9,2,1,0,Bachelor,0.1788986526280837,2751.3473864937387,0.5589757023374132,1
66,Female,Hispanic,40036.16158597122,320,0.5167901594309816,157846.73859750316,30,26.417864784592908,9792.895233800895,8,4,0,0,Bachelor,0.2536394602872366,438.46316277084213,0.13142013981414666,0
73,Male,Asian,103806.30014577387,442,0.23183180653488142,181288.16093613332,10,2.250500478663601,22984.390058434725,8,1,0,0,Master,0.5726038568086317,1510.7346744677777,0.17464080762107181,1
38,Female,Black,38612.776158182634,652,0.20493883583439462,241290.60904704276,30,13.377232057743383,16139.044511084972,4,2,0,1,PhD,0.16002602136353583,670.251691797341,0.20829945685901305,0
52,Male,Asian,41296.133356044134,764,0.5631600243789848,10619.374766449444,10,18.215256609870234,-2340.2500224217,4,3,1,0,PhD,3.8887537415586824,88.49478972041203,0.02571517937258691,1
75,Male,Black,32504.475514912647,767,0.44674043817868925,254577.24270702095,15,20.28830357496204,32503.36375836889,5,3,0,0,High School,0.12768020884066322,1414.3180150390053,0.5221378259951189,0
49,Male,Black,75557.53042083944,812,0.43576278852911055,137618.42263977398,30,29.88587737124487,4120.607216153796,3,4,0,0,Bachelor,0.5490364514540081,382.2733962215944,0.060712423091503265,1
47,Male,Asian,42544.484110704936,763,0.33364761931422493,154386.50733891327,15,20.480758809501623,12210.78991872691,5,3,0,0,Bachelor,0.27557125842163255,857.7028185495182,0.24192169767089644,1
72,Male,Black,35501.71692469007,693,0.28834862964675523,299726.0263020307,10,18.60462338991462,32793.33733457299,7,2,1,1,Master,0.11844722783237838,2497.716885850256,0.84425783388967,0
56,Male,White,64139.10019841085,357,0.37784559723931943,44789.820086913795,10,29.692024569270057,5430.899648180657,4,4,0,0,Bachelor,1.4320017377598335,373.2485007242816,0.06983231749176227,1
66,Male,Hispanic,22392.941291736297,425,0.16028317471083356,205516.38617446861,20,1.820044211345514,42363.048155655124,7,0,0,0,Bachelor,0.10895939593218763,856.3182757269526,0.45888653816618247,0
29,Male,Asian,62502.21092497895,760,0.32735628054155386,244784.87326490576,30,2.2331068845929467,5195.499942579632,7,4,0,0,Bachelor,0.2553352668052293,679.9579812914048,0.130547314322859,1
58,Male,Hispanic,85627.99433201714,351,0.32768385223274044,146965.11819674942,30,16.820475792722526,2455.8195923476123,2,3,0,0,High School,0.5826416185191832,408.23643943541504,0.05721069740615491,0
64,Female,Black,61332.15665670178,568,0.3691682564721326,203732.6950985965,30,10.759938430487725,20697.783129227333,5,1,0,0,Bachelor,0.30104228792055227,565.924153051657,0.11072641509464708,0
35,Male,Black,62757.9663251985,395,0.41734280718360117,208543.23465807963,30,2.900925412411678,44511.70134234436,0,4,0,0,High School,0.3009350383775063,579.2867629391101,0.11076587662589997,0
38,Female,Asian,67401.20433814968,572,0.578659182992681,289743.5428944072,15,9.193466882783717,19911.17862803343,4,2,0,1,High School,0.2326236632051989,1609.6863494133731,0.28658592057274734,1
30,Female,White,84194.16057351037,622,0.4260845635458784,181758.4762684824,30,20.23063462222932,34720.631055501384,6,4,1,1,High School,0.46321999557887994,504.88465630134,0.07196004846828148,1
79,Male,Black,74197.87920038209,432,0.5418625759767057,74770.1865837777,15,26.418448910598904,-112.84958702026051,4,3,0,1,High School,0.992345780991808,415.38992546543165,0.06718088386493277,1
38,Male,White,58793.39444546047,388,0.37815193073458186,142209.0508348159,10,2.829734299696626,14503.477594478325,2,4,0,1,High School,0.4134293429308689,1185.0754236234657,0.2418792998365415,1
79,Male,Black,68077.82801272003,304,0.41346394131374486,165122.1350711122,15,16.204351874523127,15459.047418086022,1,2,1,0,Bachelor,0.412287716503916,917.3451948395121,0.16169937642571858,1
25,Female,Black,32281.301490697788,656,0.1349184765547848,119902.94984550291,30,8.883466943892657,1079.412728193056,1,2,0,0,PhD,0.26922858472033273,333.0637495708414,0.1238105283952634,1
63,Female,White,65525.87181494644,642,0.1666318614422078,218941.88655181346,15,20.01978489881419,-3869.038555988809,8,3,1,1,Bachelor,0.2992843116816731,1216.3438141767415,0.2227536294571135,1
57,Female,White,29888.88057632505,503,0.3898352175987698,214161.09156877222,30,16.483544833725205,16375.699970680227,1,2,0,0,Bachelor,0.13956260848963323,594.8919210243673,0.23884143248733666,1
63,Female,Black,42659.551627367466,770,0.2978564349790146,208985.57552425622,15,27.80133018066538,43696.08268866142,6,3,0,1,Bachelor,0.2041267753544843,1161.0309751347568,0.32659442422922746,0
24,Female,White,-11651.243502864752,763,0.49940525993275087,110248.27905501945,20,1.1305166084966434,23278.185520023148,8,4,0,1,Bachelor,-0.10568186281665398,459.3678293959144,-0.47311807974793474,1
40,Male,White,58028.59318734924,796,0.371588937437088,212979.14193925896,30,14.10111824820424,9755.262375859402,2,4,0,1,Master,0.2724613906271574,591.6087276090527,0.12234149307028773,0
61,Male,Hispanic,37122.55977783295,362,0.5411455194756689,328830.0604596071,15,5.782786660521269,-10557.52518411036,6,0,1,1,High School,0.11289284114094252,1826.8336692200394,0.5905305065662738,1
49,Female,White,72222.90430408926,538,0.5861658392311456,229455.28803089994,30,16.103451259927372,14419.32675646364,0,3,1,0,Bachelor,0.3147580730166622,637.3758000858331,0.10590144047415356,1
28,Male,White,57803.85221210805,839,0.1738175925607425,307232.79007441143,10,25.607380322005294,13403.866225093654,5,1,1,0,Bachelor,0.18814349926031015,2560.273250620095,0.5315091958699181,1
39,Male,Asian,72481.91789403251,497,0.2974138758278133,210891.82332446735,15,27.339495833581758,25767.90498370592,1,3,0,0,PhD,0.3436924047193406,1171.6212406914854,0.19397189391225186,1
39,Female,White,28328.069106549246,329,0.4324905126190154,136274.25053974078,15,11.946949896516054,16194.142807333319,9,4,0,1,Bachelor,0.20787543497286096,757.0791696652266,0.32070488114851226,1
60,Male,White,70767.72074319265,508,0.2527443777001749,286033.9332940642,20,24.35341569797477,29477.168225944086,0,4,0,0,Master,0.24741022831874343,1191.8080553919342,0.20209350413590835,1
42,Female,Black,92117.12688726654,362,0.23351616886074758,59273.01405614559,30,8.415242241765164,31512.564216051745,4,2,0,0,High School,1.5541157869922018,164.6472612670711,0.021448423349360514,1
39,Female,Hispanic,65283.16599863789,356,0.5068692803144184,144169.90839641195,15,0.1891483895754198,18952.40084269712,5,0,0,1,Bachelor,0.4528210271115261,800.9439355356219,0.14722520085236063,0
45,Male,Asian,65806.98017384578,732,0.5901892345293714,185871.26879100612,20,25.657171725689068,19162.89992286514,1,1,0,0,Bachelor,0.3540460050759067,774.4636199625255,0.1412245846109183,1
46,Female,Asian,53391.9535278987,607,0.4869016656237407,265276.76617035095,20,3.582367272198439,20513.707149544913,3,0,1,0,Bachelor,0.20126886458504384,1105.3198590431289,0.24842391843907422,1
30,Male,Hispanic,39506.62438869271,765,0.3618383114020568,327456.96969352406,20,0.5283337008884537,-6171.595390174141,2,3,0,0,Master,0.12064676597254302,1364.4040403896836,0.4144329903660996,0
35,Male,White,65223.84745403017,406,0.3212556159726574,284647.1633927418,30,10.613929901038459,30805.656707350216,0,3,0,1,Bachelor,0.22913928484872195,790.6865649798384,0.14547192706540935,1
19,Male,White,19878.34179195863,600,0.36982386026518244,274612.74297952186,30,11.381399688748724,45459.11801878204,0,4,1,1,High School,0.07238681488805121,762.8131749431163,0.46048901840596973,1
46,Male,White,41644.89750158367,345,0.33141985109386796,286460.0586388684,15,2.3166051231681752,20889.427529591143,2,2,0,1,Bachelor,0.14537767568526594,1591.4447702159355,0.4585756812551884,1
38,Male,White,14578.863953256354,376,0.35144402839283406,300398.8338342223,30,24.42547939453413,8259.677466025956,1,1,0,0,Master,0.04853169290697655,834.441205095062,0.6868364018791849,1
32,Male,Hispanic,35926.87245369834,468,0.20172652526461385,86237.20086595546,30,12.167781906250003,19895.259868637695,1,2,0,1,Master,0.41660527119313634,239.5477801832096,0.08001178966811524,1
69,Male,Black,62840.90183787122,428,0.5518709746546638,420480.5026717396,10,14.697708413087831,13475.823672549568,9,1,0,0,PhD,0.14945021573789785,3504.0041889311633,0.6691191411551896,1
44,Male,White,60107.86752440927,567,0.47726750076163404,310971.95817059814,30,7.938758038584951,20411.032535657545,4,0,1,0,High School,0.19329031427146978,863.8109949183282,0.17245216584685036,1
67,Female,Hispanic,51018.27391070945,718,0.44048871134661005,181901.75220566074,10,15.345202570397934,15319.922429396316,4,4,0,0,Bachelor,0.2804715913512887,1515.8479350471728,0.3565423489709184,0
48,Female,White,53408.019881240216,460,0.5749624854872366,237130.69185677305,15,23.00194171852001,-12292.801693027719,6,2,1,0,High School,0.22522609563125917,1317.392732537628,0.2959988560819947,0
32,Male,White,12282.70764271581,357,0.24219716595641902,68654.59809444656,20,27.185481465015506,21431.43583252189,4,3,0,0,Bachelor,0.17890582690206372,286.0608253935273,0.2794766434710419,1
68,Male,Black,42548.7543885817,683,0.14057970544680712,174016.2779998927,10,29.115888022054477,53365.234201435254,2,4,0,1,High School,0.2445101968484117,1450.135649999106,0.408980898502146,0
40,Male,White,36372.9678712958,809,0.5130693301776659,165787.68303540358,15,12.801717738040919,-41.6955428412366,9,1,0,0,Master,0.21939487424725293,921.0426835300199,0.30386610851963153,1
41,Male,White,36818.80618970918,729,0.5992084818246275,157559.46770691342,10,29.701015763053775,36457.54155093807,5,4,0,1,PhD,0.2336819660891355,1312.9955642242785,0.4279320380326484,1
61,Female,White,61991.57255627507,639,0.38921621901009973,281442.4155242702,30,8.848671351680439,26009.49840199655,2,3,1,1,High School,0.22026378803208224,781.7844875674173,0.15133369688747117,0
30,Female,White,32789.85346989379,325,0.12940469395634094,210426.8957143066,15,0.20927805855180392,6215.928614165667,7,3,0,0,Master,0.15582539179978244,1169.0383095239256,0.4278292895443228,0
39,Male,Hispanic,37906.38299745178,671,0.49023402007747063,80561.31146321999,20,23.02851131692904,-149.7715464410103,5,1,0,1,High School,0.4705283753325915,335.6721310967499,0.1062635169763304,0
60,Male,Asian,8258.615085809673,335,0.13687452442292078,82449.16869494016,10,5.353069456235959,23940.172181548827,6,4,0,1,Bachelor,0.10016614135148337,687.076405791168,0.998341342201649,1
54,Male,White,44117.536392476606,830,0.3700069931296406,3517.046748824563,30,1.573645143715886,25413.554944776708,2,2,0,0,Master,12.543915262775846,9.769574302290453,0.002657330875970617,1
78,Female,White,28243.249045727604,566,0.23876623710526354,287971.3179801932,15,27.720267677930963,-2624.4565872893036,6,4,0,0,Bachelor,0.09807660444735745,1599.8406554455178,0.6797407704143138,0
50,Male,Hispanic,51584.05857379287,731,0.5575133902961977,177538.51620634185,30,23.754324914909606,33895.37177430127,8,3,1,1,High School,0.2905513669712096,493.16254501761625,0.11472440718764988,1
73,Female,Asian,30977.839065150707,318,0.32566560662974253,275467.9139807135,15,3.079944046147689,12583.534581922528,7,1,0,0,PhD,0.11245534413608539,1530.377299892853,0.5928279103035908,0
20,Female,White,52090.84491098432,638,0.5492316742392767,514007.11174937885,10,23.307304571529993,27391.05248294035,1,0,0,0,Bachelor,0.10134265406114251,4283.39259791149,0.9867513430195693,1
71,Male,White,47106.28478515313,439,0.24954054262728378,110114.85350055188,15,25.31999092280989,30548.17292296009,9,0,1,0,PhD,0.4277922849428941,611.7491861141771,0.15583887090335435,1
36,Male,Hispanic,83440.83546084641,366,0.2936812919106756,232697.40849523433,10,27.15904995547713,33437.46542862221,9,4,0,0,Master,0.35858085399586775,1939.1450707936194,0.2788771315747728,0
40,Female,Black,59944.359609063875,829,0.5735595941235403,344319.6986880234,15,16.3108220239908,5157.5819747833575,1,3,1,1,Master,0.1740950629239992,1912.8872149334632,0.382932551601247,0
46,Male,White,13207.242548753937,668,0.20065722546581768,151100.76164423706,30,21.10236211584288,50171.87290414923,6,4,0,1,Bachelor,0.08740685622650968,419.7243379006585,0.381358337004502,1
47,Male,Black,24702.223117945832,560,0.38925057582557254,166077.9708654574,30,22.867178368830327,6188.251568619618,9,1,0,0,PhD,0.1487387098314052,461.3276968484928,0.2241066456144238,1
56,Male,White,51104.160179846665,502,0.2942551642800557,253032.28814368887,10,20.659168054683207,33417.48440827626,3,2,0,1,Master,0.20196695273461016,2108.6024011974073,0.49513050846195916,1
61,Female,Black,31403.041032146986,709,0.48708344253436364,454289.6445743636,20,19.40500860916781,12511.56953437864,8,0,0,0,Bachelor,0.06912559290575368,1892.8735190598484,0.7233211014648419,1
64,Female,Black,-9367.368604717041,379,0.1646481855856787,263636.88547798485,10,16.42677758333651,20779.83489878697,5,4,0,0,Master,-0.03553132782513951,2196.974045649874,-2.81441775810154,1
42,Female,Hispanic,76990.92627667487,412,0.3186074845023342,115720.23921914298,30,14.375863625867083,18128.720019373042,8,3,0,0,Master,0.6653194531587062,321.4451089420638,0.05010124561228177,0
54,Female,White,64404.48033810816,436,0.44946631342263155,127812.14651424173,15,29.883750586944917,27004.724933613124,2,0,0,1,Master,0.5038995282888216,710.0674806346763,0.1323015063996153,1
64,Female,White,60419.53746983543,488,0.30350811750307993,151159.35668528595,20,10.126823412664693,35720.82957498005,5,0,0,1,High School,0.3997075589282178,629.8306528553582,0.1250914546977065,1
25,Female,White,37853.5390905817,576,0.12926586963768835,18041.78605422916,30,2.6480631133364585,10816.564314665615,5,2,1,0,High School,2.0981037562912723,50.11607237285878,0.015887361734795817,0
59,Male,Hispanic,58553.53542019859,402,0.452556130667672,184066.45888460637,20,22.95110895010883,6845.019452310891,7,4,0,0,Bachelor,0.3181108376562324,766.9435786858598,0.15717792065302935,1
75,Male,White,35912.793515582365,406,0.35159916384249157,200746.63205937194,10,6.414731336084825,-10939.960109132662,6,2,0,0,High School,0.1788961196866354,1672.8886004947663,0.5589836167221831,0
33,Female,White,54097.14600435382,472,0.10565434334005028,204605.60428238046,30,15.98080078856117,22703.997072089383,2,3,0,1,High School,0.2643971859621852,568.3489007843901,0.12607295048178296,1
25,Female,White,31588.33548327045,630,0.40632794761418656,55012.34879890503,10,2.8740454980171206,17464.037150490236,0,3,0,1,High School,0.5742044499634087,458.43623999087526,0.17415399690192668,0
18,Female,Hispanic,80325.76901112028,490,0.5599405112643933,234530.32973534038,30,18.578515824503718,21631.185462327976,1,4,0,0,Master,0.34249629504962203,651.4731381537233,0.0973246537703536,0
61,Male,White,18595.266918363108,524,0.1555129741058445,101604.78626058971,30,28.320222117096666,18477.019575513707,9,0,0,0,Bachelor,0.18301565903274586,282.235517390527,0.1821337775658268,1
22,Female,White,74645.67659021662,622,0.39533561750458446,176106.3925526914,10,21.681141378208732,31383.66134608396,1,1,0,0,Bachelor,0.4238669335520145,1467.5532712724282,0.23592309775617015,1
20,Female,White,50778.316560346604,807,0.46433444088131515,125740.47584103863,30,6.436043346798405,12403.474615310628,0,2,0,1,Master,0.4038342961620462,349.27909955844063,0.0825421061314656,0
18,Male,Hispanic,40210.660093160186,847,0.13538683507015273,315465.5905388987,20,29.134141358665822,25237.23744465991,3,0,0,1,Bachelor,0.12746448835979143,1314.4399605787446,0.39226611775089865,1
21,Male,Black,53340.05843391477,433,0.11130772908209316,131480.15765391858,20,9.212607930736446,19521.351978093207,5,3,0,1,High School,0.40568903616860735,547.8339902246607,0.12324710687823379,0
57,Male,Hispanic,64666.96014356362,336,0.3320979333224736,334560.5684250839,10,13.098449594740632,5584.5408785604395,3,3,1,1,Bachelor,0.1932892463925978,2788.004736875699,0.5173593558168562,1
52,Male,Hispanic,77334.93473388795,392,0.4955933436171819,213630.90256215076,15,14.943510611184024,9703.577884633642,3,0,0,0,PhD,0.3620025652018636,1186.8383475675041,0.184160757616431,1
49,Male,Asian,56262.860462670644,374,0.18035970504966417,241985.6558158782,20,29.721562301204184,33802.30645444042,8,0,0,1,Bachelor,0.23250494031547006,1008.2735658994926,0.21504919393178665,1
59,Male,White,32186.078294754454,482,0.5183186361074614,208327.78670002698,30,2.066742021575496,32358.534250366247,1,3,0,1,Bachelor,0.1544972891259075,578.6882963889639,0.21575351594789702,1
51,Male,Asian,51112.60247531577,758,0.4282886277117981,114773.38090196607,10,20.9018488330671,31083.085694385845,0,2,0,0,Master,0.4453349903404319,956.4448408497173,0.2245500626922578,1
60,Female,White,86335.86473324745,708,0.26608664389424286,240601.93396797965,15,10.857926270782075,17467.758708741563,6,2,0,1,High School,0.3588327961849941,1336.6774109332202,0.18578755168269812,1
42,Female,White,76953.56171025248,506,0.3579128992462247,157006.79858193366,10,2.34975957307318,-13649.587720195814,4,0,0,1,Master,0.4901288505038489,1308.3899881827806,0.20402798141182818,0
27,Female,Hispanic,68175.26956248717,544,0.5827874898633693,231760.96345450723,20,28.050949728985692,-4958.366262651445,4,4,0,1,High School,0.29416200444761015,965.6706810604468,0.16997436529538243,0
38,Male,White,65913.74040244773,632,0.2082184853161694,260392.12068414062,30,17.69574957429196,16056.131815650673,1,3,0,1,Bachelor,0.25313262255889085,723.3114463448351,0.13168327731277857,1
63,Male,White,63989.00181213084,824,0.3497676988720201,390710.3413344886,20,22.605540227663273,-2766.5784015857644,5,1,0,0,High School,0.16377606385736695,1627.959755560369,0.30529491808732895,1
56,Female,White,73175.0966901974,593,0.41224327805381034,247087.7428366157,10,7.21156306713839,37171.34143640344,4,3,1,1,High School,0.2961502495030023,2059.0645236384644,0.337666438464325,0
44,Male,Black,40867.424285561894,572,0.16900730273783313,295662.52997067815,30,22.84622767888271,7863.406108310031,4,2,0,0,Bachelor,0.13822321106977897,821.284805474106,0.24115583103119873,1
44,Female,White,22898.278684499877,678,0.12176104431165483,266052.88871095784,15,24.854263200696497,15879.796568492078,5,2,0,0,High School,0.08606664184494822,1478.0716039497659,0.7745935618908982,1
19,Female,Hispanic,51380.07001474123,325,0.10672997646573565,177501.4011472034,20,12.92488191643429,46027.98691957719,1,1,0,0,Master,0.28946289822315996,739.5891714466809,0.17273370890335227,0
58,Male,Hispanic,33648.36826444618,843,0.2623464283000081,267910.51627475827,10,17.15869418243896,35459.75130338481,4,2,1,0,Bachelor,0.1255955485895812,2232.5876356229855,0.7962065624377992,1
65,Female,Black,28899.58489245631,390,0.1369736472424327,187572.1340704091,30,29.15617604788664,25194.886960239975,0,1,0,0,Bachelor,0.15407184566982773,521.0337057511364,0.21634928294924083,0
30,Male,White,35594.42846824136,775,0.5018849762705573,158708.4273696472,10,25.401889251232767,23316.811085308418,7,2,0,0,High School,0.22427560437820052,1322.5702280803932,0.4458799711062999,1
26,Male,Asian,99706.27849067372,487,0.598659763580873,91015.30143817738,15,13.345501832044928,8657.18897492975,0,1,0,0,High School,1.0954891860507623,505.6405635454299,0.06085561365238113,1
69,Female,White,52722.49268151689,494,0.13065191086723202,265272.3105595825,15,19.937215762675375,31417.846559763722,6,4,1,0,Master,0.1987485711203731,1473.7350586643472,0.33543218092516325,1
53,Male,White,57238.156727219764,833,0.3163631379667198,143184.14049962882,20,23.526944304075393,23190.655498195112,5,3,0,1,Bachelor,0.39975207119651734,596.6005854151201,0.12507752580328746,1
39,Female,White,25552.74385991492,384,0.11286606149128739,262844.9179628199,15,0.7298646173474543,17968.057487938702,7,2,1,1,High School,0.09721604685364098,1460.2495442378884,0.6857578437336945,1
59,Male,Black,13124.940824147401,376,0.16699544537863162,200468.72473717,15,17.650979598758113,29615.502441632794,4,0,0,0,Bachelor,0.06547126411541358,1113.7151374287223,1.0182584308918463,0
43,Male,White,33618.94713762388,629,0.261461280455337,171581.26231528295,20,29.53585840238125,29884.199569993445,5,1,0,1,High School,0.19593600538879705,714.9219263136789,0.25518535963201194,1
75,Male,White,78763.91170417497,682,0.2968491065288249,113642.50649938274,10,28.41541949478994,5430.405177840523,3,1,0,0,High School,0.6930849567683794,947.0208874948562,0.144282456318582,1
71,Female,White,56685.50932153042,732,0.5698914732143201,330078.80526290997,20,24.97321184287333,33750.71471592288,9,1,0,0,Master,0.1717332601115665,1375.328355262125,0.29114919245996673,1
29,Male,White,61971.90182888784,676,0.29791840437844797,160735.93384159682,20,3.186422793920559,18716.613919786767,9,2,0,0,Bachelor,0.3855510112005219,669.7330576733201,0.1296845256463234,1
34,Male,Black,64771.32078404123,640,0.3481388295287011,358658.2594749442,30,29.82124357548455,21248.508731494174,0,3,0,1,High School,0.18059341747451418,996.2729429859561,0.18457667947967937,1
31,Female,Hispanic,38173.012404034445,476,0.2227916841369332,118178.83030396464,15,18.286144594138477,265.4664125104573,6,0,0,0,Bachelor,0.3230105790169919,656.549057244248,0.20639158899857485,1
31,Male,Hispanic,77759.31167946736,725,0.10006256937828775,350767.4334612772,15,6.687247482884715,720.9011090608656,1,1,0,0,Bachelor,0.22168338409344251,1948.7079636737624,0.30072919961635813,1
74,Female,White,37343.84801555636,723,0.5496672283665676,208394.1214033708,10,20.228060688429498,-1822.3602016801851,0,1,0,1,Bachelor,0.17919818353835923,1736.6176783614235,0.5580413708746883,1
51,Male,White,78124.64718525106,473,0.14085737851815242,286072.98667107546,15,25.695706862390438,55895.86711148549,0,1,0,0,High School,0.2730934091133819,1589.2943703948636,0.24411671773077556,1
70,Female,Asian,58846.04312270681,705,0.5821244205181145,69945.26713429859,10,3.3698328254290755,54024.735962811945,0,1,0,0,Master,0.8413155819352197,582.8772261191549,0.11886146191418083,1
74,Female,White,14219.096915073555,381,0.16542205205013014,69464.2582299318,30,27.49314429868274,-5526.518518309975,1,0,0,0,High School,0.204696591850262,192.95627286092167,0.1628426395966429,0
37,Male,Hispanic,35039.8102679893,320,0.40243924037522016,225800.32430071762,10,27.606128442569855,-2714.7274411954095,0,1,1,0,Bachelor,0.15518051347580786,1881.6693691726468,0.6444108075179792,0
28,Male,White,14301.229342557912,697,0.5997052939283185,98612.76855380341,10,0.40393218693953514,12315.528460941736,3,0,0,0,Master,0.14502411353307781,821.7730712816951,0.6895405016710653,1
33,Female,Asian,73265.64265588418,629,0.16923229803483794,332898.83850815427,30,27.009573649901828,36606.9457191007,9,0,0,1,Bachelor,0.22008380378920894,924.7189958559841,0.1514574573840936,0
68,Male,White,49505.29158395198,524,0.3119715424699121,236400.4882538854,20,28.404537547204686,29377.945032450898,9,1,0,0,PhD,0.2094128144557177,985.0020343911892,0.23876284806139678,0
48,Female,White,5433.151201004395,701,0.49021183448573824,135582.3144432056,30,1.1307539094103558,52511.76050917618,6,4,1,0,Master,0.0400727131950554,376.6175401200156,0.831821223860788,0
72,Male,Hispanic,57514.937634393165,737,0.11609507492498414,107995.95037742358,15,8.82498970524152,15431.720638825813,9,0,1,1,Bachelor,0.5325656881891434,599.9775020967977,0.12518017616446533,0
23,Male,Black,39256.7147522336,571,0.44489137557002223,171146.58908155237,15,11.193225204483795,9539.990657934937,2,4,0,0,High School,0.22937480064839352,950.8143837864021,0.2906451209034918,0
73,Male,White,20323.882899333534,579,0.14018666894539974,143217.12385812448,30,10.466714161991703,20838.769321971013,8,0,0,1,High School,0.14190958700907183,397.8253440503458,0.23489134198665831,1
36,Female,Black,83559.31673937394,522,0.2182600711366132,249529.05553873954,10,22.770097118105674,17392.843874707363,1,2,0,1,Master,0.3348680840352129,2079.4087961561627,0.2986250549618952,1
54,Male,Hispanic,52145.717321931574,808,0.18003808124668022,192325.82691872685,30,10.74313377671601,19590.877653081265,1,1,0,1,High School,0.2711321623172708,534.2384081075745,0.12294127354145339,1
75,Female,White,44131.371953733746,641,0.5536682158234681,316837.623393722,15,28.69736429684227,21603.283728799244,6,2,0,0,High School,0.13928703125920552,1760.209018854011,0.47862795311218637,1
21,Female,White,42011.50438027966,341,0.19022835839084043,263222.04387036024,30,29.84977875914214,51800.44972058342,8,0,0,1,High School,0.15960481030597418,731.172344084334,0.20884917734892122,0
64,Male,White,19734.410616844554,475,0.1202170477575786,113302.03681534537,10,9.504566121187398,21803.17833421181,5,2,0,0,High School,0.17417525025615224,944.1836401278781,0.5741343839204146,0
78,Male,White,23909.02200831781,544,0.3938128392238811,157444.49281916438,15,15.264022596195206,4051.5559018405474,0,1,1,1,High School,0.1518568327174132,874.6916267731355,0.4390099903553572,1
21,Female,Black,75698.33569750166,552,0.27309046270485104,113548.89748417813,20,16.731175209000224,15642.09748384224,5,1,0,0,Master,0.6666584825982079,473.12040618407553,0.07500092071900445,1
37,Male,White,40522.342604285615,573,0.3028531103206832,113638.44358882503,30,17.38208489901185,30885.27368761857,3,0,0,0,Master,0.3565900880419177,315.66234330229173,0.09347801425544658,1
27,Female,White,50441.35401873727,633,0.1595313724312735,20472.057731310342,30,11.226269825858989,29005.68662474938,4,0,0,1,Master,2.46391225937153,56.866827031417614,0.013528620269065773,1
41,Male,White,9113.390475978507,310,0.4741172457165973,294124.9634251797,30,4.9798050587648905,28188.053581068623,3,4,0,1,Master,0.030984756852496118,817.0137872921658,1.0757978025135935,1
71,Male,Black,23638.159284089885,451,0.400776824821759,329232.01351052575,30,1.6368162519338303,-5484.894088415334,2,3,0,1,High School,0.07179787600859829,914.5333708625715,0.46426628733893793,0
52,Female,White,62196.25039749505,488,0.28210852237413997,101244.34029077509,15,3.190459969494964,-3391.8288736554423,1,2,1,0,PhD,0.6143182939299777,562.4685571709726,0.10852137617484915,1
43,Male,White,57554.23520227667,510,0.185787471881568,91175.18964638934,10,27.038737127815235,18029.705055258262,1,4,1,0,High School,0.6312488674330484,759.7932470532445,0.1584161258089009,1
54,Male,White,85067.50397448632,396,0.3967258695852802,256092.77657437176,20,8.411250198615212,26691.11900758253,9,2,0,1,High School,0.332174554520408,1067.053235726549,0.15052326952673953,1
55,Male,Asian,76859.12663262452,638,0.4892986397536887,118062.49193748132,30,2.304689496331336,7534.161665870235,3,1,0,0,High School,0.6510037639500649,327.95136649300366,0.051202980964469756,1
38,Male,White,45385.780550303534,346,0.2561986419335974,327407.5156487703,15,18.705890986330587,42413.4373981915,2,0,0,0,Bachelor,0.13862168209660644,1818.9306424931685,0.48092524674607684,1
71,Male,Hispanic,59459.07129426542,356,0.11293019176929855,128325.55901903161,30,2.2592145378385586,28111.853611281585,5,2,1,0,High School,0.4633455076977082,356.4598861639767,0.07194055576142624,0
57,Female,White,43667.93114193852,374,0.207171992376492,-13841.792340651271,20,2.1015881900707276,12227.550396589753,9,3,0,0,Master,-3.154788777873249,-57.67413475271363,-0.01584892159839199,0
56,Male,White,91096.19637277297,553,0.4411989094464146,186973.80236911,30,18.647115176136644,61703.03320258028,2,1,0,1,Bachelor,0.4872136910011464,519.3716732475277,0.06841624927419147,1
38,Male,Black,72980.293921048,469,0.5945481887284614,140768.54618835155,10,17.74185732595592,13016.833509564722,2,1,0,0,Bachelor,0.518441767690054,1173.071218236263,0.1928856936923804,0
27,Female,White,53393.70181715502,445,0.10668811970438827,214728.62840260033,30,1.2443186084988034,14458.992832773252,3,4,0,0,Master,0.24865665195348696,596.4684122294453,0.13405365620208132,1
55,Male,Asian,54007.89569752703,332,0.25307678106605036,165108.7893370391,30,13.814335033108463,13759.168994518917,4,3,0,0,PhD,0.32710491012855697,458.6355259362198,0.1019041056896176,1
63,Male,Asian,78897.00574519616,814,0.13101043522441944,257654.171637958,30,13.073049237181039,20626.6301643434,8,1,0,0,Master,0.30621280161556264,715.7060323276611,0.10885675960465539,1
21,Female,Hispanic,61591.55694227695,556,0.2581746438815161,242312.66451155033,10,16.40067389107665,3878.626854442251,4,3,0,0,Bachelor,0.2541821619865893,2019.2722042629196,0.39341863810756333,1
77,Female,Black,81172.56034140172,425,0.3029571715637106,232573.5842130716,15,22.135341313103623,31057.591273281112,0,0,0,1,PhD,0.3490188303889049,1292.0754678503977,0.19101166144067724,0
74,Male,White,6127.04147482253,412,0.5604310459731275,219077.1930592533,10,8.484001426865824,33122.23934831331,8,3,0,1,Bachelor,0.027967500355755258,1825.6432754937775,3.575578751335266,0
62,Female,White,59224.56522997597,641,0.14028039970248937,199937.68231001284,15,12.983408507514309,30006.972180392866,1,4,0,1,Bachelor,0.29621512336101546,1110.7649017222936,0.22506165758935925,1
37,Male,Asian,39691.3027063723,347,0.488567026532885,60268.670281100465,10,23.78228053082895,13203.370048515508,3,4,1,1,High School,0.6585727297656842,502.23891900917056,0.15184351777757232,0
34,Female,Black,85127.55975255984,663,0.29776719803148166,238927.87315217376,10,27.67669171381706,13271.083536961138,9,2,0,1,High School,0.35628978163774927,1991.065609601448,0.2806704125510764,1
72,Male,Black,80927.97374379658,697,0.5056314248334639,273195.6277490042,30,26.739689191496343,29196.47586739962,5,0,0,1,High School,0.29622719225268257,758.876743747234,0.11252624406236113,1
24,Male,White,50656.71618202613,494,0.3567010926628107,234898.5033294006,10,14.328928562821252,23234.46554082737,8,0,0,0,Bachelor,0.21565363535326443,1957.487527745005,0.46370653495448366,1
21,Male,White,80712.61957622063,620,0.11964101942170505,179849.11026315135,15,15.625973910063056,7972.378024601079,1,3,1,0,Bachelor,0.448779643436232,999.1617236841741,0.1485510041324757,1
46,Male,Asian,85662.29039985011,437,0.5731029423574194,259034.39118771275,15,15.87316326456478,-10361.608918123111,8,4,1,1,Bachelor,0.3306985223354909,1439.0799510428487,0.20159348217175851,0
31,Male,White,51488.13343852295,654,0.14136703171726092,223662.35218140957,15,26.061467091224543,14078.636986866506,8,4,0,1,High School,0.23020473913625664,1242.5686232300532,0.28959728160594955,1
20,Female,White,99438.67544863715,369,0.39884175126687804,271010.77460467076,15,25.198185208140025,27830.36147145419,0,4,0,0,Bachelor,0.366917793558911,1505.615414470393,0.18169374131473648,1
41,Male,White,49373.17694660555,782,0.5388338814667579,191242.24151760933,10,9.345975856360353,27423.35568654573,5,0,0,1,Bachelor,0.25817087561201446,1593.6853459800777,0.38734036038318453,1
54,Male,Hispanic,45709.58099328182,358,0.13988489887509695,57264.156288804894,30,4.885490682661057,-2717.55135316262,5,4,1,0,Bachelor,0.798223250906746,159.0671008022358,0.041759411662674766,0
33,Male,White,67317.45177168687,688,0.3769466942080064,182123.25798517925,20,11.369236844763048,32559.598901618174,8,2,1,1,Bachelor,0.36962578265080787,758.8469082715802,0.13527194894636424,1
75,Male,Hispanic,42924.18537715372,650,0.5121449377622261,105133.37761566,15,8.652191497482034,47765.14428320636,5,1,0,1,Bachelor,0.4082831385297375,584.074320087,0.16328537814894595,1
72,Female,White,51706.79551589788,638,0.5931623543228979,153637.216002421,10,28.523421744447283,14732.213523719634,1,4,1,1,High School,0.33655123974052675,1280.3101333535083,0.2971315752011423,0
69,Male,Hispanic,78188.6884810182,735,0.4621637004070106,208653.24410801547,30,7.977470383159547,16947.711987143706,7,2,0,0,High School,0.3747302794896471,579.5923447444874,0.08895286865723978,1
21,Male,Hispanic,50384.377044345405,749,0.23916718773164683,299005.71107877593,10,5.436200451808066,12151.812005399679,0,2,0,1,Bachelor,0.16850640364882916,2491.7142589897994,0.5934492567321186,1
73,Male,White,16099.644140493845,676,0.4497851649227047,266600.6414105933,15,26.984371876776464,14702.553322954362,4,1,1,1,High School,0.060388617429088194,1481.114674503296,1.1039608042848559,1
79,Female,Black,57346.38775698393,690,0.4528833846538197,220881.73566054276,15,2.5943581306821306,38172.92549989514,9,0,0,1,High School,0.25962485121502066,1227.120753669682,0.25678076021872615,0
41,Male,White,36074.1284189521,780,0.4499830060523087,324812.448977232,30,7.807981542793806,8234.801772223997,2,4,1,0,Bachelor,0.11106140953815705,902.2568027145333,0.3001342543008253,1
51,Male,White,67305.42314589092,413,0.5271302185465528,204737.44340153108,10,13.173335820017652,23633.561427181776,5,2,1,0,High School,0.3287401758450774,1706.1453616794256,0.30419159977308685,1
47,Male,Hispanic,63923.794316524916,471,0.14369003125974547,220238.35019879238,15,17.853221344790462,15874.392721329925,4,2,0,0,Bachelor,0.2902482435907542,1223.546389993291,0.22968844132151134,0
35,Male,White,79428.00696333044,317,0.1542099227077167,162086.33048854192,15,9.83018689119919,22860.7863975656,9,1,0,0,High School,0.4900351974403252,900.479613825233,0.13604464947599015,1
36,Male,White,68150.64601585394,534,0.420308562112779,93056.48246484326,20,14.887019907630151,15709.436584222585,3,2,0,0,Bachelor,0.7323578563331282,387.73534360351357,0.06827263416050044,1
48,Female,White,71804.8856731613,609,0.5769405480490939,255692.3016508367,20,5.964935592918195,32311.1549639499,2,4,0,0,Bachelor,0.28082537178305517,1065.3845902118196,0.17804659060017658,0
77,Female,White,36618.06479724574,580,0.33291931945962294,43190.328186116414,15,17.228223606764562,35613.80152505865,0,0,1,0,Bachelor,0.8478302049350174,239.94626770064676,0.07863209670829832,1
77,Female,Hispanic,66079.72991781005,495,0.5802813508128376,106874.74589596275,20,12.234504248389785,25610.72005368753,7,2,0,1,Bachelor,0.618291340614137,445.31144123317813,0.08086802566300856,0
36,Male,White,89369.02578720581,414,0.569042629758077,217751.66202437275,20,25.47779061805351,16768.16051171419,4,0,1,0,Bachelor,0.41041719248601105,907.2985917682198,0.12182725508435964,1
66,Male,Asian,36227.001827264656,696,0.5514548691171598,115100.91520817865,15,12.472024001659571,31801.443574919183,7,2,1,0,High School,0.3147412143660392,639.4495289343258,0.2118142258583725,0
63,Male,Asian,85994.76583454196,717,0.5549254874320426,201778.87403559143,10,13.314462536461507,8761.713471124833,8,2,1,0,High School,0.426183198045666,1681.490616963262,0.23464087852023882,0
36,Female,White,39012.99817597339,583,0.549159396663993,214737.4369279868,10,17.765249680272376,26442.74850427925,7,4,1,1,Bachelor,0.18167767453169603,1789.4786410665567,0.550425363258124,0
39,Male,White,32960.57509900052,627,0.5099446917695911,143971.66338278196,10,3.6951001223082436,12283.017374739677,5,0,0,0,Bachelor,0.22893793351103547,1199.763861523183,0.4367996096862633,1
41,Female,Hispanic,55924.00886709676,640,0.44748947930266514,205516.45184655677,30,4.703855301188432,23224.84715431989,9,3,0,0,Bachelor,0.2721145113426291,570.8790329071021,0.12249744847808627,0
62,Male,White,64318.20832257619,520,0.11220408929630413,204179.13686260022,10,23.70713241681721,5603.779409040539,7,4,1,1,Master,0.31500871886758103,1701.4928071883353,0.31745153073695276,0
29,Male,White,68235.0024794453,308,0.16612679607802625,85941.606705443,30,8.202563374186411,37756.80264518445,4,0,0,1,Bachelor,0.7939693600715954,238.72668529289723,0.04198314822920564,1
47,Male,White,30764.751584535963,381,0.16711602726573357,254656.14854044272,30,20.54090786785368,1147.6242250580945,8,0,1,0,Bachelor,0.12080898796617949,707.3781903901187,0.2759176605524169,1
75,Male,Black,58690.801945085805,593,0.11177014213979494,-3085.8145174790116,20,2.922809099316064,18070.794113121498,5,0,0,0,Master,-19.019549494191203,-12.857560489495881,-0.002628874044323216,0
55,Female,Hispanic,36288.9085703299,674,0.15835088421181834,387843.06986608356,30,24.655399809540395,-2155.3881557263267,1,3,0,0,PhD,0.09356595847609168,1077.341860739121,0.35625492301081696,1
70,Female,White,20221.554878588468,833,0.5598732167835532,253408.04105823167,30,29.646843327568714,37438.3011955808,6,4,0,0,Master,0.0797983946923834,703.9112251617546,0.41771934713512393,1
48,Male,White,31425.273689344307,714,0.431902143455393,302116.0554536392,30,11.210728356233531,43312.72965247873,0,3,1,0,PhD,0.1040172249109966,839.2112651489978,0.3204597446418643,0
53,Male,Asian,34981.99268088363,398,0.25603650914771126,266169.9737048863,30,15.1659030574469,2135.5233463536388,9,2,0,0,High School,0.13142726880106176,739.3610380691285,0.2536257021652727,1
36,Female,Hispanic,60431.90320705014,681,0.49668000611833996,195719.60420114378,20,13.281359395194068,24864.0616164885,0,1,0,0,High School,0.30876775708652787,815.4983508380991,0.1619340065549273,1
65,Female,Black,73044.27326137337,803,0.34418474347742545,122805.65362810474,15,26.825632459170706,15562.50794865303,7,3,0,0,High School,0.5947956881738935,682.2536312672486,0.11208330522930103,0
62,Male,Hispanic,20535.867402494667,746,0.1710635184579383,197542.70432794682,30,0.2980211309063885,27681.034943511953,4,2,0,1,Master,0.10395659749803987,548.7297342442968,0.3206466365346542,1
53,Male,White,57039.22148416111,643,0.5422510406132464,283611.71531894756,15,19.60377963491508,43645.53156483729,9,3,0,0,Bachelor,0.20111729665333197,1575.6206406608198,0.3314815173832647,1
47,Male,Hispanic,26466.03628458187,724,0.2693309731182363,117734.0493811272,10,19.571048184105983,25781.231791559483,8,0,0,1,Bachelor,0.2247950904916754,981.11707817606,0.44484957292118077,1
72,Male,White,62581.70818028001,605,0.44942961526494707,215702.4817234789,10,11.471550248938593,8516.401059059563,5,1,1,1,High School,0.2901297550229719,1797.5206810289908,0.34467336861771447,0
66,Male,White,37545.38837992504,447,0.2452970802498037,18980.784463603282,15,6.580009263510437,9643.215370360635,0,1,1,1,Master,1.978073585521211,105.4488025755738,0.03370282438158153,1
72,Male,Hispanic,28973.419639534422,753,0.3500356253369,119161.98532682427,15,7.19048044245107,14691.519556470832,5,2,0,0,Master,0.24314314300881562,662.0110295934682,0.27418690834414994,1
50,Male,White,65993.2903069515,332,0.5081263557652077,114133.2706551335,10,24.013923636416735,9083.933444835444,0,3,0,0,High School,0.5782125573738935,951.1105887927791,0.17294678008062753,0
35,Male,Asian,38261.547891098104,800,0.17838867321218385,368034.9953868241,20,1.983092891248771,31403.401246842997,4,3,0,0,High School,0.10396171117065432,1533.4791474451006,0.48094629683349904,1
69,Male,White,43680.72097294604,618,0.5886256976196392,66255.96681741983,20,16.91472438823077,32681.636562180676,2,3,0,1,Bachelor,0.659272259860249,276.06652840591596,0.07584120103976298,1
66,Female,Asian,5600.218248872472,492,0.1351079614303631,239855.33514915704,30,9.205218089347966,38894.43842751556,9,2,0,0,High School,0.023348316373241838,666.2648198587696,1.4276546882641503,1
76,Female,Asian,68931.02722846947,479,0.367004454870252,359447.26147375046,20,7.957434374049612,13628.621660763623,9,3,0,0,Bachelor,0.1917695156331114,1497.6969228072935,0.26072965682230087,0
45,Male,White,66418.17042338214,817,0.558012759675974,300541.33002314874,20,15.172129965931077,37313.84610378576,8,1,0,0,Master,0.22099513041439717,1252.2555417631197,0.2262493291424246,1
76,Female,Hispanic,50109.15688562628,690,0.5728469424412627,352145.0157169277,30,26.93584518839301,45248.95456704007,0,1,0,0,Master,0.1422969363448455,978.1805992136881,0.23425193956778245,1
64,Female,White,19448.38117288482,820,0.216054481439888,366995.1282978696,30,18.542757571119925,102.66213167935712,5,4,0,1,High School,0.05299356768872324,1019.4309119385266,0.6290071566634019,1
28,Male,Asian,74187.38356669527,656,0.17199249060740432,205618.15167807412,20,23.658318832659706,12691.029873401305,2,3,0,0,High School,0.36080172378383535,856.7422986586422,0.13858026917287167,1
74,Male,White,36674.732272784175,763,0.46220150015894546,247510.55784198077,15,18.02051337788643,18377.82071399987,8,3,1,1,Bachelor,0.1481744156392657,1375.058654677671,0.4499202266399911,1
77,Female,Hispanic,40932.93099798824,398,0.12098678413811856,219492.63912691275,30,20.93147339618222,32334.355770686147,1,1,1,0,High School,0.18648885521085937,609.7017753525354,0.17874169100155593,1
71,Female,White,96240.88112719063,447,0.3426194845151571,248076.8529831703,15,12.972229463798868,40102.020065944875,6,1,0,0,High School,0.38794784749111466,1378.2047387953905,0.17184440408112733,0
62,Female,White,35927.271117815406,615,0.49817761339659095,242179.70405820935,10,27.779449056245518,-5958.379832774943,8,0,0,0,High School,0.1483496367192689,2018.1642004850778,0.6740832145698888,1
50,Female,White,64844.19924853001,481,0.3801273622584169,371739.4551251721,30,15.058170613174829,9956.446860422922,2,0,0,1,Bachelor,0.17443453567955458,1032.6095975699225,0.19109365701851852,1
34,Female,White,61241.84524165235,846,0.1940066328870025,229178.0221032683,15,16.553240076802894,37182.58089364935,2,4,0,1,Bachelor,0.2672239016621611,1273.211233907046,0.24947868155502895,1
23,Male,Hispanic,57803.443857601706,602,0.34352214973498163,104622.81678372745,30,15.748965097645488,7219.8051100998655,2,1,0,1,Master,0.5524936685378192,290.61893551035405,0.06033251642783596,1
21,Male,Black,55640.01085109022,303,0.5606373582244465,259583.729404092,30,9.485670604947554,31973.180535504132,0,4,0,0,High School,0.21434321395574005,721.0659150113667,0.1555138262516506,0
37,Male,Black,57527.771237783985,406,0.40860648902213836,273080.48278259474,30,6.93715306797557,28603.405763646282,8,3,0,1,Master,0.2106623316745162,758.5568966183188,0.15823110410092203,1
65,Male,White,55438.811818810806,374,0.4607453137845099,117804.58943384018,30,2.21504892346665,31659.126418776832,8,3,0,0,High School,0.47059976258349084,327.2349706495561,0.07083159827863182,0
64,Female,White,48961.63282447878,339,0.2681319398312575,113714.44784985177,15,21.54524946007646,31850.60463610229,5,1,0,0,Bachelor,0.4305665089200238,631.7469324991765,0.15483477066965692,0
44,Male,White,80225.66248221484,418,0.19424188758380886,295084.3599340236,15,8.678257895111123,13600.528531638858,8,2,1,1,Bachelor,0.27187365165728233,1639.3575551890199,0.24521194407873378,1
32,Female,Hispanic,23746.788784014436,372,0.2278211149498018,146696.37134520378,15,11.675938895868216,16012.625084743959,8,4,1,0,High School,0.1618771382431392,814.9798408066877,0.41183497182000733,0
23,Male,Asian,70429.16208030753,503,0.36658879688014745,158641.76763432467,10,27.59784488178638,14818.715033278415,0,2,1,0,Bachelor,0.44395094136021884,1322.014730286039,0.22525011365807796,1
64,Male,White,66446.84597375103,395,0.24011007680535187,153852.9248229446,30,16.99342048235621,23378.8589110417,2,3,0,0,Master,0.43188549096625034,427.3692356192905,0.07718095196659007,0
31,Male,White,63967.98242658802,578,0.37098239371305053,224513.02135300575,30,2.9123419171181473,-11967.43417868004,2,4,0,1,High School,0.2849188080098483,623.6472815361271,0.11699239360913358,1
77,Male,White,72339.58855280257,442,0.4538959636880885,310323.23861215485,15,23.988357384715492,27236.553619142833,0,3,0,0,Bachelor,0.23311044598633274,1724.0179922897491,0.2859874699505115,1
28,Female,Black,48148.01209463214,414,0.46719793808515075,266863.583518759,15,7.6839179732836635,45837.338422170855,5,0,0,0,High School,0.18042181499540422,1482.5754639931056,0.3695044674523689,1
56,Female,Black,12620.518483462467,775,0.18234246983054672,153773.62169381935,30,16.581175279385477,22960.081851968418,3,1,1,0,High School,0.08207206375480539,427.1489491494982,0.4061471322680324,1
26,Female,Hispanic,48554.14680571028,432,0.47521542441693154,333806.59269790276,30,15.299444245919718,18164.90023807167,7,0,0,1,High School,0.14545592528081708,927.2405352719521,0.22916449274225184,0
43,Male,White,30176.115647508912,467,0.43634406979617957,286942.6378169567,10,7.142365270556422,21103.339356331137,5,4,0,0,Bachelor,0.10516427909455035,2391.1886484746387,0.9508932202168447,1
33,Male,Hispanic,35362.815802838726,544,0.10600256668435334,299246.41950780107,30,3.473131043837432,27960.301860406547,3,0,0,1,High School,0.1181728953048237,831.2400541883363,0.2820725788883392,0
22,Male,Black,25151.606523351766,576,0.12943608754487543,295992.7870095646,15,6.337848194849042,37150.393418010324,4,4,1,1,High School,0.08497371431736621,1644.4043722753588,0.7845563443028393,0
74,Male,White,40453.10283112331,558,0.4231247509301902,148541.10189435582,10,2.9201339869189678,18981.983134486738,1,2,0,0,High School,0.2723360895753556,1237.8425157862985,0.3671933461184913,1
69,Female,Black,38067.526120331015,345,0.2918519497818548,108014.64511083989,20,8.268840568563036,17496.784843628382,9,1,1,0,High School,0.35242930327890065,450.0610212951662,0.14187242529158164,0
78,Female,White,2448.603401457949,645,0.17305199978783295,166157.70418667217,20,29.918925322123936,-608.9189944825848,0,2,0,0,High School,0.014736622737077733,692.3237674444674,3.3929076486567493,0
27,Female,White,64004.43822564578,536,0.12219827958481663,299060.46298638755,30,12.062767957241476,20703.926033746942,6,3,1,1,Bachelor,0.21401838807612325,830.723508295521,0.15574985697713578,0
67,Male,Hispanic,94406.43716009764,352,0.17969917033621544,82012.51585617395,15,25.91665174005031,1971.6785072422463,9,1,0,0,PhD,1.151122315594598,455.6250880898553,0.05791449419710956,1
20,Female,White,62124.74386992578,447,0.5787569821608083,68489.38651780301,30,16.475330763871842,11790.087305644916,2,0,0,0,Bachelor,0.9070711102628607,190.24829588278615,0.03674831328678702,1
30,Male,Hispanic,45941.52086931544,832,0.46378282078548483,18621.917548163066,15,19.997492380011987,33162.77221967967,2,4,0,1,Bachelor,2.467067140131725,103.45509748979481,0.027022639790462738,1
60,Female,Black,48905.07208647569,389,0.36385271046714696,74390.89284750835,15,4.690439092516686,35313.21797822328,5,1,0,0,Master,0.6574067095380173,413.28273804171306,0.10140855835425786,0
66,Male,White,41580.28263973648,532,0.5707702500272959,121091.1324488113,15,8.244176022659262,26948.779169527123,2,3,0,0,Bachelor,0.3433800791095389,672.7285136045073,0.1941483234541392,1
47,Male,Black,51800.83167733916,350,0.4095552188408019,212449.5095430636,20,15.313302690867767,38216.78677631765,6,2,0,1,Bachelor,0.24382655337144524,885.2062897627651,0.2050638017420114,0
79,Male,Black,49259.83811853533,693,0.46282259414033367,84852.53214984137,30,26.434303026805217,-4750.221733571358,6,3,1,1,PhD,0.580534686125185,235.7014781940038,0.057418331979125575,0
71,Female,White,33179.031392034114,513,0.24132590925293604,266194.81726630806,30,1.286641076548205,44420.85814694809,4,0,1,0,PhD,0.12464191351569767,739.4300479619668,0.26743277917612573,0
62,Male,White,83657.76777895662,750,0.3944909217945979,204506.92148531956,20,15.207598786971626,7267.446197263924,0,4,0,1,High School,0.40907059365695825,852.1121728554982,0.1222282920730533,0
23,Male,White,20256.91528580458,638,0.17173862214892013,-4287.09059209362,15,1.5303663752528973,24512.005418418838,8,4,0,0,Master,-4.725096158024509,-23.817169956075666,-0.014109060310539582,1
34,Female,White,64366.63086388492,650,0.30224157259888773,198147.64596976966,10,13.704680293478477,10017.59379963735,1,0,0,0,Bachelor,0.3248417640737705,1651.2303830814137,0.3078421898278151,1
76,Male,White,47976.047453649364,584,0.11662016249330506,214153.17122520896,10,18.866044779979106,24650.017126855404,3,4,0,1,Bachelor,0.22402678969995976,1784.6097602100747,0.4463751863512865,0
62,Male,White,88016.6363013149,544,0.20831404379134025,391650.320671833,20,22.34169574284922,20268.047024606083,9,1,1,0,Master,0.22473270582373595,1631.8763361326376,0.22248653046173164,0
68,Male,White,56817.291984964424,849,0.13743431471133735,224203.20646062004,10,4.155960157818801,37062.57568990703,9,1,0,0,Bachelor,0.25341873063240083,1868.3600538385003,0.3946038232866695,1
70,Male,Asian,42801.88925633504,525,0.29388940975361566,23072.991770122346,15,4.997258503840443,56974.560166770636,1,0,0,0,Bachelor,1.855064556983894,128.1832876117908,0.0359376531752935,1
36,Female,White,45045.85603131005,740,0.521517582319245,222959.3369282579,15,14.101947650753718,33227.25559125801,0,0,0,1,Master,0.20203619481432417,1238.662982934766,0.3299738778387449,1
59,Female,Hispanic,50798.13389039522,773,0.2889670531725266,217440.87485610877,30,29.94109373937222,18206.7843418505,0,3,0,0,High School,0.23361814527287394,604.0024301558577,0.14268298078644048,1
52,Male,Black,27144.186100071984,743,0.5158198129973217,260491.38271835685,15,10.681405069702903,42992.84436866247,0,4,0,0,Bachelor,0.10420377755612846,1447.1743484353158,0.6397720718978469,0
63,Female,Hispanic,34662.609497641766,711,0.4282491562894437,463694.68365793396,15,12.825822820887309,-5455.715019216819,6,2,0,0,Master,0.07475308801084349,2576.081575877411,0.8918249190855658,1
43,Male,White,14301.12061616285,545,0.35476472331541387,146342.93141054624,15,12.973402284436546,11291.503451026705,8,0,0,1,Master,0.09772334391773867,813.0162856141458,0.6821979682028194,1
68,Male,Asian,31540.46203251812,799,0.21844584663066527,134737.62365611386,10,2.4210246407128633,16536.945330081668,0,3,0,0,PhD,0.23408800880307745,1122.8135304676155,0.42718975872071807,0
22,Male,Black,51878.129633209,849,0.5610780464220761,246907.5991872984,10,23.22516435869986,15840.177504525785,9,0,1,0,Bachelor,0.21011151460695,2057.56332656082,0.475937742807991,0
46,Male,Hispanic,56003.50098569042,416,0.12710040442101664,382556.36851580953,20,7.5930457327832235,8915.731030417968,5,0,0,0,Bachelor,0.14639280794870893,1593.9848688158731,0.3415468334859614,0
54,Male,White,10413.40610007196,663,0.4444565088494077,267104.604659568,20,21.110011706487597,30439.696683282884,4,1,1,0,Bachelor,0.038986247029863544,1112.9358527482,1.2825035444345259,1
37,Female,White,47255.76593911599,503,0.41061994640468447,165735.8298083924,10,14.252696365067722,19967.537108694007,2,4,0,1,Bachelor,0.28512703616199647,1381.1319150699367,0.3507208623428627,0
66,Female,Black,61268.199016442646,650,0.32052076112826344,298485.96384708694,30,18.353392266581523,17950.97906259698,1,0,0,1,Master,0.2052632499926532,829.1276773530193,0.16239308953028078,0
38,Male,White,46741.7561324753,618,0.22016047764630267,379385.78884156095,30,1.6191490948498877,41139.98910696276,1,4,0,0,High School,0.12320376120360055,1053.8494134487805,0.2705545107364725,1
27,Male,White,37324.22708444399,658,0.31534796842263346,123121.07179574085,10,26.698970532496986,13303.777984929164,1,3,0,0,Bachelor,0.3031506024116268,1026.0089316311737,0.32986904596091504,1
22,Female,White,41756.777099035724,816,0.5363863627767104,99931.33422312138,20,7.3157030825914005,35414.6737056047,6,0,0,0,Bachelor,0.4178546941623276,416.38055926300575,0.11965882087368886,1
53,Female,Black,39184.73290045556,788,0.5183830551274771,205586.3134893524,30,20.10286162502511,15889.092477176404,3,2,0,0,High School,0.1905999102536803,571.0730930259789,0.17488640623685547,1
23,Female,Asian,37265.38881783886,406,0.5706906249885146,230114.86340469518,15,23.940573361984853,16213.555897583268,6,1,0,0,Bachelor,0.16194255454199621,1278.4159078038622,0.4116686120903332,0
43,Male,White,53476.47050489697,471,0.253896603312624,338405.6377326512,30,16.201161518495912,8591.664519865672,9,2,0,1,Master,0.15802476242179128,940.0156603684756,0.21093740514136497,1
21,Female,Hispanic,96153.76455470902,818,0.2935520791844365,153122.96027072318,30,10.120020662358725,-1829.666162947011,0,1,0,0,PhD,0.6279513169331892,425.3415563075644,0.05308267127478584,0
79,Male,Black,35126.001661896335,827,0.10936307632993167,240187.8986625965,30,29.337101234432303,10078.806661912866,9,0,0,1,Bachelor,0.1462438443297242,667.1886073961014,0.22792982149853333,1
56,Male,White,43637.14734677146,619,0.5714749973600041,355689.88099865837,20,8.353191398120869,-6643.777893117956,3,0,0,0,Master,0.12268312841583497,1482.0411708277431,0.40755400229544847,1
56,Male,Asian,48966.041212495365,336,0.26469504590863446,222397.8902153021,20,28.459870113698113,23837.082378941184,8,4,1,0,Master,0.22017313727702914,926.657875897092,0.227094007099914,1
67,Male,Hispanic,36252.91131283413,798,0.3020819107664966,160478.2124266615,10,4.686724010541953,15275.497787150092,6,1,1,1,High School,0.2259055030875403,1337.318436888846,0.4426629658563438,1
52,Male,Hispanic,71964.71607046854,564,0.5539023057236973,257019.70555231892,30,11.676663945670306,36261.96113860079,9,3,1,0,High School,0.27999688162361314,713.9436265342192,0.11904894490268572,0
18,Male,White,2582.2925338712375,701,0.36329921508340657,166963.62967453903,20,4.154867524419067,9123.820311691983,5,2,0,1,Master,0.01546619787138601,695.6817903105792,3.232856608701802,1
41,Male,Black,39378.81659242649,517,0.383087270877739,233762.17827466375,20,0.06721419221088043,16134.88702009527,6,3,0,0,High School,0.16845674900478352,974.0090761444322,0.2968120915035597,1
74,Female,White,66366.27472639924,629,0.18811641907545842,181359.16481109438,10,7.8077562118942465,38267.054785281776,1,1,1,1,Bachelor,0.3659383566059485,1511.3263734257864,0.27327006911079965,1
53,Male,White,44118.113832227325,485,0.3493300104093272,185566.12734801884,15,2.6163120275686413,33350.309139542034,0,3,0,0,Bachelor,0.2377487446805757,1030.9229297112158,0.28040807010878577,0
23,Male,White,33583.220822994175,680,0.5591043004543871,159715.15176648225,15,29.590365692710414,22044.747993424946,9,1,0,0,Master,0.21026947319372574,887.3063987026792,0.31705347264196193,1
58,Male,Hispanic,58815.135088775285,508,0.37935904405396303,142629.3313358568,30,22.849599538554077,4478.637805511156,8,4,0,0,Bachelor,0.41236353376908275,396.1925870440467,0.08083482316843149,0
71,Female,Hispanic,68126.86470794304,587,0.22755818231987904,299398.4090544799,15,0.11114388966026456,28801.76958858098,1,4,0,1,Master,0.22754584743149506,1663.3244947471105,0.2929812493578347,0
63,Male,White,54212.708904301166,387,0.11559043206738143,218997.6441274826,10,6.709397544707763,15676.50631835435,1,3,1,1,Master,0.24754927899015633,1824.9803677290217,0.40395997276960943,0
77,Male,White,33975.59280374234,435,0.268150886727034,327380.53552809596,20,20.10372723851151,12200.610879086395,2,3,0,1,PhD,0.10378012470697585,1364.0855647003998,0.4817878195962422,0
61,Male,Hispanic,59124.066383034864,457,0.386295457032229,-25038.949325785972,15,11.956563394942634,39969.187462360875,2,1,0,1,Master,-2.3612838387810013,-139.10527403214428,-0.028233228708787052,0
77,Female,White,41959.0139945042,454,0.12130664418541506,148019.31718482357,30,24.955276891326818,41995.17188629032,2,4,1,0,High School,0.28346985239846967,411.16476995784325,0.11759040000654858,0
74,Female,Black,64903.737637876555,762,0.40489628864557814,125931.20372715658,30,15.145823351271948,6700.430945854821,3,3,0,0,PhD,0.5153904331645828,349.80889924210163,0.06467588683915054,0
48,Male,White,79665.17769713182,519,0.3617069135590564,174605.2751524307,20,19.609542591972875,45741.12480907658,0,1,0,1,Bachelor,0.4562587105549015,727.5219798017946,0.10958694890271801,1
37,Male,White,-2111.535113770653,758,0.4917177345832855,96800.22950703542,30,17.91112192783442,18654.894085339944,0,1,1,1,Bachelor,-0.021813327556389598,268.8895264084317,-1.5281177641129438,0
41,Female,Asian,52221.34946391265,466,0.11444408613598092,39272.91043936962,10,19.145067018709028,31741.113662870877,3,3,0,1,PhD,1.3297040855816662,327.27425366141347,0.07520470237275081,1
42,Male,White,15285.321261047458,621,0.4904236724093687,267225.46490030945,15,6.902965614815403,47469.056753058045,0,2,0,0,High School,0.05720009231436744,1484.5859161128303,1.1654992845163892,0
53,Female,White,98835.7717065954,811,0.3604385228790534,140679.48740806064,30,11.19868317618575,17556.621388882366,3,0,0,1,Master,0.7025599362607027,390.77635391127956,0.047445536833122456,1
38,Male,White,40637.50932407619,386,0.2852646663898557,255565.88918570415,15,1.5188775859347414,23929.025173903356,1,1,0,0,PhD,0.15900991111747073,1419.810495476134,0.41926107748979086,1
47,Male,Asian,64927.464836507446,844,0.5826914881794121,82169.13897847894,20,17.629095440646264,30851.77293626288,6,4,0,0,Master,0.7901684944454963,342.3714124103289,0.063277643124822,0
41,Male,Hispanic,49293.66280810208,574,0.18005977361802653,36399.14208487389,15,13.777753862273268,43704.50760866773,5,0,0,0,Master,1.3542534242472342,202.2174560270772,0.049227615358420476,1
61,Male,White,33938.30838561881,440,0.37066255954555327,224122.5266815159,10,22.821484470572166,20299.099763672955,1,1,0,0,High School,0.1514274753552375,1867.687722345966,0.6603821384818541,0
59,Female,White,31558.939056451465,652,0.26049073679623924,263268.33769689786,20,6.191473938649263,32140.691506723393,1,2,0,1,Bachelor,0.1198736594477435,1096.9514070704076,0.41710581148810666,1
47,Female,Black,81713.58346201517,304,0.3637431893976679,138444.51663022657,30,13.104363482034053,8385.995711924246,0,0,0,0,Master,0.5902262180615296,384.56810175062935,0.05647552127184295,0
39,Male,White,69118.76120356622,681,0.37613772629020603,98292.7548972073,20,5.422362991721586,-2223.1926464219177,3,4,0,0,High School,0.7031928373138927,409.5531454050304,0.07110425099179572,0
45,Female,Black,88871.68174755127,633,0.1447241242124229,324927.26141834795,15,18.41937675745326,9822.840851086406,1,0,0,0,Master,0.27351254357549226,1805.1514523241553,0.24374262984493061,1
24,Male,White,51109.066703153985,774,0.43056757345917485,194277.1773973794,15,25.44090769534356,9781.293190099523,4,3,0,1,High School,0.2630729321263209,1079.3176522076633,0.2534151504216901,1
52,Male,White,55758.392424920006,329,0.41724074795950594,100187.39849075829,15,22.96329745346955,34626.84508812068,3,1,0,0,Bachelor,0.5565409748618575,556.5966582819905,0.11978752630606293,1
72,Male,Black,44656.168686894234,646,0.48473363731723196,50290.74013682679,15,28.325939178926618,18897.928617238656,0,3,0,0,High School,0.8879600611444077,279.3930007601488,0.07507845181769358,0
45,Female,White,44258.35593769982,792,0.1453292468295855,131158.17237105337,20,29.15177345590773,10837.192874081453,4,2,0,0,High School,0.33744260946615356,546.4923848793891,0.14817334443656008,1
31,Female,Hispanic,29162.261350452634,794,0.2486292734518439,160567.8740916259,20,23.16101602745972,6690.510807944971,4,0,0,0,Bachelor,0.18161952704070541,669.032808715108,0.27530079399884005,1
73,Female,White,51680.203818487025,687,0.42505529986405066,276286.0484430528,15,8.60418256140776,13734.584900617036,4,3,0,1,Bachelor,0.18705325190945782,1534.9224913502933,0.35640474563327196,0
27,Female,White,34215.068102276055,552,0.16836541295780424,198330.67604654143,30,6.577841316459548,33758.65330124881,1,2,0,0,High School,0.17251525978889393,550.9185445737262,0.1932196222764477,0
33,Female,Asian,58838.17844328405,329,0.4387991053942212,186451.10586485043,20,13.42647103646831,6649.392364871592,3,3,1,0,High School,0.31556894323776796,776.8796077702101,0.1584439821200247,0
33,Female,White,53400.20437960419,641,0.1295133554102115,108463.92381563992,10,29.81651083731362,18089.91231270265,4,4,0,1,Bachelor,0.4923314822204889,903.8660317969993,0.2031151848120396,0
71,Female,Hispanic,55753.64087351444,586,0.26746577647981384,338078.5786697017,20,12.380040624514661,14266.92146925387,5,3,1,0,Master,0.16491326097293202,1408.6607444570905,0.3031896871423016,1
48,Female,White,83502.59879380453,696,0.5233555611662596,297648.6512778806,10,5.972052317168063,25313.203936069567,6,1,1,1,High School,0.2805408270298113,2480.4054273156717,0.35645435660376673,1
59,Male,Black,49245.64100468818,808,0.4871456451905801,289669.9489257067,30,28.33028633349723,47613.790703048384,9,3,0,1,Bachelor,0.17000604027902974,804.6387470158519,0.19607146474692053,0
42,Male,Hispanic,65134.54005706856,543,0.422380357613544,193914.6317257994,10,11.577539327880682,10220.301775306703,2,3,0,0,Bachelor,0.335892859024535,1615.9552643816617,0.29771398025670914,1
30,Male,White,91030.18928171162,520,0.5352292083125506,240102.37996660598,10,20.72696661682893,24760.789039854586,2,3,1,0,PhD,0.3791307245449725,2000.8531663883832,0.2637612663020614,1
23,Male,Hispanic,76132.34138590095,455,0.45463477208610026,-57503.88443679153,30,23.644589358437603,19770.110036205835,9,3,1,1,High School,-1.323951279666783,-159.7330123244209,-0.02517716010042514,0
61,Male,Black,73063.3939690969,682,0.35968755260540153,220244.68116281222,15,25.29467706178602,13008.422099266314,1,3,1,1,High School,0.3317373821848892,1223.5815620156234,0.20096217745370323,1
26,Male,White,43866.23568959,619,0.5898587501928934,392288.16947130393,20,24.63841161368371,20756.22627281002,8,0,0,1,High School,0.11182145958852026,1634.5340394637665,0.44714136431405577,1
62,Female,Black,54592.86111135594,672,0.44742803989465973,141964.36246786267,30,25.087405889999403,47296.987405867694,0,0,0,1,Master,0.3845532791633848,394.3454512996185,0.08668066335528771,1
53,Male,Black,23634.474159401165,830,0.40068358840650153,101439.5416472197,10,20.029602827336426,18964.382440020832,2,4,0,0,PhD,0.23299074281699447,845.3295137268308,0.4292016017071814,0
73,Male,White,59978.28801928829,514,0.30443528047678237,185761.95047809003,15,12.114932078173798,18962.491913904112,2,0,0,0,Master,0.3228771439195376,1032.010835989389,0.20647688423334265,1
60,Male,White,55489.203552276835,666,0.5512062492895252,113856.16832327383,20,20.018605621915114,14318.424334387011,7,2,0,0,Master,0.4873622955123991,474.4007013469743,0.1025930821083141,0
37,Female,White,50467.70250312362,413,0.2478545478024964,107586.85380798666,30,25.102030021797397,26230.965381552553,5,1,0,1,High School,0.46908800394139955,298.8523716888518,0.07105987160886228,1
35,Male,White,70543.8957648572,499,0.10460979710545135,226500.8153032321,20,10.519273938732631,5001.815891529914,2,3,0,1,High School,0.3114509573416558,943.7533970968004,0.16053891895779582,1
75,Male,Hispanic,25844.50355151207,324,0.19837026121617998,282449.83893518866,15,8.895239708761203,21821.69513217646,0,3,1,0,PhD,0.09150121539790428,1569.1657718621593,0.7285877720504419,0
60,Female,White,82697.25702320694,420,0.15475874597117958,227405.5756130115,20,10.311216513154905,26687.364808874627,2,3,0,0,Bachelor,0.36365536245222674,947.5232317208812,0.137492816448069,0
74,Female,Asian,68035.29375880568,302,0.25949688708653607,85369.29320055572,15,16.53850188088105,7278.178669534467,3,4,0,1,Bachelor,0.7969527591024123,474.27385111419846,0.08365196795573134,1
38,Male,White,48587.32040696052,744,0.5129393387292275,133078.9279888915,30,1.5733162444183357,43968.183293356924,0,4,0,0,Bachelor,0.3651015314086108,369.6636888580319,0.09129880448523141,1
21,Male,White,47025.40824365213,553,0.4257648426825037,232107.76479014286,15,23.3691245705052,43418.61334189001,2,2,0,0,High School,0.20260161604748347,1289.4875821674602,0.32905298569307606,1
67,Male,Hispanic,59612.22430497189,319,0.18449029461685626,265740.34619786486,30,4.165558753506058,53715.2032481217,3,3,0,0,Master,0.22432507956690115,738.1676283274023,0.148593877232493,1
50,Female,Black,80417.02464127558,503,0.49441086054616923,179198.2408641302,15,3.985159703522964,28570.395607475402,6,4,0,0,Bachelor,0.44876012316576547,995.5457825785011,0.14855746583802626,0
44,Male,Black,52032.154373800215,656,0.3521099330497014,110668.67680135801,20,5.92977418068315,26233.83714073812,3,3,1,0,Bachelor,0.47016152969095343,461.1194866723251,0.10634642956191248,0
24,Male,White,52880.61803958452,427,0.35635731205914845,277442.14036054886,15,17.30782304917495,18830.866300379097,0,0,0,0,Bachelor,0.19060052654893636,1541.3452242252715,0.34977168150451105,1
23,Male,White,50362.369552517426,657,0.28105609049043667,381247.22897203587,15,8.567051274118679,21022.538160485576,8,3,0,0,Master,0.132098978629459,2118.040160955755,0.5046720826939046,1
32,Male,White,85640.48225402946,591,0.5323081824110117,312380.6760805098,20,11.042709869596568,33905.259235675534,5,2,0,1,Bachelor,0.27415422531436406,1301.5861503354574,0.18237909681190054,0
35,Female,Asian,42622.337941259524,473,0.25916365192789637,398441.5118237388,10,27.949473329343835,20257.782867015234,8,2,1,1,High School,0.10697263381561169,3320.34593186449,0.934818527254079,0
49,Male,White,49409.84802761857,654,0.14706988033484433,137861.37232035951,15,25.416065399309556,17737.64313757697,6,4,0,1,High School,0.3584024095799725,765.8965128908862,0.18601065418281162,1
73,Male,Hispanic,79268.71308521989,336,0.2513644969859725,303139.7801919874,30,25.565715993143474,28383.880499586878,3,3,0,1,High School,0.26149228265263197,842.0549449777428,0.12747348791785781,1
28,Male,Black,52940.21667225727,609,0.45767677313394284,328839.5493219448,15,17.329254999779636,10604.91158382931,0,2,1,1,Bachelor,0.16099102672235768,1826.8863851219157,0.4141017547620144,0
37,Male,White,72741.17720091045,383,0.42879094340166446,151287.6369271135,10,25.99398441871442,43704.891605016266,6,0,0,0,Bachelor,0.480813757676414,1260.7303077259457,0.20798073766287622,1
41,Male,Black,31774.39886194083,809,0.19400857677678893,117436.70607477045,30,23.356974760216605,20126.15940171888,8,4,0,0,PhD,0.27056616218195423,326.21307242991793,0.12319845565506028,0
32,Female,Hispanic,45894.14956742972,743,0.15589214955247102,103889.30905742585,20,28.597104087331868,31471.337516338437,5,0,1,0,Master,0.4417600808381666,432.87212107260774,0.11318360840828642,1
65,Female,Hispanic,79688.68076880457,719,0.43043287920087314,190899.26071129576,20,1.9310521506574663,7975.798255207923,0,2,0,0,Bachelor,0.417438393799339,795.4135862970656,0.1197781534777436,1
24,Female,White,36473.205684729095,504,0.4381884178274561,49430.61278312543,20,0.861814009617986,19348.113669503975,8,4,1,0,Master,0.7378667516171331,205.96088659635595,0.067762912328572,0
38,Female,White,46974.01920460585,787,0.2830748186052854,368946.28979987407,30,5.250898221716733,14094.79839754829,6,3,1,1,Master,0.1273193971677714,1024.85080499965,0.2618087587189037,1
59,Female,White,55133.70461782957,387,0.5214006917645398,71622.55437430092,15,27.872544615239267,14727.485240779595,0,1,0,1,Master,0.7697813223708794,397.90307985722734,0.08660468204312546,0
43,Male,White,30216.909640140268,551,0.5891026018999584,242182.32861742497,30,18.166953178627377,2937.9312998904497,3,3,0,0,High School,0.1247692588168721,672.7286906039583,0.2671598248592448,0
61,Female,Black,41723.79762756206,330,0.2028226117246977,-26309.454058907286,30,12.783375530858427,35844.73193652037,4,3,0,1,High School,-1.585886105205445,-73.08181683029801,-0.02101874354275595,0
73,Female,Hispanic,52252.73363651281,720,0.38853435785301416,404525.862507221,10,15.381331844284553,27267.356857638573,1,0,0,0,Bachelor,0.12917031636161475,3371.0488542268417,0.7741716736223523,1
31,Female,White,50933.63468323922,360,0.10267316450196959,324943.72807460703,30,24.8881376468301,-1281.5567417361017,2,3,0,0,PhD,0.156746015641037,902.6214668739084,0.21265824969784097,0
74,Male,Hispanic,75607.04041674272,525,0.4565271980131437,40620.460981061915,20,27.873299874117723,16812.6083808166,1,1,0,0,Bachelor,1.861304342459143,169.25192075442465,0.02686288258154512,0
54,Male,Black,80829.14389664507,634,0.3071410567816589,230504.56863655464,30,21.890965029327297,16737.13753202717,3,4,1,1,Master,0.35066178676957793,640.290468434874,0.09505835705798442,1
75,Female,White,32878.30255998178,410,0.19663461345158242,175844.58995464194,10,22.79543498811889,25983.540655630586,6,4,1,1,Master,0.1869736371671289,1465.3715829553496,0.5348347580713407,0
38,Female,White,52225.370383349786,790,0.4761109608821881,215502.1867140252,30,9.61134132491514,17822.97755035447,4,1,0,0,Bachelor,0.24234264709644768,598.6171853167367,0.1375462954321338,1
35,Female,Hispanic,63484.96616849531,571,0.5053243987780404,263531.6571071879,30,14.011055858236176,36305.53926582638,6,0,0,1,High School,0.24090072086737446,732.0323808532997,0.13836958732757249,0
22,Male,Hispanic,80326.94931598395,333,0.15558325058796865,119942.19531471677,20,26.55630580413498,34461.21354850372,0,1,0,0,High School,0.6697138492855977,499.7591471446532,0.07465875172409288,1
20,Male,Black,64369.80594634259,511,0.120497880919017,194638.55845126347,30,23.578023302177325,53102.59320190715,2,4,0,0,Master,0.33071456374591096,540.6626623646207,0.10079185190932032,0
40,Male,White,55818.26803184663,599,0.26703922083455867,19049.277424560714,15,20.52812755384043,-13401.764809459994,1,1,0,0,Master,2.930203954081677,105.8293190253373,0.02275154484513005,0
43,Female,White,63330.85063965261,672,0.41299523288051776,208318.53524697793,20,1.9574050766436124,40510.53579983026,0,0,1,1,Bachelor,0.30400967712531646,867.9938968624081,0.16446844874411481,1
54,Male,White,63475.3766867252,424,0.4967097635943165,-5904.327574789815,10,1.1852165836186457,31923.28327441632,4,3,0,0,High School,-10.750652954580492,-49.202729789915125,-0.009301760592819933,1
41,Male,Black,31445.71415431263,402,0.3730312483152288,330579.4767735239,10,3.912328293419851,17373.07927491684,2,3,0,0,High School,0.09512300782016095,2754.8289731126993,1.0512703739253018,1
66,Female,Hispanic,53855.975850125375,419,0.39037438815349035,53517.61392288422,10,17.441732975935,16150.479322713642,7,4,0,0,High School,1.0063224404535058,445.98011602403517,0.09937172816590906,0
36,Male,White,79183.21988377383,846,0.49992911087644554,229431.9249035366,30,16.091605420234497,18675.99382017352,4,0,0,0,Bachelor,0.3451272961121953,637.3109025098239,0.0965827209520316,1
68,Female,Hispanic,45852.8646261199,630,0.3644216871093797,282862.8621136861,15,28.280724796411615,23717.991442171446,4,3,0,0,Bachelor,0.1621028094090735,1571.460345076034,0.41126163642500746,0
42,Male,Black,52588.932850948884,608,0.4055772451131503,386415.01107119874,20,20.84278920130189,11886.92099306632,6,3,1,1,PhD,0.13609443563065704,1610.0625461299946,0.36739194933504576,1
38,Female,Black,45149.67100947956,711,0.3581086699882796,377334.64727707556,15,8.81917852036278,-4054.534286019236,7,3,0,0,PhD,0.11965418849100891,2096.303595983753,0.557161161739659,0
29,Male,Asian,3722.8100878624973,698,0.540229116683852,339390.252398389,15,4.844888814470919,12205.427936912361,0,2,0,1,Bachelor,0.010969113171501824,1885.501402213272,6.077671514947007,0
74,Female,White,50411.80354469358,605,0.21775830929254444,198396.0538595844,10,25.48599717985146,16013.688065124059,4,3,0,1,Master,0.25409680567725773,1653.30044882987,0.39355079546736005,0
78,Female,Asian,56035.83861305745,462,0.2319967922702547,311565.4871666828,10,13.788723110670725,28552.14567749572,8,2,0,0,Master,0.1798525219292955,2596.3790597223565,0.5560111080305701,1
58,Male,White,39750.13218238196,364,0.16398073080091288,227595.22085342972,15,19.60408492226546,2180.6324885772992,8,1,0,0,Master,0.17465275427721244,1264.417893630165,0.38170979291200846,0
50,Male,White,26907.261022305436,515,0.5097333757472109,236119.19526325923,15,16.954308197724085,29639.29706048347,6,4,0,0,Bachelor,0.11395626260840588,1311.7733070181068,0.5850197711007509,1
67,Male,Hispanic,32387.870804367012,325,0.30588864528117865,137978.25347982952,20,3.2236903840990507,1930.140045886932,3,4,0,0,Bachelor,0.23473170581262404,574.9093894992897,0.21300914517237304,0
70,Female,Asian,65283.75232271128,343,0.2739469704406219,374149.52226976585,10,1.7117515104548109,25958.613493911627,1,2,0,0,High School,0.17448572946630944,3117.912685581382,0.5731127714906249,0
21,Female,Black,89450.49546093811,389,0.5906743585435781,119712.99732566389,10,11.310545691492406,28285.480885367077,4,0,1,0,PhD,0.7472078843502639,997.6083110471991,0.13383156427338186,1
59,Male,Black,77648.66681810866,432,0.5634016832198927,92959.50072110421,30,10.84650892637153,18044.449632390853,3,2,0,1,Master,0.8352956525774498,258.22083533640057,0.03990602995535478,0
74,Female,Hispanic,23113.079903388963,460,0.5859938410623807,240764.56555588817,10,20.21394338906719,20692.12314074051,0,3,1,0,High School,0.09599867758789353,2006.3713796324014,1.0416810159540268,0
24,Male,Hispanic,67092.54621101407,679,0.17114949837934643,20794.172521712055,20,18.966012273034853,30461.906047513214,6,0,1,0,High School,3.226507144776257,86.64238550713357,0.015496633900516983,1
39,Female,White,36736.7524838142,560,0.5456259065740832,211755.96944497403,30,29.068227853919833,11268.87752175964,2,4,0,0,Bachelor,0.1734862661964316,588.211026236039,0.19213816784546695,0
72,Female,Hispanic,38354.658749824455,682,0.2643547996937258,363463.1834909587,20,25.74298508314715,24632.286031655058,5,1,1,1,Bachelor,0.10552556762816816,1514.429931212328,0.47381882063104297,1
50,Male,White,40760.48804057432,668,0.10632838510593126,241508.66578544382,10,14.897475773258634,14738.747279545281,4,1,1,1,High School,0.1687744326192664,2012.5722148786986,0.592506805966205,1
34,Male,White,64121.33899710861,410,0.2956491679915344,203161.92453042688,10,15.000760576880866,43252.34188531911,3,2,0,0,Master,0.31561691072435855,1693.0160377535574,0.31683980357863073,1
41,Male,White,69185.06752898076,376,0.3545981765690298,116000.90631764609,15,20.22387687338083,28148.44030436726,2,2,1,0,High School,0.5964183360734338,644.4494795424782,0.11177836534264156,1
78,Male,Black,48039.37857440424,508,0.15411021178370268,49772.6837934395,15,3.4227174831982667,4336.767179637927,8,2,0,0,Bachelor,0.9651755724841238,276.5149099635528,0.06907206167172582,1
78,Male,Asian,48378.5851798395,312,0.36883880843712813,286355.8245724505,20,29.996716938941773,47267.03486447591,4,2,0,1,PhD,0.16894569981969865,1193.149269051877,0.29595307873098126,1
51,Male,Black,59285.27486471586,847,0.5097317920883657,202799.02958070725,30,15.564243037308719,35026.353242244724,9,4,0,0,Master,0.29233510134289026,563.3306377241868,0.11402439590802158,0
45,Male,Asian,61359.89079048484,324,0.288825475419597,262452.89100686554,10,27.2971462172691,1903.3364057884828,6,3,1,1,Bachelor,0.23379392223528495,2187.107425057213,0.42772711558926774,1
75,Male,White,73524.51413517058,845,0.2763224032671511,-19216.39240006366,15,29.020690039566237,-2893.7521204991062,3,4,0,1,PhD,-3.826135135277889,-106.75773555590924,-0.017424023017897073,1
60,Male,Hispanic,24312.560489816027,439,0.2694052101153387,273199.24316095654,15,17.449282197067962,1581.4890592383126,0,1,1,0,PhD,0.08899204920378266,1517.7735731164253,0.749130593835488,0
58,Male,Hispanic,50400.5467960806,574,0.561547222941846,398577.9549373067,10,3.1004594257432605,5268.518746069194,1,1,0,1,High School,0.1264509142358569,3321.4829578108893,0.7908206959538426,1
56,Male,Black,28639.512482176448,669,0.12437904939509956,334130.5874842286,10,17.200374252599136,22269.23188325117,9,1,0,1,High School,0.08571353104129764,2784.421562368572,1.1666769386950002,0
39,Female,Black,48981.15441873194,521,0.3225380709964777,229665.93265160525,30,17.9292731149796,21233.64978852745,4,3,0,1,Bachelor,0.21327131043433656,637.9609240322368,0.15629544013889402,1
66,Female,Black,45476.494246384784,336,0.23229972707485844,95552.7461621112,15,23.67579410319993,31022.15635832715,7,3,1,1,PhD,0.475930792917569,530.8485897895067,0.14007638853956925,0
34,Male,Hispanic,49065.010921945955,428,0.5469035126937472,212179.6640418871,30,1.4468780098471845,15338.74899636742,7,0,0,0,Master,0.23124275902454,589.3879556719086,0.144148657773954,1
51,Male,Hispanic,34005.14223778936,615,0.14802613179190197,215408.80330055166,30,13.989461015852818,16090.559753214982,7,3,0,0,High School,0.1578632893212971,598.3577869459768,0.2111531659871247,0
23,Female,White,20254.204135851425,622,0.3057213833402054,150438.84017727294,10,27.683107750104394,21687.667711898823,8,1,1,0,Bachelor,0.1346341417680729,1253.6570014772744,0.7427536484190221,1
63,Female,Hispanic,8111.2494657019415,732,0.30340807601554287,158074.6736557073,30,29.738972360359604,36888.271659349266,1,3,1,0,Master,0.051312770592008644,439.0963157102981,0.6496108658479768,1
23,Male,White,47376.39691470319,517,0.5441972087735113,409856.5904559243,10,5.741480362777129,-8388.443680601838,3,3,0,0,High School,0.1155926195111361,3415.471587132702,0.8651071359306473,1
51,Male,White,41379.97788334122,547,0.20774672252048473,103427.74093429676,20,26.117969782051055,16153.584146451009,9,3,0,1,Master,0.4000858716389074,430.94892055956984,0.12497317087249432,1
18,Male,Hispanic,36481.24670392346,410,0.42244770515080554,157112.41617362644,30,4.387516848919323,39780.46087142264,5,2,0,0,Bachelor,0.23219836848290645,436.42337826007343,0.14355541579004336,0
27,Male,White,76450.96925663322,446,0.16720306344389455,256110.77487342973,15,25.235233037036913,21016.707474599058,5,3,1,0,High School,0.29850743021028847,1422.8376381857208,0.22333335763100517,1
38,Male,Hispanic,32811.23626409378,643,0.5769878570402713,418090.88193684735,15,8.318331824029906,15576.740027680089,4,2,1,1,Bachelor,0.07847871762257164,2322.727121871374,0.8494872073125256,1
22,Male,White,78336.68164277606,808,0.39650747963614297,169895.55045571446,20,28.788757981474273,7780.449264217879,1,1,1,1,PhD,0.46108730589266117,707.8981268988102,0.10843933320437095,1
19,Female,White,82476.87488538514,804,0.41312836516033513,20114.061123313208,20,20.86490252701911,33537.70827534029,7,0,0,1,PhD,4.100458598576609,83.80858801380504,0.012193758039004828,1
39,Male,White,10981.990664212382,433,0.31688670083023607,-13658.288500418392,30,11.973318041692785,12780.41041736109,0,4,0,0,PhD,-0.8040532065109016,-37.93969027893998,-0.04145662633195579,0
65,Male,White,51847.6291799794,763,0.27114135633316117,452010.79088221677,15,8.429199897244988,12661.699441861241,0,0,0,0,PhD,0.1147044057925813,2511.1710604567597,0.5812040627909207,1
74,Male,Hispanic,42006.070183280186,490,0.20633821474743816,9065.704854769865,15,7.057125824233362,40456.04702925349,0,4,1,0,High School,4.633513980016562,50.365026970943696,0.014387928244996549,0
19,Male,White,-8236.078894345315,462,0.4019938769161294,207597.7208880852,10,20.423769809987554,4296.82314858013,8,1,1,1,Master,-0.0396732625922485,1729.98100740071,-2.5205892701029926,1
27,Male,White,21107.174938631713,755,0.577280872674119,48740.85334679796,10,26.873730077306448,44470.66286511021,4,2,0,1,High School,0.4330489412741961,406.173777889983,0.23092078162288457,1
51,Male,White,65498.722142169485,360,0.27989547704620155,121127.40489019759,15,22.64825908843031,22536.039829568585,1,3,0,0,Master,0.5407423877490342,672.9300271677644,0.12328729571983833,0
33,Female,White,90383.98505422528,304,0.5415784443310271,135174.45337955325,10,25.043746140496268,20368.17814174008,0,2,0,1,Bachelor,0.6686469432240881,1126.4537781629438,0.14955575735951035,1
65,Male,Hispanic,68053.56285398497,336,0.17438815642362485,4471.471558859805,10,23.441513029036116,24281.058422220714,3,4,1,1,High School,15.219500327390694,37.26226299049837,0.0065705179440108796,0
68,Female,White,56472.64945025955,759,0.5680630104409004,321903.1671831758,10,29.37442999494058,20311.715613479555,1,3,0,0,Bachelor,0.17543365585503654,2682.5263931931318,0.5700160525790531,0
78,Female,Black,49573.35236737825,516,0.2752431419490383,243075.80051425291,20,22.734147804789746,12079.081488681912,2,4,0,1,Bachelor,0.2039419484066308,1012.8158354760538,0.24516780579298583,0
56,Male,Asian,83653.25829296227,438,0.2898636057966728,157295.27696681523,15,6.306855554108214,25162.560114993757,1,4,0,0,Master,0.5318230776287752,873.8626498156402,0.12535497136361867,1
39,Male,Black,92964.78403915282,398,0.3314211285171641,142515.07549269777,15,23.747953964235446,12652.018695349057,7,3,0,0,Bachelor,0.652315439035193,791.7504194038764,0.10220004414623389,0
29,Male,Hispanic,38263.14640951628,563,0.45912213497382515,308849.2953244101,15,9.662080829544026,26420.61317719636,2,0,1,1,Master,0.12388937578544681,1715.8294184689448,0.5381144770809149,0
41,Female,White,10000.268793794181,523,0.4598267168445176,208998.64397269257,10,29.873995879885744,54687.659458775604,1,0,1,1,Bachelor,0.04784848649592578,1741.6553664391047,2.08993026369841,0
64,Female,White,8036.250734575966,310,0.3397942923598326,408567.0953024382,30,11.300178603004397,29902.436634818336,5,4,0,1,Master,0.019669353765817098,1134.9085980623283,1.6946837059417041,0
57,Female,Hispanic,76437.61984319604,626,0.361576449656968,155237.65344737115,30,8.783812675416897,17169.829012893053,6,1,0,0,Master,0.492390976968162,431.2157040204754,0.06769688091885703,1
55,Male,Hispanic,49058.82918451227,649,0.11500524388707059,242557.91155789618,10,7.176479565267346,23833.467071288054,8,2,1,0,High School,0.2022561493435452,2021.315929649135,0.49442254450391776,1
77,Female,Black,53664.83820917437,678,0.25214835077916287,76859.12171606977,20,19.755439561751093,15202.38444783114,9,0,0,0,Bachelor,0.6982234120163525,320.24634048362407,0.0716103171843069,0
76,Male,Black,14186.980140865737,530,0.2730085371153047,156675.1900261984,20,3.2766326516259356,17242.56763262755,3,3,1,1,Master,0.09055026605356895,652.8132917758267,0.5521794929947563,0
27,Male,White,34936.22174423067,440,0.3793636343628797,303750.9052437578,15,28.606796451989158,18324.147426931133,4,4,0,0,Master,0.11501602510845067,1687.5050291319878,0.579629374287674,1
52,Male,White,44090.383721984355,348,0.3791498836856523,317881.89731820585,30,8.829380359294115,27129.201072473523,5,2,1,0,Bachelor,0.1387005176889612,883.0052703283496,0.24032594750716096,1
68,Male,Hispanic,54156.76766728141,750,0.45494989886393655,384131.30277173524,20,8.862018331154168,33601.87479025316,2,2,0,0,High School,0.140985041511869,1600.54709488223,0.3546475531291785,0
66,Female,Black,42028.15922172482,790,0.4585136481090405,244506.01859327595,30,1.3819828712117732,51638.12244511693,2,4,0,0,High School,0.1718900805122374,679.1833849813221,0.19392237896450476,0
49,Male,White,29253.476033973147,504,0.2176053621060415,323576.08819390566,30,7.380525536207225,29726.744019619968,2,2,1,0,High School,0.09040679179124868,898.8224672052935,0.3687038625405573,1
24,Male,Hispanic,34308.660147949544,708,0.4850935755524124,262388.7331255573,20,12.56938067028713,3547.3475142027564,4,1,0,1,High School,0.13075508136064778,1093.2863880231555,0.3823943167615057,1
38,Male,White,74166.46571894466,706,0.10980178402314103,158697.2834277341,10,11.088191706726624,785.7564638063632,5,4,0,0,Bachelor,0.4673455280204453,1322.4773618977842,0.21397444503978486,1
37,Female,White,54895.69239206999,350,0.4580809423033603,48591.79707639091,15,8.190597643086607,18992.93167802904,8,2,0,1,High School,1.1297316768459655,269.9544282021717,0.05901106256734306,0
43,Female,Hispanic,62243.13613911103,474,0.15103055175971156,176853.61674810466,15,1.2223151351759465,35006.40482179111,8,2,0,0,High School,0.3519472051723143,982.5200930450259,0.1894223499630477,0
21,Male,Hispanic,32022.52378245341,560,0.4648241042106095,85470.8979790064,20,9.017441208169272,16880.689275942364,4,0,0,0,Master,0.37465996660429224,356.12874157919333,0.13345434382320573,1
63,Male,Black,-9076.46970801249,779,0.36355904528420213,305459.4064287819,10,23.3499281478936,17113.17234848279,7,2,0,0,High School,-0.029714160104376015,2545.4950535731828,-3.365398841789002,0
69,Male,White,39537.91386231007,522,0.31862725034154604,311135.18669933116,20,13.163768559284136,33498.315758014905,6,2,0,1,Bachelor,0.12707631779531886,1296.396611247213,0.3934643438483536,0
39,Female,White,32668.588911490067,568,0.44533319488071454,98447.44653745632,20,8.723260427961408,19598.487825571447,3,0,0,1,High School,0.3318378491316242,410.19769390606797,0.15067600073603235,1
32,Male,Black,56980.245372561585,617,0.11818541687361636,311214.56854365446,30,9.143764024438735,35516.152947563816,0,4,1,1,Bachelor,0.18308990366101352,864.4849126212624,0.18205992065542392,1
73,Male,White,115714.47427363684,684,0.21173516283778918,81969.52433627716,30,16.633127294817022,-2572.283747924219,2,0,0,1,High School,1.411676781225693,227.69312315632544,0.023612581701876235,1
57,Male,Hispanic,63903.32035236512,518,0.408220071233827,344462.84466304904,15,9.068780332172242,27150.54267894989,9,3,0,0,High School,0.18551585850971783,1913.6824703502725,0.35935831686957637,0
38,Male,Asian,104719.20318766977,353,0.523607703315409,183833.65654811662,30,18.923919595985836,-6643.361425007592,4,3,0,0,PhD,0.5696410828898493,510.6490459669906,0.05851637870679871,0
32,Female,Hispanic,61375.39390678897,499,0.29055381847255846,245876.55211699283,30,29.683635411753453,23999.64999825274,9,1,0,0,Bachelor,0.24961873500481402,682.9904225472023,0.13353698524548044,1
39,Male,White,37402.2752485457,638,0.22938073631677855,344935.89716834744,10,1.2352919326141698,33509.79364648939,2,2,1,0,Bachelor,0.1084325393662677,2874.4658097362285,0.9222323906130803,1
69,Male,Hispanic,56958.32156241767,604,0.35936821789449713,259689.3703501604,20,5.06210267092106,-4422.303414205107,3,3,0,0,High School,0.21933251055141806,1082.0390431256683,0.22796438099530397,0
45,Male,White,85612.77198955417,544,0.41115762619342067,186641.0333099636,20,5.373226358670722,-14428.577359474184,8,4,0,0,Bachelor,0.4587028397307091,777.6709721248483,0.10900303130748772,0
31,Male,White,86591.25192642478,507,0.31005151570287326,287466.74972771027,10,13.41210953796045,32764.972955909907,8,4,0,0,Bachelor,0.3012218004636863,2395.556247730919,0.33198128371208474,1
44,Female,White,38493.252639138416,810,0.5383553413298775,103253.88783983201,30,1.2425613616012332,26741.19329211952,8,3,0,0,Bachelor,0.3728019684725999,286.81635511064445,0.08941297566078506,0
78,Male,White,55063.67391398598,558,0.3617193544300067,7100.5946984170005,30,14.325647332275501,3521.6926162884774,8,0,1,0,Bachelor,7.7547974856615625,19.723874162269446,0.004298414419585538,0
58,Female,Asian,21414.662406577096,679,0.11791179378529251,314602.7714309242,20,27.867742742299697,23665.37626958024,0,1,1,1,High School,0.06806889306529523,1310.844880962184,0.7345499206522632,1
57,Female,White,66493.37249382859,462,0.2115269773530952,68735.07447097919,15,0.3469226607810594,11878.42153682172,8,0,0,0,Bachelor,0.967386345408019,381.8615248387733,0.06891421093870036,0
75,Male,White,81067.09398111788,640,0.32532351545890725,292185.037042883,20,10.94816601555543,17312.802837088,1,1,0,0,Master,0.2774512165358418,1217.437654345346,0.1802118607526123,1
45,Male,Asian,50795.989082320324,829,0.44886275950846666,214123.27624708661,15,22.826813163328943,15974.93915088821,7,3,0,1,High School,0.23722777818747978,1189.573756928259,0.28102386312441185,1
43,Male,White,36652.31891279743,333,0.20987612189629443,198550.27677419773,30,4.634835010014452,39.19815737711542,8,0,1,1,Bachelor,0.18459968683136344,551.5285465949937,0.1805709094392137,1
66,Female,Hispanic,57202.619025551256,622,0.5881287198587105,105499.25835519598,15,2.326770075796264,33516.435321156656,7,3,0,1,Bachelor,0.542208731297057,586.1069908622,0.12295387886356696,0
19,Male,White,58349.18062726332,480,0.2592791290940417,154971.31528988262,15,18.923356117879155,4114.004621397402,8,1,0,0,High School,0.37651600567574633,860.951751610459,0.17706197256347095,1
42,Male,White,51622.876636992405,646,0.36624010343029423,201360.4073320854,15,0.2985272714852305,21389.81462946065,4,4,1,1,PhD,0.25637054136395093,1118.6689296226966,0.26004027729545093,0
73,Male,Asian,53574.30248671906,491,0.10948319236552059,219857.30116742468,15,24.053114735091473,29780.85723985265,9,0,0,0,High School,0.24367761362594648,1221.4294509301371,0.27358552012497256,0
79,Female,White,46523.70299061258,545,0.5424453607154022,109695.16232640884,15,2.005582606982963,7548.854534128743,6,3,0,0,Bachelor,0.4241180923929598,609.4175684800491,0.15718892417562264,1
20,Male,Black,69919.09856452812,544,0.49441732676259176,274362.2081773763,20,15.730627782610826,15876.889167561327,2,1,1,1,Bachelor,0.25484230874583547,1143.1758674057346,0.19619976073073103,0
25,Male,White,64724.54890330254,432,0.19772900214779635,280717.4682312596,10,22.203831306831816,12368.557029773567,3,4,0,0,High School,0.23056829812237192,2339.312235260497,0.433710969002885,1
61,Male,White,30337.937057117015,496,0.5666183456199214,248388.6298648816,30,7.260329662394323,45867.408010313564,3,0,0,0,Bachelor,0.12213899272933805,689.9684162913378,0.27291311798518375,1
50,Male,White,29788.187936828104,646,0.2579198818987023,156131.98913872207,20,3.1062048576821253,33723.49005505682,9,1,0,1,Bachelor,0.1907884995326712,650.5499547446753,0.262070303621408,1
59,Female,White,44912.51165946876,348,0.4460931441900585,285946.4415251526,10,5.268682992556684,31398.077309255234,3,0,1,1,Master,0.15706616742603574,2382.8870127096047,0.6366743496628015,1
69,Male,White,64736.74248210358,363,0.5094881590082999,262105.94103073605,20,25.64050715805025,53156.24535143105,7,0,0,1,Bachelor,0.24698693294598836,1092.1080876280669,0.2024398594841214,1
52,Female,Hispanic,52961.14827781629,403,0.47045723061859046,4586.742570692411,10,21.173408749560718,25281.601939063527,1,2,1,1,Bachelor,11.546570896788156,38.22285475577009,0.00866057991535967,0
23,Female,White,37136.99179754689,512,0.5587913920149206,221131.7029425544,20,5.942941476452933,14960.640823365566,1,3,1,1,Master,0.16794060418914397,921.3820955939767,0.29772430700372643,0
56,Male,White,55230.3719345166,816,0.5321373801703543,393315.64940070803,30,21.483623913929836,-1597.4148782719094,4,2,0,0,Bachelor,0.14042251311045134,1092.5434705575224,0.23737884043646568,1
69,Female,White,43383.78960955456,418,0.597305757045805,297192.5093663561,30,21.258545106260602,9507.068622921477,5,0,0,0,PhD,0.1459787452316786,825.5347482398781,0.22834374470359348,1
40,Male,Asian,67609.72920448263,541,0.19130570628807278,315345.4640879411,15,29.931752943178815,22388.909488573227,3,1,0,0,Bachelor,0.2143989272210624,1751.9192449330062,0.3109468294956906,0
42,Male,Asian,56661.16870134095,579,0.25238090061335006,129887.77882709175,10,11.746680705777374,33970.7958289421,6,3,0,0,Bachelor,0.4362317164324521,1082.3981568924312,0.2292359684843878,1
76,Female,Hispanic,43694.43625095712,723,0.41811293371581504,212564.12361475197,20,25.945604824283127,10191.628109186324,9,1,1,1,Bachelor,0.2055588474099621,885.6838483947998,0.24323934790450097,0
67,Male,Hispanic,54630.37544092923,662,0.4665235929457918,181686.39004827559,15,13.39328057918445,43755.05152020278,3,1,1,0,Bachelor,0.3006850178839124,1009.368833601531,0.22171595756861134,1
60,Female,White,76300.96119048403,605,0.3673025272778546,199776.48498885328,20,26.932806708509005,-3093.83307516895,7,4,0,1,High School,0.3819316432298892,832.4020207868887,0.13091347859309055,0
36,Male,White,38607.39846907245,785,0.13696418244330746,148570.06921557404,30,2.7480149729684786,14367.983065364508,1,0,1,1,High School,0.25985986728627963,412.69463670992786,0.12827426443888323,1
22,Female,Black,58053.13963294322,613,0.520797613400191,76471.03266091643,30,5.259378903757323,26056.884736324166,9,1,1,0,Bachelor,0.7591520293750863,212.4195351692123,0.043908640224241305,0
68,Male,Black,48590.79319068008,812,0.580437178010636,206433.4040816123,10,25.498630892000698,21967.57452429102,3,0,0,0,Master,0.23538241500619725,1720.278367346769,0.42484057272233844,1
28,Male,White,58539.673677242,466,0.30275842191319735,121936.23775627406,20,24.57900972316185,27150.879264276657,6,2,0,0,High School,0.48008430270131014,508.0676573178086,0.10414837502218452,1
73,Male,White,36908.70116808539,693,0.21240624084942303,258602.3744055136,20,9.163013755709624,21927.6895518716,4,2,0,0,Bachelor,0.1427237520650486,1077.5098933563067,0.35032711287755186,1
29,Female,Asian,52206.70866318751,362,0.10965687748104377,196931.23806158992,15,17.90394954400363,29723.419569609774,9,1,1,0,Master,0.26510120576634955,1094.0624336754995,0.25147628609967254,1
27,Female,Hispanic,72156.46564833602,571,0.21864951804679264,7280.456274154072,30,11.480991663061083,16341.129204428893,1,0,0,1,High School,9.910981253262179,20.22348965042798,0.0033632727659899204,1
25,Male,White,31259.860375077853,336,0.44995938741921115,338182.93630428356,15,0.3095204791056405,15491.141462430096,2,4,0,0,Master,0.09243476538671802,1878.7940905793532,0.7212293598383063,1
41,Female,Hispanic,23411.897933498363,315,0.5557946938363653,243532.03803530044,15,0.7831237970138105,7625.3026251135,3,3,1,0,Master,0.09613477603347106,1352.9557668627801,0.6934708688919757,0
77,Male,White,24170.888710260715,642,0.14675653321588292,154203.67716420372,10,1.6276909644472926,52605.70104597947,4,2,0,0,Bachelor,0.1567465131491148,1285.030643035031,0.6379727241834644,1
45,Male,White,26586.74939599622,645,0.3766295935809649,166361.35435977532,15,17.82216462976736,18822.618528491563,6,2,1,0,High School,0.15981325409565586,924.2297464431962,0.4171535524003752,0
58,Female,White,61906.465757853286,838,0.44776562425591615,77187.96599258091,10,8.376832059165837,26532.907541054286,2,4,0,1,High School,0.8020222448121455,643.2330499381743,0.12468482095957653,1
53,Female,White,21882.80628269069,532,0.2381904105531343,193758.2150841627,30,4.318448949446716,16829.92764294434,8,1,1,1,High School,0.11293872764664695,538.2172641226741,0.2951452883161906,0
54,Female,White,44042.09310512939,715,0.38494851958515097,268118.01333529525,15,28.23393325331663,43878.29852199186,9,2,0,0,Master,0.16426383500780495,1489.5445185294182,0.40585115198058674,1
38,Female,Hispanic,62365.78606621416,566,0.45762421300288647,374491.7462774713,15,3.6395600124364758,19831.84954797569,2,2,1,1,PhD,0.16653447422044282,2080.509701541507,0.40031751370842017,0
25,Male,White,58333.181210971874,625,0.5188596215676884,191132.62163371494,15,20.21945149274633,24912.316356872652,4,3,0,0,Master,0.3051974106375265,1061.847897965083,0.2184378515119337,1
72,Female,Black,42288.82040075029,742,0.3262499254099904,204897.32731980228,15,26.824805484679757,6914.468096549263,4,4,1,0,Bachelor,0.20639029778434448,1138.3184851100127,0.32301259982834135,1
26,Male,White,53818.47463510212,375,0.47392860945948034,319251.9980039921,30,4.914890017153492,46406.96942700604,6,4,1,0,PhD,0.16857678251532554,886.8111055666446,0.19773383283254298,0
64,Male,White,52142.906594751366,546,0.2508914858699248,84118.54749125785,10,6.441890466861454,23254.915482682823,5,0,0,0,Master,0.6198740723640098,700.987895760482,0.16132308876645,1
32,Male,Hispanic,45515.18088903627,612,0.20652337338607932,214561.61387651772,30,17.21440600727871,46952.94765431014,2,4,1,0,Bachelor,0.2121310520866547,596.004482990327,0.15713556787394237,1
65,Male,Black,45783.3056269084,642,0.19365687304533372,124374.65188730026,10,15.25346059136393,10988.831819270597,0,3,1,1,High School,0.36810801021090755,1036.4554323941688,0.27165939676972795,0
63,Male,Asian,94708.54869513921,481,0.27943636591286314,213116.2201209187,10,15.630822506588025,13370.105084519357,5,4,0,0,High School,0.4443985945387128,1775.968501007656,0.2250232139095767,0
57,Male,Asian,66186.21807862601,698,0.11793984089442452,293674.7239440672,15,16.64034282054266,12092.804991144973,5,0,0,1,Bachelor,0.22537253867047724,1631.5262441337068,0.2958065213266362,1
35,Male,White,99613.01835024286,540,0.24149591883262486,34783.28465769178,15,28.49708747883133,15744.98492480976,3,3,1,0,Bachelor,2.863818622380017,193.2404703205099,0.02327894167098557,1
59,Male,White,40060.73734158997,591,0.4261114122216141,311116.2474236619,15,1.615141259008499,30058.275629180367,1,2,0,1,Bachelor,0.1287645298930253,1728.4235967981215,0.5177409238557531,1
77,Male,Hispanic,48300.668062237055,353,0.4239595235800684,235968.16940793625,10,22.813455620844575,-10724.580852752522,8,1,1,1,PhD,0.20469145556126256,1966.401411732802,0.48854017734057675,1
37,Male,Asian,23357.484694467053,444,0.13677690324574562,213990.8780577464,20,6.975192672202001,19275.973921968256,5,2,0,0,Master,0.10915177743307325,891.6286585739433,0.45807774436525006,1
23,Male,Black,33808.663958208555,655,0.24370780854031007,334599.96647240233,20,11.210330105171462,8289.94042973484,0,0,1,0,Bachelor,0.10104204227706365,1394.166526968343,0.49484352130271525,0
29,Female,Hispanic,88038.26297325002,776,0.3847788323389608,120933.29996803812,20,2.6787336889519207,6679.233225904682,7,3,0,1,Bachelor,0.7279902474878132,503.8887498668255,0.06868223876973986,1
19,Female,Hispanic,39559.314203164875,321,0.2592760687515514,66019.25493396574,30,13.368803074606308,27023.723805678976,9,2,0,0,Bachelor,0.5992087345234838,183.38681926101594,0.05562891762557736,0
24,Female,White,88385.62600288918,630,0.3089940120944368,97557.43724702233,10,24.126577568253644,24500.24062380733,6,0,1,0,High School,0.9059855250101592,812.9786437251861,0.11037703941117455,1
33,Male,Black,25132.75478640219,591,0.456405378557882,253270.64043520746,20,2.9622101559886485,32946.07771694379,5,2,0,1,Bachelor,0.0992327999140182,1055.2943351466977,0.503865657759564,0
20,Female,Hispanic,28930.619318534464,535,0.10463341472831503,150503.7091481718,10,8.26810794660897,25810.753745936432,0,1,0,1,High School,0.192225291205628,1254.197576234765,0.5202229080929189,0
62,Male,Black,43175.37557953158,328,0.23819677204421527,112646.47077531641,10,11.19185126031075,22696.165013881913,9,2,1,1,Bachelor,0.3832820973650278,938.7205897943035,0.26090443745605635,0
20,Male,White,48725.001566416446,459,0.17118612189250834,102264.726616831,30,3.11697609262927,11621.373892617516,4,2,0,1,High School,0.4764595103156239,284.06868504675276,0.06996047431449555,1
44,Male,White,68461.74584900259,829,0.16380459138224587,217475.74608819385,15,22.869504299308005,6096.808319289892,3,2,0,0,Bachelor,0.3148017518295535,1208.1985893788546,0.2117734932515964,1
67,Female,White,59015.40834372532,849,0.5795201082236235,197246.08020726877,15,23.608410846522762,28986.714741243246,6,0,0,0,High School,0.2991968625268049,1095.8115567070488,0.22281873581041994,1
60,Male,White,41673.69485311944,400,0.28828016578120885,58120.800471138326,30,25.07684993339904,16162.497306814765,1,3,0,1,High School,0.7170185977361719,161.44666797538423,0.04648879881020657,1
57,Male,Asian,47333.683869637876,589,0.3635442924548199,61458.04663987944,30,17.516886144189545,25988.24461337105,0,4,1,0,Master,0.7701787879298393,170.71679622188734,0.04327999401662292,0
55,Male,White,43618.741604306,676,0.4669109435348163,147312.24440404825,10,15.217164625631277,19932.314799965196,6,0,1,0,Bachelor,0.29609718988917477,1227.602036700402,0.33772694714674145,1
50,Female,White,31706.925293485405,472,0.1237237374300251,291809.29192177247,20,7.87657336413726,-10653.9927558114,7,4,0,1,Bachelor,0.10865632511107741,1215.872049674052,0.4601664923683541,0
45,Female,White,32240.74126796757,642,0.22051131927884918,157410.67578850954,10,19.654739018716434,27252.510398990446,4,4,0,0,Bachelor,0.20481927992790586,1311.7556315709128,0.488235287396767,0
18,Male,Black,70557.6778286682,490,0.5160738936718563,52351.76953037584,10,13.336904569666304,10611.865228124436,7,2,1,1,Master,1.3477610873827068,436.2647460864653,0.07419712657990121,1
72,Male,Black,13436.701441457204,738,0.5309953065889406,191338.06418651,20,29.123292182321652,32962.97413004037,3,1,0,0,Master,0.0702249262246092,797.2419341104583,0.711997900006028,0
25,Male,White,82347.1739489011,642,0.28647546032040105,203804.95062189107,15,29.045384909233697,-7883.078294726816,7,4,0,0,PhD,0.4040489384464247,1132.2497256771726,0.16499651483555722,1
54,Female,White,43140.11548795536,424,0.28743079982588415,51494.43258111438,10,27.15615395452688,48485.911505928,2,4,0,1,High School,0.8377627119203762,429.1202715092865,0.11936554179019648,1
49,Male,White,34549.8278721568,659,0.47844843855444097,78220.80596157823,15,10.802674140429959,11060.131033548225,6,2,0,1,Master,0.4416961375868148,434.56003311987905,0.15093332495705472,0
77,Female,Black,64795.18581394538,802,0.24753511337493458,274393.83835236396,15,11.039173660621772,27067.909806091066,5,1,1,0,PhD,0.23613936159433135,1524.4102130686888,0.28231916194130613,0
65,Male,White,79704.33168294234,472,0.15854704056999905,76957.220675279,15,25.580194921311474,9311.331105724501,0,2,1,1,High School,1.035696598494049,427.5401148626611,0.0643689153402677,1
60,Female,Asian,72352.64883207914,693,0.22876772512029173,278608.2724690752,10,21.874047952243984,11350.085886245133,4,4,0,0,Bachelor,0.2596931102973983,2321.73560390896,0.38506989995029467,0
54,Male,White,60037.04098719782,760,0.29367236581788747,45326.75121130413,20,21.130829094541312,30279.4603719873,3,0,0,0,Bachelor,1.3245388072777884,188.8614633804339,0.03774898834618575,1
21,Male,White,71737.26979443672,419,0.12610235479754914,49058.84028232595,20,8.388330332523473,16969.725377012543,5,4,0,0,Master,1.462269988071466,204.41183450969146,0.03419341189238463,1
47,Male,Hispanic,15670.048457122677,572,0.33934012710008743,202314.65499692233,15,25.000458346634275,18011.446473233867,8,0,0,0,High School,0.07745384760862259,1123.9703055384573,0.8607276297432763,1
23,Male,White,39563.38917023703,657,0.47000375638638925,124536.1823906312,15,17.382617167888295,32741.93502327278,3,3,0,0,Bachelor,0.31768589987879187,691.8676799479512,0.20985088319029047,1
63,Male,Black,31776.59879950311,685,0.35687257224023083,146521.49561032205,20,13.405967227157193,22833.989480241296,1,1,0,1,Master,0.21687328993701954,610.5062317096751,0.23054936831787862,1
71,Female,White,74492.7746243035,618,0.1359476702572535,215165.52719015806,30,25.962663723242276,26723.88164706645,7,3,1,1,High School,0.3462114754026959,597.6820199726612,0.09628026712448413,0
36,Male,Black,42330.439621522266,560,0.32007481567297924,143585.54911828178,30,11.826292913463421,10629.27734680757,0,2,1,1,High School,0.2948098877739544,398.8487475507827,0.11306721624917711,0
49,Female,Hispanic,66908.1311356411,580,0.45445230402141634,105185.78229120772,15,19.617774356032967,29998.263462496176,5,4,0,1,PhD,0.6360948188834625,584.3654571733763,0.10480617777029955,0
26,Female,Asian,60717.13884977276,628,0.12904832699509497,249050.3728410612,20,13.97715546012417,21674.067520893444,3,3,0,1,Master,0.2437946113355999,1037.709886837755,0.2050906692567195,1
29,Male,White,32753.86127672638,423,0.12992359486344426,218071.115594577,30,17.782134185131685,26455.991635537426,5,1,1,0,Bachelor,0.1501980727132159,605.7530988738249,0.22192916813905522,1
28,Female,White,38260.83580047431,775,0.28530070159049137,204325.5240191732,20,1.2163941494543573,25456.530047848166,2,0,0,0,Bachelor,0.18725431384129987,851.3563500798883,0.2670165454365743,1
63,Female,White,75876.35381629452,577,0.19748198206185455,198185.626964609,10,13.833454895291524,36943.31155430796,8,0,0,0,Master,0.38285497782260536,1651.5468913717416,0.26119550689591575,1
72,Male,Asian,34490.347026311734,392,0.5673903956542102,119806.50762256517,15,16.694739224903227,27572.294668218772,2,2,0,0,PhD,0.2878837528172434,665.5917090142509,0.23157495348127033,0
33,Female,Asian,52497.35220390958,846,0.3906718018698716,98957.56135763775,30,14.781580042488178,2600.5382812920143,2,2,0,0,Master,0.5305036975818496,274.8821148823271,0.0628333666386754,1
18,Male,White,34349.1742734711,427,0.2436626997029481,165526.9025378648,15,25.422311175204566,11082.65544838525,4,4,0,1,Bachelor,0.2075141487385328,919.5939029881379,0.32126323468510315,1
62,Male,White,43720.95626168279,831,0.45238836455747544,121464.40087936803,10,9.333719243754496,23394.848500350312,6,3,1,1,Bachelor,0.3599487252656366,1012.2033406614003,0.27781734725189416,1
72,Female,White,49076.76112060056,466,0.2874645256796644,198752.39493883523,20,26.522295930136213,25976.2201896885,5,4,0,0,High School,0.24692412454050486,828.1349789118135,0.20249135273049482,0
70,Male,White,34342.669794050176,535,0.16605782218950502,160835.89095462213,15,12.103859097206712,126.66400166812673,6,0,0,1,High School,0.21352615756479093,893.5327275256785,0.3122177977020815,1
38,Male,White,30791.06092032237,331,0.2186161149217902,201800.88252140614,30,20.83580196781969,5114.26789892556,8,0,0,0,Master,0.15258139873127755,560.5580070039059,0.21846262788584828,1
47,Male,White,55725.46673554885,530,0.4213736422296879,190710.54860828188,10,2.6016818402189323,36403.49149960873,2,3,0,0,High School,0.29219918427275127,1589.2545717356822,0.3422323037926612,1
30,Female,Black,33105.25182417648,490,0.12593805299849584,376526.9669394946,30,6.004622507064681,49487.07390667935,4,4,0,0,High School,0.0879226582182526,1045.908241498596,0.37912108219691415,0
51,Female,Asian,33786.84888602655,807,0.23634452002403186,61380.35746105507,20,22.834980334238153,-4814.0212070196285,4,2,1,0,Bachelor,0.5504505070284709,255.7514894210628,0.09083468788123734,1
21,Male,Asian,31218.937125960587,756,0.2041557388210873,181265.2726752122,30,0.3698605661592125,23872.765103986298,2,3,0,0,High School,0.17222789928381982,503.51464632003393,0.19354200725866297,0
45,Female,White,48441.83907337363,554,0.200567555338266,89229.41012229213,30,29.05583217441298,20718.220855805306,9,2,1,1,High School,0.5428909482532983,247.8594725619226,0.06139968522330362,1
55,Female,Black,68874.03268799682,578,0.4413812059879856,151692.90965225658,30,5.718867031896455,35171.12012546022,8,3,1,1,Bachelor,0.4540359390948781,421.3691934784905,0.07341562740558252,1
75,Male,Hispanic,80130.57272624533,355,0.5129084583771822,118299.39925360883,10,27.039119587353696,27445.54634269362,8,2,1,0,Bachelor,0.6773540122081463,985.828327113407,0.14763328805568615,1
48,Male,White,35481.638280124425,405,0.4579333040321294,263897.43917776213,30,15.478350846788572,32436.49006225311,5,1,0,0,High School,0.1344523781309749,733.0484421604503,0.24791925436128867,1
76,Female,Black,93006.21586662423,491,0.4228639079002561,52608.80036718413,30,16.9372610069139,-14212.494810825512,4,0,0,1,Bachelor,1.7678832289937343,146.13555657551146,0.01885494063559074,0
72,Female,White,29905.902785864084,577,0.558225885908932,278080.7560086921,10,2.5239536391307515,19892.9684625424,3,3,0,1,Bachelor,0.10754394951705792,2317.3396334057675,0.9298524040549455,0
44,Female,White,71670.9704665574,843,0.12919619021214843,252968.91081501497,10,10.956562624721034,6407.368306819051,3,1,0,0,High School,0.2833192831310691,2108.0742567917914,0.35295867932059544,0
22,Male,White,35566.07091969115,474,0.18374154298812037,405541.5740645132,10,4.686565823415042,6791.346650293541,4,3,0,0,Master,0.0877001846277623,3379.5131172042766,1.1402484547147016,1
42,Male,White,32581.534602599793,384,0.3072034278352661,380301.24437669164,20,15.777944830828282,1609.2930265341383,1,0,1,1,High School,0.08567296343192478,1584.5885182362151,0.583614690061815,1
20,Male,Black,35104.87686431223,515,0.2862258217519339,120207.84112961795,10,16.521964370158486,23425.68469620359,7,0,1,1,Bachelor,0.2920348334553257,1001.732009413483,0.34242490464856684,0
50,Male,White,48951.04600701762,313,0.30902580148151126,323685.93065974204,20,21.29000848752931,25001.501687092677,6,2,0,1,Bachelor,0.15123007017093634,1348.691377748925,0.3306220776296981,1
21,Male,White,61599.44342067221,336,0.20322745252135302,167563.94665944125,10,26.3483447376955,29464.160697093972,6,0,1,0,High School,0.3676175254207134,1396.3662221620104,0.27202185174810906,0
42,Female,White,63397.36075809644,326,0.17475165779011417,230445.66615733906,10,14.045394488095821,13953.903099737674,0,0,0,1,High School,0.27510762868853983,1920.3805513111588,0.3634941003879392,0
37,Male,Hispanic,31120.299693042234,369,0.35459662372896406,372009.1280167028,15,7.000811102418199,40762.11681489054,7,0,0,0,Master,0.08365466691356285,2066.717377870571,0.7969270469458777,1
51,Female,White,30206.814249774627,453,0.5640262620343969,124178.42619414197,15,10.007149843249486,6019.256620360085,0,4,0,1,Bachelor,0.24325331843511167,689.8801455230109,0.2740627223321936,0
43,Male,Black,31667.226132729058,737,0.2959847311749585,205594.02179970805,15,25.412694388168116,-1488.6275853005354,8,4,0,0,Bachelor,0.154027952055822,1142.189009998378,0.4328218727631052,1
79,Male,Black,47772.911952289774,570,0.12167660705976405,5258.888834478683,15,4.375904552362844,23281.94144206098,5,0,0,1,Master,9.084221677986,29.216049080437127,0.007338731817632931,1
79,Male,White,45796.88791618251,840,0.45308367144476225,288793.2544798412,10,18.817682350160474,9732.454998889307,7,4,0,0,High School,0.15858018567182045,2406.610453998677,0.6305958060040909,0
22,Male,White,30996.4907586041,373,0.24555245276358748,410264.98690518487,10,0.39257651528430526,27976.971170520133,0,3,0,1,Master,0.07555236675794517,3418.8748908765406,1.3235852732500122,0
52,Male,Hispanic,55392.073881264885,448,0.22254750365244605,257325.6371578715,20,7.370079853627281,10133.8633852836,5,1,0,1,Bachelor,0.21526061100270927,1072.1901548244646,0.23227658681769095,1
78,Female,White,95251.37616670637,805,0.262129000348981,336811.54180497123,10,17.742254925043785,11316.128276023965,0,1,0,1,Bachelor,0.2828031832171034,2806.7628483747603,0.353602809071748,1
45,Female,White,39905.690763296974,309,0.4619077619539381,314195.06102101103,20,13.692361200080123,10097.673633127944,2,4,0,1,Master,0.12700928726765814,1309.146087587546,0.3936719989195001,1
46,Male,Hispanic,41329.76357592933,801,0.5094096934351521,129339.83332788323,30,14.80648470729694,9020.108806773893,1,1,0,0,Bachelor,0.31954396810730556,359.27731479967565,0.10431532640334402,1
26,Male,White,61193.23140648737,361,0.3940280336694818,232420.13953637317,30,19.81686151378818,19970.938941162072,1,4,0,1,High School,0.26328712962893125,645.6114987121477,0.12660449213872438,0
69,Female,White,38823.6741652641,687,0.26123937685977583,249390.39038334263,10,7.037580732557024,23587.578119958747,3,2,0,0,Master,0.15567429885966136,2078.253253194522,0.6423667922869458,0
55,Male,White,63379.289634363646,531,0.25523911655863907,83358.88480048174,30,8.42414820979507,8992.506904062539,6,0,0,1,Master,0.7603183486206784,231.55245777911594,0.04384128489573422,1
67,Male,White,35629.145864419195,827,0.16215417495273152,344466.19016378745,10,20.53374622283539,2440.306366194465,2,1,0,1,Bachelor,0.10343292573206729,2870.551584698229,0.9668101263908947,1
23,Male,Hispanic,86642.39215154602,849,0.5666505241175973,149530.52267777637,20,16.148742226316067,27480.229383680613,6,0,0,0,Bachelor,0.579429474330481,623.0438444907348,0.08629177874973307,1
36,Female,Black,56895.49945184589,744,0.41906969948440975,178317.72579061845,15,0.4376047277648287,25818.577732411693,8,1,1,1,High School,0.31906810834192034,990.6540321701025,0.20894180560103243,1
77,Male,Black,37599.54101846577,620,0.11348730992793202,173635.57202555874,30,20.109833858563235,30719.49131043241,3,3,0,0,Bachelor,0.21654284649075942,482.3210334043298,0.15393412377053875,0
61,Male,Hispanic,38226.16601061452,382,0.4311835475933403,203748.34304415146,10,18.602761222568343,4349.650523941933,6,3,0,0,Master,0.18761461045271452,1697.9028587012622,0.5330075294173506,1
74,Female,White,39724.004945839304,733,0.323576712096754,492967.76862602896,15,2.358227213948213,7597.983497223015,0,4,0,0,Bachelor,0.08058134319116995,2738.7098257001608,0.8273213628185333,1
28,Male,White,77454.99332497746,316,0.5862789815234597,139346.44993370434,20,22.425584845229583,32348.615758767988,1,0,0,0,Master,0.5558447550104617,580.6102080571014,0.08995317406396852,1
19,Male,White,24624.979847974333,668,0.5095344124032035,45414.103021402174,10,15.663043768412122,33440.7077344158,7,4,1,0,Master,0.5422319986452092,378.45085851168477,0.1844229043100637,1
64,Male,White,36641.16659080991,554,0.1856578769163991,216360.59096177883,30,6.142418518708789,13863.381124107536,2,2,0,0,High School,0.16935231332069506,601.0016415604968,0.19682833189418242,0
61,Female,Asian,38766.78886149148,755,0.46005555943743326,113699.41523894834,20,16.78069104349282,5710.801806708187,4,4,0,0,Bachelor,0.34095855972539524,473.74756349561807,0.14664538717042191,0
61,Male,Hispanic,49686.24066486124,832,0.34278300191763167,159138.0094282478,10,17.863755425130098,9477.452462490388,7,4,0,1,Bachelor,0.3122210768085784,1326.1500785687317,0.320285872504724,0
26,Female,White,44577.80614706411,691,0.1935225818349641,261983.40388780934,30,27.603561875707115,5517.6434970067,4,4,0,0,Bachelor,0.1701550765641396,727.7316774661371,0.1958997286852526,0
38,Female,White,20175.443372190744,619,0.44936995366497456,91244.77295891622,20,22.264332766535112,31968.835982103807,0,1,1,0,High School,0.22111341524489211,380.18655399548425,0.22612829684993543,0
41,Male,White,42003.54632809065,519,0.3736937893471227,163589.57911115186,20,9.057730634735977,30693.508213907386,1,1,0,0,Bachelor,0.25676174825018105,681.623246296466,0.19473305638689403,1
51,Female,White,48008.98633630063,713,0.11518693938578525,229297.28822021667,15,3.543989026925777,21219.572899250277,9,2,0,1,High School,0.20937441828877146,1273.8738234456482,0.31840884484139453,1
39,Male,White,37438.04329840433,331,0.4232939752644129,122165.25903588753,15,25.595522162423425,9832.790283584729,2,0,0,1,Master,0.3064540900896093,678.6958835327085,0.2175421011583591,1
20,Male,Black,63735.509780953296,315,0.4174935449312204,196043.01611562035,15,25.38203063626338,6782.688877204506,9,3,0,0,PhD,0.3251098205067605,1089.1278673090019,0.20505891382410688,0
29,Male,Hispanic,68388.16857507294,708,0.17204258052573132,229241.85474351136,10,5.259300441718717,10765.657017257472,1,0,0,1,High School,0.2983232213488652,1910.3487895292612,0.33520689253706465,1
45,Male,Hispanic,48432.266005412144,472,0.2744938634983465,188368.0284134887,20,1.8639355559365989,6670.861856981661,8,3,0,0,Bachelor,0.25711510819181027,784.866785056203,0.19446542971212538,1
47,Male,White,54610.83173701459,478,0.39294948537552,215692.6501253944,15,21.355939494481166,23399.185409508485,4,1,0,0,Master,0.2531881902571377,1198.2925006966357,0.2633087530621395,1
43,Male,White,6778.880053014582,796,0.16939150705336495,235683.36475858602,30,21.677454925094523,31435.55476578242,0,4,0,0,Bachelor,0.028762658153486095,654.6760132182945,1.1589100407708062,1
65,Male,Black,41577.94455676337,403,0.5263616889173782,132676.0101867058,10,5.314312611161371,31908.416601615212,7,2,0,1,High School,0.3133795212733153,1105.6334182225482,0.31910189789582505,1
38,Female,Hispanic,70096.43383515826,616,0.1137430231438519,53181.750891302276,15,20.046355786723662,6734.989347845674,2,2,1,0,Master,1.3180542697518132,295.454171618346,0.05057960677083491,1
45,Male,Hispanic,41531.26833641445,480,0.15141870748467748,96443.66484565752,10,8.367712340907865,11034.004958915386,8,2,0,1,Bachelor,0.43062723096305516,803.697207047146,0.2322194065070151,0
73,Female,Asian,35254.76647216078,431,0.15805345992744205,80183.00389862555,20,7.818510839064121,11702.117629974255,8,0,0,1,Bachelor,0.43967879423341355,334.0958495776065,0.11371938027435628,0
43,Male,Black,95553.77852061862,454,0.36405356298752756,323245.3907977819,30,9.735538022710275,35286.652317044034,5,1,0,0,PhD,0.29560755154091534,897.9038633271718,0.1127621170689871,1
79,Male,Black,86381.54380391611,658,0.4100570060843126,26398.742392317974,20,15.611890995505629,-12.912125468581507,3,1,0,0,PhD,3.2721840502922257,109.99475996799156,0.015280314075100604,1
50,Male,White,59351.49824964314,534,0.30187039825074324,262809.82635474426,30,24.133617699858682,19955.586787198295,8,4,1,0,Master,0.22583439543668235,730.0272954298451,0.1476007818422817,1
38,Male,Black,72778.21222960095,464,0.2443334138340831,131543.90900232794,20,14.959312526688786,6876.889273011251,8,0,0,1,High School,0.5532617418896453,548.0996208430331,0.09037313845202241,1
52,Male,White,5481.291640838448,726,0.5046586878127787,303537.99615201604,10,8.941280868722231,17127.45131208115,1,4,0,1,High School,0.01805800825703989,2529.4833012668005,5.537709285353502,0
69,Female,White,34248.97118742587,787,0.13414299186321008,157793.3048490807,20,26.51922896135548,30407.745005431207,9,3,1,1,Master,0.21704958407571753,657.4721035378363,0.230362109252223,0
51,Female,Black,40600.84253653697,512,0.24014593056639585,203097.55265690293,30,1.65269872327094,15153.051910325546,5,1,0,1,Bachelor,0.19990808360514736,564.159868491397,0.1667432988811616,0
58,Female,White,45280.39802266107,456,0.11955778940198539,251737.58791795088,10,23.91274451694241,8699.85180991431,3,2,1,0,Bachelor,0.1798714224489168,2097.8132326495906,0.5559526835253658,0
68,Male,White,40201.11958052075,374,0.10694506748313401,325425.6784680147,10,23.53145273765567,31214.59947339064,2,4,0,1,Bachelor,0.1235339502702213,2711.8806539001225,0.8094940684828541,1
64,Female,White,-1000.5258303269293,734,0.27668994346610065,142989.7384736595,30,7.606404304630293,21948.738465635768,9,3,0,0,Master,-0.006997186238726066,397.1937179823875,-4.7638196549420595,0
35,Male,White,57720.4923741712,477,0.197411831222466,138355.57244124915,30,5.94885547560839,27234.3089733901,5,2,0,0,High School,0.41718950206130245,384.3210345590254,0.07989974140920565,1
75,Male,White,60873.08256561214,611,0.23418292741912314,251136.79313624813,10,26.241016844867918,23969.964762036605,7,2,1,0,PhD,0.2423901404705241,2092.806609468734,0.4125580347694072,1
28,Female,White,82037.97583179963,426,0.5104735787274841,41299.700830184476,30,16.766138806809728,1778.3027589930389,8,4,0,0,Bachelor,1.986406055799828,114.72139119495688,0.016780724784848502,1
74,Female,White,34233.814704500735,676,0.1814900481246107,28246.231249911245,20,1.3803407289424385,39577.390928237226,8,4,0,0,Master,1.211978136184391,117.69263020796352,0.041254869627774346,1
40,Male,White,32596.736844401956,644,0.49011668357590044,236696.95233232703,20,26.72497549401428,17016.331727574063,1,4,0,0,Bachelor,0.13771506782493556,986.2373013846959,0.3630684774708921,1
65,Male,Asian,-3599.689719289374,524,0.43752531157318175,266921.7486933525,20,10.470179530670213,32636.750250139547,7,1,0,0,Bachelor,-0.013485936372404042,1112.1739528889689,-3.707566061361066,0
39,Male,White,44128.663268182274,316,0.2632227625704163,233382.04044132755,10,10.264696614300792,14748.200947618156,7,0,0,0,Master,0.18908337241689452,1944.850337011063,0.528867233124646,1
34,Female,White,68022.23562124342,796,0.37327807258814394,190232.906251993,20,19.298638114796198,28485.995458200065,4,4,0,0,Bachelor,0.3575734448967384,792.6371093833042,0.1398314128568446,1
22,Male,Black,37764.642756145615,772,0.32221780488726937,146155.24047532736,10,19.839328283957276,35162.23914716595,3,1,0,0,Bachelor,0.2583871959248749,1217.9603372943945,0.3870160812034766,0
61,Female,Hispanic,92868.89637087297,610,0.1641976577488327,358755.8891755954,30,10.599483624852443,33236.62335884922,8,0,0,1,Bachelor,0.2588637543603296,996.5441365988762,0.1287678663847796,0
28,Male,Black,44868.10328420953,436,0.5535926608670878,371768.7813280042,20,4.29836783690642,21580.76501703116,3,3,0,1,High School,0.12068819529153335,1549.0365888666843,0.41429072561090535,1
47,Male,White,52939.84568577111,774,0.3848089837928801,210761.49648857594,10,16.56809290109017,14907.23579991189,9,0,0,0,Master,0.2511836676422567,1756.345804071466,0.3981150563595679,1
32,Male,Black,22737.938388368126,516,0.5401200228977274,131626.8803953291,15,18.755374940257205,-1125.0780400184958,3,1,0,0,Master,0.1727454021555236,731.2604466407172,0.3859244057138281,0
44,Male,Hispanic,55744.40690350559,495,0.5119132559066452,99089.11786344774,20,25.80667095176921,1433.0687954511595,2,1,0,1,High School,0.5625684041342014,412.87132443103224,0.08887808066105403,0
52,Male,Hispanic,10413.604102946098,500,0.13988796265471162,243118.5420035451,20,14.533199620951976,36746.372532389585,9,0,0,0,Master,0.04283344255492553,1012.9939250147712,1.167312198544041,1
50,Female,Black,63873.9591002629,665,0.20363533300922623,77151.25623489154,10,19.370882387046656,7643.383321130659,2,0,0,0,Master,0.8279056261351712,642.9271352907629,0.12078671389977139,1
37,Female,Hispanic,64488.56352470825,827,0.1726305571874154,79466.3606680188,10,1.6322648344762558,32063.32794417489,2,1,0,1,Bachelor,0.8115202833324371,662.21967223349,0.12322550902777038,1
78,Female,Hispanic,77185.8284867302,699,0.5153897663934593,151574.97795617394,30,26.835687006184855,33715.54723611188,6,1,1,0,Bachelor,0.5092253980670051,421.0416054338165,0.06545889788660395,1
33,Female,Black,29600.625624646225,824,0.5312233132276012,250718.55883761722,10,9.816474396201064,26829.925879388335,4,3,0,1,Bachelor,0.1180631611871128,2089.32132364681,0.8470042559805312,1
51,Female,White,53211.24236594838,513,0.36398575490418295,346873.1198320901,30,18.966633730269358,25868.357457245656,8,1,0,0,Bachelor,0.15340261128249488,963.536443978028,0.21729312855013358,0
19,Male,Black,61276.33118773008,640,0.15208903625400347,225080.0815646053,15,27.481548939397246,2517.418244915236,1,1,1,1,Bachelor,0.27224235375151035,1250.4448975811406,0.24487984969273655,0
52,Female,Hispanic,58845.6327666062,628,0.1678083092715081,249662.33119694472,30,24.31577353094061,-240.884853866919,3,2,0,0,Bachelor,0.23570088641119893,693.5064755470687,0.1414221806327053,0
57,Male,White,32694.014497302975,418,0.5067744062191337,298265.0247112382,20,19.13111572433597,10119.259097537359,1,2,0,1,High School,0.10961397344175805,1242.770936296826,0.45614622324193776,1
73,Male,Asian,2160.3622088771954,724,0.5645950682646651,288941.35604139837,10,21.108234842102558,44792.27734281309,7,2,1,1,Master,0.007476818958957427,2407.8446336783195,13.374671842254164,0
45,Male,White,56939.20593768962,672,0.19973784255532837,144805.87335760664,15,27.62715347894929,40621.51762860909,3,4,0,0,Bachelor,0.3932106109886503,804.4770742089258,0.16954442429477304,1
64,Male,White,46950.00643380161,478,0.10556878823608654,287118.15285904903,15,24.36279540440385,20557.750369763322,0,4,1,1,PhD,0.16352155364014942,1595.100849216939,0.4076934519187323,0
56,Male,Hispanic,38666.58814077119,731,0.265476452575389,303179.6661485023,10,18.295771816114705,39415.61402283642,9,1,0,1,High School,0.12753687815538287,2526.497217904186,0.7840869358442845,1
23,Female,White,65278.90727430933,701,0.11524969482394068,231072.09233342283,20,19.76108118628879,5975.504348962646,2,2,1,0,High School,0.2825045059102848,962.8003847225951,0.17698832745654877,0
26,Male,White,49101.60923691134,693,0.513987458039019,213647.66079120047,10,4.4180527249563575,14458.612978612295,6,3,0,1,Bachelor,0.22982516660876867,1780.397173260004,0.4351133580171835,1
37,Male,White,23616.098944644014,378,0.34575612861312577,259944.45248268955,10,14.10503039311799,43808.711438061895,2,3,1,0,High School,0.09085055949103849,2166.2037706890796,1.1007086864430815,1
77,Male,White,11370.954218075567,723,0.42093038938150995,249500.5745754151,10,9.029929430509993,51532.675932502796,4,3,0,0,Bachelor,0.04557486185122405,2079.171454795126,2.194192059790395,1
18,Male,White,27420.73469733669,417,0.30574243806827106,13699.605246915715,30,12.95911903499749,31574.273881482364,1,1,0,0,High School,2.0015711550163173,38.05445901921032,0.016653583985657302,1
25,Male,White,97860.24589533574,667,0.27275377350624097,242884.4548412527,15,19.867406205922688,-3841.4133478811636,7,2,1,1,Bachelor,0.40290864213313443,1349.358082451404,0.1654634815319692,1
72,Male,White,64455.53547865546,405,0.21110020653804243,317910.38701339817,15,4.474532808052668,40243.09024907397,3,1,0,1,Bachelor,0.2027474977592947,1766.168816741101,0.32881622413813694,0
40,Male,Asian,53772.246839500236,404,0.4852662735190728,298867.4799574821,20,0.521278909837708,15982.71534346677,0,1,1,1,Bachelor,0.1799200329428617,1245.2811664895087,0.2779012385790236,0
20,Male,Asian,46366.781456283905,602,0.4477737922077647,237714.98386252875,15,11.907732096981889,30838.62339001408,3,3,0,0,Bachelor,0.19505199336991708,1320.6387992362709,0.34178920971206384,1
21,Female,White,45052.14120105129,447,0.28036449224804305,214805.21375853987,10,9.665529434641716,21486.698129889865,7,2,1,1,Master,0.2097348589112641,1790.0434479878322,0.4767924632037854,0
75,Female,Hispanic,73343.9196671819,449,0.2605580671495915,160312.42871664485,15,12.612961791051218,35098.17368586171,8,4,0,0,Master,0.4575061350783888,890.6246039813602,0.14571753590854916,0
42,Male,White,40188.08516193137,555,0.1006214393243395,188549.08675319713,20,27.93662761106942,20700.679409147804,0,0,1,0,High School,0.2131438865813012,785.621194804988,0.23458331741045782,1
64,Male,White,61538.408213685856,381,0.13177606502273623,272735.21095816814,30,21.21252303644531,60933.940628102624,5,1,0,0,Master,0.22563426261497477,757.5978082171338,0.14773170061593777,1
55,Male,White,43031.44099416812,315,0.4116277624463174,238456.11014167464,30,9.823763237974806,34477.08492407071,3,2,0,1,Bachelor,0.1804585379196269,662.378083726874,0.18471463704410274,1
32,Female,Asian,88803.13263670125,492,0.3573036551177309,290374.0936957407,10,5.378364667101093,1129.9338584041798,7,0,0,1,Bachelor,0.30582319347589876,2419.7841141311724,0.3269863180206467,0
38,Male,Asian,64845.770151566074,373,0.31740160224251124,148070.49747350698,10,18.554348827708093,-5175.997871679749,0,0,1,0,High School,0.4379384905029335,1233.920812279225,0.22834256903328795,0
52,Male,White,74911.13629367252,576,0.5137511204008293,308360.47992064786,15,19.727287545285094,-4988.643148169573,4,4,1,1,Bachelor,0.2429336480243831,1713.1137773369326,0.27442335472595947,1
74,Female,White,38311.804506235225,360,0.3519491022014233,138155.406227871,15,14.508680516335051,28924.414033932706,0,4,0,0,High School,0.2773094846758616,767.5300345992832,0.24040528849776358,0
70,Male,White,71162.72225134843,835,0.29224679070366,220278.18683807692,20,6.3828232386648045,34435.55936743976,3,1,0,0,Bachelor,0.32305841659963835,917.8257784919872,0.15477077033397424,1
70,Male,Black,43748.451492106185,834,0.1806281737624925,143810.21697944374,10,0.8566578250959112,-19182.162120471963,1,1,0,0,PhD,0.3042096202271887,1198.4184748286978,0.32872070227535327,0
63,Male,Black,52200.69647865699,642,0.5103440041073096,190155.6191930111,20,7.969820924018175,38315.54498162998,9,2,0,0,Master,0.27451566616957246,792.3150799708797,0.1821389675047334,0
69,Female,White,82700.95341238916,694,0.3881241250605939,403380.0049569428,30,13.715114978705522,25256.482297613085,8,4,0,0,Master,0.20501996230878314,1120.5000137692855,0.162585793880547,1
31,Female,Hispanic,29144.498864871617,557,0.14622998296137865,250935.59305345264,15,23.638028593274758,44259.047045194224,1,4,0,1,Bachelor,0.11614334383669299,1394.0866280747368,0.5740033347102993,0
53,Female,White,54064.95462610801,497,0.42444919899853795,222518.78975684036,10,25.612614865355166,5479.509048818327,3,2,0,0,High School,0.24296804186823068,1854.3232479736696,0.41157676224033274,1
29,Male,Asian,58760.10517037453,352,0.31253537274420495,341196.2005949661,15,12.388036790008927,24359.90584020225,2,4,0,0,High School,0.17221793521707068,1895.5344477498118,0.38710641015778763,1
34,Male,Black,60400.0876160162,570,0.5056931117939979,-56470.780514989136,10,23.883721640505833,24245.68115636975,0,3,0,1,High School,-1.0695812429931635,-470.5898376249095,-0.09349453410397845,1
56,Female,White,40984.31013813069,500,0.5594572984979981,184119.0875630993,30,29.80058470653459,8394.838886662263,0,0,0,0,Bachelor,0.2225967480100888,511.4419098974981,0.1497476204451224,0
26,Female,Hispanic,91725.28201616163,695,0.40023290658812305,150029.31515139618,20,21.49831124556688,964.5468957616395,1,3,0,0,Bachelor,0.6113823949912767,625.1221464641508,0.08178187728273303,1
52,Male,Hispanic,24101.362293194794,677,0.4658064096566832,114245.51608973168,10,21.857970948042205,33970.286065456865,7,0,0,0,Bachelor,0.2109611223101736,952.0459674144307,0.4740209897678265,1
77,Female,White,79177.70777264939,834,0.12829542380108286,47135.10348053073,15,27.28609504649493,23436.90859705005,1,2,1,0,Bachelor,1.679803414568803,261.8616860029485,0.03968718368380009,0
30,Male,White,74301.31211183277,387,0.38012772750057866,178091.30017882775,10,10.144323852507297,25909.148226180005,0,2,0,0,Bachelor,0.4172091058756054,1484.094168156898,0.23968796124458483,0
32,Male,Asian,88017.77579207369,697,0.47766998917773706,269350.61974390736,20,0.33616179172413774,40441.03942368949,5,0,0,0,High School,0.32677769917796756,1122.2942489329473,0.1530092173541173,1
35,Female,White,18235.458025843596,481,0.3483810747390519,185312.08289047316,30,29.609318150270976,19404.263768291978,0,0,1,0,Bachelor,0.09840404220496232,514.7557858068699,0.3387394723471268,0
68,Male,White,32623.370242205794,582,0.3967750447521686,279890.78487927694,15,14.714042330130715,24723.234947947265,9,0,0,0,Bachelor,0.11655750029882896,1554.9488048848718,0.5719637646290229,1
50,Female,White,79838.86118323282,832,0.5494740927905222,207149.5342457528,30,23.570327794869808,25286.268763430682,8,0,1,1,PhD,0.3854165613933538,575.4153729048688,0.08648651010954751,1
23,Male,Hispanic,12459.21690739382,489,0.19904978601559972,316617.01048321504,30,24.374734128278867,25685.206950744352,5,1,1,0,Bachelor,0.039351066098371634,879.4916957867084,0.8470757374147146,0
76,Male,Hispanic,17870.821979191725,504,0.14912325377595595,149720.3207661113,20,11.925500312400871,-1131.6678169406296,9,4,0,0,Bachelor,0.11936136583028699,623.8346698587972,0.4188960108842262,0
44,Female,Asian,40233.84426577017,343,0.4453218065697505,12732.855397832522,10,16.238191401669546,19701.232538348406,5,4,1,1,Master,3.1598445917024285,106.10712831527101,0.031647126020879095,0
40,Female,Black,53839.87577244535,599,0.5114244527612221,41964.85520644218,10,16.197465781880332,37375.98101171652,0,2,0,1,Bachelor,1.2829753732637732,349.70712672035154,0.07794381878555398,1
76,Male,White,81844.5014729755,578,0.5252450942912817,150224.29369823987,10,6.6064802803275136,18079.936212555458,6,1,0,0,PhD,0.54481535215189,1251.869114151999,0.18354842536104019,1
44,Male,Black,46294.68170139284,684,0.4208222485456101,111985.09733466075,10,3.5291680168288044,12910.000408836906,2,0,0,1,Bachelor,0.41340037918656225,933.2091444555062,0.24189624643491506,0
51,Female,Hispanic,37835.21703870921,610,0.5166067090854017,140949.90190361376,15,16.307169148278764,34527.79709137435,0,1,0,1,PhD,0.2684302473979882,783.055010575632,0.24835750558253336,1
73,Male,White,56227.798753928546,827,0.45033210286164516,313869.4107820337,30,3.6042968055438718,20205.33570323038,8,0,0,0,High School,0.17914392681284858,871.859474394538,0.18607012766978487,1
63,Female,White,59391.92966588802,573,0.14368845795339538,49890.282996296504,10,10.382661715785396,10555.461164703322,7,4,1,1,Bachelor,1.1904508473182414,415.7523583024709,0.08400178825129365,0
55,Female,White,58824.79644340542,781,0.481021753942494,350813.5748772155,30,5.582499949228154,7079.213941686172,3,0,0,0,Master,0.16768107238721894,974.4821524367097,0.19879007725068723,0
31,Male,Black,46440.275840973096,750,0.18967984477516484,119422.0545041696,15,21.207483248483342,19192.160177943857,2,4,1,0,High School,0.3888752042810622,663.4558583564977,0.1714346040394051,1
53,Male,Hispanic,10898.277721637009,831,0.2183046712954864,75598.99846638869,15,26.16026560499963,10076.5357025762,1,0,1,1,High School,0.14415902250983367,419.9944359243816,0.46245226629584746,1
70,Male,Black,31647.680217873356,830,0.29732531349933244,186162.96597984264,15,17.337438295565406,33522.17389000832,1,2,0,1,High School,0.16999987108767972,1034.2386998880147,0.3921571601209182,0
25,Female,Asian,78405.42170534925,824,0.25728353316316843,349901.76492921566,30,12.304674215147925,8586.715513795776,2,4,0,0,High School,0.2240783830319075,971.9493470255991,0.14875746996347639,1
79,Male,White,53741.378759531995,316,0.260825869151456,128770.69027049656,10,29.89927922463933,24174.302201999148,0,2,1,0,Bachelor,0.4173416997815458,1073.0890855874713,0.23961180982476518,0
52,Male,Asian,43549.55761785887,329,0.1846297621020229,139902.9352573493,30,0.6362740573961767,26297.795411585135,9,1,0,0,Master,0.3112840880554087,388.6192646037481,0.107083319104316,0
36,Male,Hispanic,72363.3709674795,769,0.2469355235547722,146584.814261643,10,9.13023252611768,29493.843921268963,6,0,1,0,High School,0.4936621254526151,1221.540118847025,0.202567697305753,1
47,Male,White,27397.667352621032,603,0.10983129498794089,315003.1148540006,20,8.360194579410013,43545.5679628816,1,1,0,0,High School,0.08697586170003256,1312.512978558336,0.5748721429451649,1
31,Male,Asian,45493.037325739846,392,0.33645547334416304,155382.71598794797,10,10.68610794173759,-288.60920246611204,5,0,0,1,High School,0.292780551791027,1294.855966566233,0.3415527410829367,1
76,Male,White,52755.16810348075,461,0.48429547938490336,244622.31525782903,10,6.91787223475508,29118.51899006348,5,4,0,0,High School,0.21565967130953456,2038.519293815242,0.46369355657818295,0
37,Female,Hispanic,41172.44993410742,627,0.5311236846124199,212058.8260168229,10,7.927885062943677,29344.73169607135,3,0,0,0,PhD,0.1941557949153277,1767.156883473524,0.515050297847718,1
66,Female,Hispanic,52015.256458031974,553,0.5102142794797192,189000.28911573286,15,7.730313297519818,3704.1524289028566,3,3,0,0,High School,0.27521257613622396,1050.001606198516,0.2422369922283936,0
42,Female,Hispanic,46246.121371564695,739,0.30822885949755663,150133.5516637702,20,15.172321522572917,23909.18620856966,0,3,1,0,Bachelor,0.30803322015011436,625.5564652657091,0.16232015487041757,1
57,Male,Black,22013.1390442825,843,0.46521324058192814,396898.1710799165,10,11.731658311032934,13706.612235579818,5,3,0,0,High School,0.05546293898101661,3307.4847589993037,1.8030057879591839,0
41,Male,White,53629.55763758112,419,0.24394538704760624,479205.98747843236,20,19.17840305954725,41029.49611170632,7,2,0,0,High School,0.11191337136620153,1996.6916144934683,0.4467741377961944,1
31,Female,Black,23432.96416974265,813,0.12778123635880898,111653.83049174293,30,15.432034796030562,11472.497666479732,9,3,0,1,High School,0.20987156523461659,310.1495291437304,0.15882729657097577,0
43,Male,White,53312.30250193444,848,0.4379857626956333,92858.31200384718,30,5.502655571091916,16771.70039308386,3,0,0,0,High School,0.5741252597799288,257.9397555662422,0.0580593394307551,1
55,Female,Hispanic,77482.71648300218,396,0.424398082368203,204077.86657850447,15,24.301349368035233,14294.446099979425,0,1,0,0,High School,0.37967231715055294,1133.765925436136,0.1755900118475877,0
40,Female,Hispanic,44379.536054478915,669,0.5008146977314378,-27300.891689237673,30,14.165855950216713,7427.693835138945,3,2,0,0,Master,-1.6255709359109995,-75.83581024788242,-0.020505615963570808,0
39,Male,Asian,26570.337400580276,716,0.40805310335143996,204829.91939353818,20,4.596945537179483,-3241.179910470524,1,4,0,0,Bachelor,0.1297190248341156,853.4579974730757,0.38544847268116517,0
65,Female,White,47460.24373590039,556,0.1784458124869582,400718.62169859407,20,5.006395287859866,7508.661691229447,3,2,0,0,Bachelor,0.11843782935447969,1669.6609237441419,0.42216241442885616,1
74,Female,Hispanic,33360.57783842937,427,0.5265811960250991,140109.80643555822,20,23.909052314368676,22157.950656928475,7,1,1,1,Bachelor,0.2381030899059386,583.7908601481593,0.20999307493133434,0
36,Male,Asian,61890.180052629396,658,0.4136263940093504,308046.6160071235,20,21.089795526693013,24235.809010272493,2,3,1,1,High School,0.20091173490183123,1283.5275666963478,0.2488655031744702,1
63,Male,Hispanic,47040.225049542925,455,0.503804849517502,346934.473848053,20,15.19583857619283,32185.55958607136,4,1,0,0,High School,0.13558821217099673,1445.5603077002208,0.3687636203724158,0
68,Male,White,84195.26503329146,356,0.4870535601880204,113841.3352886799,15,9.182445292569971,35747.456002198734,9,2,0,1,High School,0.7395843067000958,632.4518627148883,0.09014072643607385,0
20,Male,White,73259.79191354677,375,0.2489322436125442,217828.54252936086,10,13.815661103912282,26009.70156715403,1,2,0,1,High School,0.33631860665675695,1815.2378544113405,0.2973371024400648,0
59,Male,White,46938.389910371945,457,0.1372764874260262,235407.68037813692,30,19.094506114141303,31949.6526156865,8,2,0,0,Master,0.19939192228127178,653.9102232726026,0.16717494345789866,1
36,Male,Black,64312.181359461814,384,0.18825220454479244,272888.44307948014,20,26.378469522885435,27860.77237875078,2,1,0,0,High School,0.2356720593723735,1137.035179497834,0.21215921875998686,0
26,Female,Black,42135.271816743094,621,0.14643116715662538,280178.2782072592,30,16.67603603036186,3480.994050051082,0,0,0,0,Bachelor,0.15038736081308177,778.2729950201644,0.22164983249332854,1
45,Male,Asian,50679.137703303364,608,0.2217062160400682,312249.97968594317,15,8.302058843212505,25720.722352671997,6,0,0,0,Bachelor,0.16230309367602125,1734.7221093663509,0.4107541338660018,1
37,Male,White,42771.31607299375,829,0.32976613651299647,121787.59210115811,15,1.282197440804358,20178.089157360755,4,3,0,0,Bachelor,0.3511960072046373,676.5977338953228,0.18982751881863186,1
62,Female,White,65329.11919699417,583,0.5534053024906415,217402.27716243512,10,5.263651677502218,11527.547757884993,8,4,0,1,Bachelor,0.30049878064608593,1811.6856430202927,0.33278005250136283,1
24,Male,Black,78659.76553419157,341,0.5360093779603173,348241.36509407195,15,19.505328619873882,20182.934748507447,2,1,0,0,High School,0.22587714561979982,1934.674250522622,0.2951456929550594,0
31,Female,Hispanic,65972.96414382287,433,0.459299907547864,359049.5740975375,10,4.81310900472473,25358.977046413325,0,0,0,0,Bachelor,0.1837433293428751,2992.079784146146,0.5442374444701311,1
26,Male,Asian,68438.73202570711,703,0.112056179773913,222509.0329170826,20,14.446186594303526,16972.30900139593,6,3,0,0,Master,0.3075773200237252,927.1209704878441,0.16256075056555933,1
76,Male,Hispanic,68460.66874471458,792,0.27069460066027673,146837.79054111618,15,20.96865046429156,34876.90082226288,7,4,0,0,Bachelor,0.46623330746416297,815.765503006201,0.14298992714455733,1
77,Male,White,61025.1184466942,521,0.4411742132422599,303523.27547045454,30,9.246747042093324,25117.761525810703,1,3,0,1,PhD,0.20105581145995008,843.1202096401515,0.16579144413327873,0
72,Female,Black,27214.27681579464,528,0.1645144484195342,253621.89251831837,15,20.073176694218585,33112.8491631786,1,3,1,1,Bachelor,0.10730255399316142,1409.0105139906577,0.6212961778236468,0
74,Male,Hispanic,84019.43038832999,751,0.5005439250079543,251463.63240666903,15,17.43216184943456,38847.31531449818,8,4,0,1,Bachelor,0.3341215967661402,1397.02018003705,0.19952815774829505,1
77,Female,White,86088.21653396849,605,0.5572868399937968,277577.2399600932,20,13.168173207851863,14063.381753122929,3,2,0,1,Bachelor,0.31014148186769647,1156.571833167055,0.16121674436742886,1
36,Male,White,45322.40793373263,418,0.27705222331891277,104928.65593254936,10,26.917364366527828,13329.347767708152,0,0,1,0,Master,0.4319354663502691,874.405466104578,0.2315160661498148,1
64,Male,White,42586.041695676366,623,0.45292153093191667,284713.1153523144,10,20.761766712823313,37351.54831165077,8,0,0,1,Bachelor,0.14957527208740928,2372.6092946026197,0.6685597064571053,1
69,Male,White,62248.2330583075,458,0.17410206633435668,215452.67784516915,15,10.817910994577256,8456.585221635694,8,4,0,0,PhD,0.28891835404821925,1196.9593213620508,0.23074569591221014,0
31,Female,Hispanic,61016.2567036701,538,0.4454082245565135,314149.78351339616,30,24.127936005766248,18525.4560965528,5,0,0,0,Bachelor,0.1942266393478772,872.6382875372116,0.17162081084886796,0
73,Female,White,45961.078624939626,695,0.11072770614352165,202046.81800087052,15,22.14306642509015,12689.170553906639,5,1,0,0,Master,0.22747736925380138,1122.4823222270584,0.29306944636011345,1
55,Male,White,24999.486888247917,619,0.1753857534055505,258341.59846036835,30,23.75051896524493,5138.868754117908,8,1,0,0,Bachelor,0.09676911127451678,717.6155512788009,0.3444625345248091,1
70,Male,White,56114.02381499554,488,0.454940723304335,245734.36142184585,20,19.228679491229833,27468.95593783447,1,1,0,0,Master,0.22835236997509697,1023.8931725910244,0.2189598470357578,1
78,Male,Black,61028.7307635109,608,0.45592511143815306,145405.47869355892,20,11.381118475184959,15986.828041705401,8,4,0,1,High School,0.41971410783034213,605.8561612231622,0.11912870944097768,0
53,Male,White,64516.42296077595,548,0.4205813529225886,109826.4966949341,10,10.457355468128073,6088.212891127541,3,3,1,1,High School,0.5874395059689804,915.2208057911175,0.17023029432630715,1
57,Male,Black,56985.85544708415,837,0.3386820121921016,280667.0157459894,30,19.62454082277793,33877.821315061556,3,3,0,0,Master,0.20303723718877517,779.630599294415,0.16417349740797277,1
34,Female,White,44577.69703276181,805,0.43745404558597256,114313.338026737,15,3.9270002390070347,132.93645352719977,8,2,1,0,Bachelor,0.38996059254551235,635.0741001485388,0.17095744529336251,0
47,Female,White,69880.04079012557,693,0.4869003991443941,166393.014077882,15,24.597430514957274,17783.693567968516,6,2,0,0,Master,0.4199697996781132,924.4056337660111,0.1587415731268379,0
26,Male,White,51316.969951318366,705,0.5832408295183719,163369.95351073716,15,11.110061519942192,33354.86281349324,9,1,0,0,PhD,0.31411510408458104,907.6108528374286,0.21223642480023977,1
50,Male,White,40701.53971270559,480,0.5443205157743025,236711.70444223692,15,18.911159680966467,33725.559099811595,4,1,0,1,High School,0.17194561548450046,1315.065024679094,0.3877194918801296,1
73,Female,White,46386.93235908558,320,0.4972671012830623,267574.76508455863,20,14.971917448002541,26412.890091813322,7,4,1,0,Bachelor,0.1733606393877481,1114.8948545189944,0.28841610285116226,0
69,Female,White,15080.619350500361,454,0.44737875835718643,44340.484468897776,30,15.579794760739617,6798.835134977608,0,1,0,1,High School,0.34010948529618623,123.16801241360493,0.09800765569447385,1
42,Male,Hispanic,46355.163516429224,493,0.3870777727161836,127485.60695176567,20,22.140184386040414,22408.16582586285,6,1,1,0,High School,0.36361095675661453,531.1900289656903,0.1375096076476811,1
31,Male,Black,63768.730397493375,523,0.16030441167595813,122779.13370324101,30,18.80010161014255,25334.51161452577,3,1,0,0,Bachelor,0.5193775886350799,341.0531491756695,0.06417938329016673,0
28,Male,White,56795.6604427846,698,0.18277842104919648,177196.82837095985,10,7.5092696503714045,13372.341921246261,1,0,1,1,High School,0.3205230080297117,1476.6402364246653,0.3119900833787578,1
70,Male,White,80413.28345962372,579,0.5101397803354497,776.5208465382457,30,2.2267779427121335,25648.919142506868,1,3,0,0,Bachelor,103.55585921241995,2.157002351495127,0.0003218874681437196,1
52,Male,Asian,44740.50171968591,309,0.5016564561036103,313379.9919695436,15,25.207022020958732,-2166.208392799672,8,0,0,0,PhD,0.14276757567864798,1740.9999553863536,0.46695943634095904,0
58,Male,Black,59746.26326106632,675,0.4072294629866815,206039.7345910972,20,26.54682224255573,-6301.053023982971,5,1,1,1,Bachelor,0.28997447205820615,858.4988941295717,0.1724289715749998,1
76,Female,White,65854.80352611544,771,0.31942006635807674,186570.90680201608,15,4.93489598751956,10366.93595391888,3,1,1,0,Master,0.3529746660662305,1036.5050377889781,0.18887096745395782,0
31,Male,Hispanic,96857.14016574816,451,0.11301632491180283,275497.3324470794,30,9.284312007585974,30396.582733116593,1,0,1,0,Bachelor,0.35157197097127446,765.2703679085539,0.0948122606055443,0
47,Male,Hispanic,52895.30982235281,423,0.263588471264272,251753.3445762506,30,8.47027145795197,32903.40463548625,6,0,0,1,High School,0.2101076746820814,699.3148460451405,0.15864881367979886,1
58,Male,Hispanic,29116.256422719533,723,0.31031982878265896,250673.96927075554,10,28.123456822204645,811.9671461130783,8,4,1,0,Bachelor,0.11615189446045258,2088.9497439229626,0.8609416184257589,1
21,Female,White,66958.57506710564,822,0.34290814308671025,198436.57005441617,30,6.143321457920652,42018.15915846496,1,4,0,1,High School,0.3374306210228486,551.2126945956005,0.09878573922037806,0
76,Female,White,87314.54711936913,812,0.5646622992806046,210470.99512200648,30,4.99617696299496,21349.79015786535,3,1,1,0,Bachelor,0.414853111084282,584.6416531166847,0.08034972486095518,1
21,Male,White,43549.02579546757,470,0.15435469990007142,284430.8944292013,15,5.455156492445971,-3227.983814695486,0,0,1,1,Bachelor,0.15310933744684163,1580.1716357177852,0.43541868692242774,0
45,Male,Asian,66821.63077212832,424,0.3594334598898852,253204.83836433964,30,21.89607528281301,24553.601084406517,0,4,1,0,Bachelor,0.26390345146555944,703.3467732342767,0.1263088191845171,1
25,Female,Black,74574.5611045784,474,0.2839611484791399,372827.5832628554,30,26.640595327394255,39083.6733008023,2,2,0,0,Bachelor,0.20002425907420304,1035.632175730154,0.16664645322329455,1
19,Male,White,70341.31087940307,803,0.5950490596080258,214013.78036100385,20,11.801022318998042,12728.677167546393,0,0,1,1,Bachelor,0.32867654952288383,891.7240848375161,0.1521252431077952,1
58,Male,Asian,52511.17044947156,684,0.5309320081414527,265069.60908912314,20,4.082397130990703,34656.254950429924,3,3,0,0,High School,0.19810332323618424,1104.4567045380131,0.25239354485935916,0
78,Male,Asian,36030.52483573707,405,0.31939292711946043,187701.15424622485,10,17.5716599222502,41635.54609388836,5,2,1,1,Bachelor,0.19195686345366061,1564.1762853852072,0.5209503749999568,0
63,Male,Asian,48374.409039728285,827,0.5998478046773802,232371.0151800451,10,6.298048749869284,20607.66236349137,4,2,0,0,High School,0.20817746568885517,1936.4251265003759,0.4803593879342414,1
39,Male,Hispanic,59172.00907755262,337,0.3570316232357482,237580.39942304278,15,1.9245434209570444,8821.95705428114,8,0,0,0,Bachelor,0.24906098828544002,1319.8911079057932,0.2676720554495767,1
58,Female,Asian,68164.45048183459,694,0.18355889829570035,155610.20126995008,15,26.586941351474284,37555.15301289692,1,1,0,0,Bachelor,0.4380461558788424,864.5011181663893,0.15219096383328556,1
73,Female,White,56678.90095998078,776,0.37793734591335726,135356.5357224787,20,26.12523829001028,37502.035515514224,1,3,1,1,Master,0.41873782198585113,563.9855655103279,0.11940645763231168,1
72,Male,Hispanic,42401.84066918846,766,0.2131028829018233,264116.1122887652,20,29.27730480777821,1124.2823110103527,2,4,0,1,Master,0.1605424231855624,1100.4838012031882,0.3114441591691168,0
33,Female,Hispanic,61107.59312299537,804,0.41815642003812603,245440.84203537786,20,14.220142647183987,18473.76341484266,3,4,0,0,Bachelor,0.24897076059650788,1022.6701751474078,0.20082679540442916,0
46,Male,White,67201.7013548564,614,0.5687200874419628,346757.68195538176,10,8.820035946312665,30812.3371682539,8,1,0,1,Master,0.1938001805061767,2889.6473496281815,0.5159953914326352,1
79,Male,White,57592.20112828961,584,0.49309928841751416,200454.2379779986,10,23.093512367112073,31642.451270375066,5,3,1,0,Bachelor,0.28730847354103234,1670.4519831499883,0.3480579558532177,1
66,Male,Asian,33276.2577092335,763,0.2365818452095276,100555.75786728397,30,5.414847962517383,15662.08722795001,8,3,0,1,Bachelor,0.33092344401752055,279.3215496313444,0.10072823166789152,1
65,Female,White,46371.8793056562,563,0.24842931248300357,201152.5576101856,10,7.2987623044884185,5620.5932871698515,4,2,1,0,Master,0.23053089583638534,1676.2713134182134,0.4337813360642687,0
47,Male,Hispanic,68956.41552824933,728,0.13464410154515602,276950.5051294649,30,7.6704787862214205,43560.1757975434,8,2,0,0,Master,0.2489846172911458,769.306958692958,0.13387707921873576,1
29,Male,White,22339.643825110525,664,0.2429339178231387,-12151.732928982412,15,28.548582297365403,21340.591493310407,8,3,0,0,Bachelor,-1.8383916068324297,-67.50962738323562,-0.036263583024910624,0
52,Female,White,8136.4395521768165,480,0.14631239983890862,199382.70257200178,10,21.89468756493222,17320.35907055706,0,0,1,0,PhD,0.040808151595991916,1661.5225214333482,2.450490798750654,0
28,Female,White,80161.65700288041,543,0.34972435966282145,266638.2855877558,15,4.010843777464603,11176.481958348837,8,0,0,1,High School,0.3006382103987001,1481.3238088208655,0.22175047735367612,0
63,Female,White,60228.305100437596,612,0.4541735397491288,223476.9367692667,30,2.785376343717203,16977.278693874323,6,0,0,1,PhD,0.2695056857818914,620.7692688035186,0.12368322856204865,0
67,Male,Black,62134.60005040213,375,0.4755905807495793,164166.12200846843,15,25.28444560753535,-3619.609268283668,7,3,0,1,High School,0.3784861291125397,912.0340111581579,0.1761403167481572,0
38,Male,Black,28463.66052745888,561,0.12976461612408954,79731.043079761,15,24.068229691342847,34984.90011025758,2,4,1,0,Bachelor,0.35699596327850025,442.9502393320056,0.18674347478449935,0
38,Male,White,64750.56126933076,530,0.269977949119101,198808.23148623822,10,20.129837340250656,15936.927888988857,0,0,1,1,Master,0.32569356301433067,1656.7352623853185,0.30703707827225296,1
22,Male,White,55504.97375136729,679,0.24408588327371686,77569.97857555213,30,5.883019571898483,-11510.656541084445,3,4,1,0,Master,0.7155471068914397,215.47216270986704,0.04658440096018801,0
65,Female,White,18313.448443032055,608,0.1521501614936673,267309.3724199283,30,14.408506166678137,5227.3764574945435,0,0,0,1,High School,0.06851031176812848,742.5260344998009,0.4865447619936281,1
37,Male,White,78485.66828547715,687,0.2812356554660028,206125.0747154364,20,18.081778363718215,34363.48070039309,0,3,0,0,PhD,0.38076720357205274,858.854477980985,0.13131383042168568,1
54,Male,Hispanic,53173.66647237458,624,0.24966005456961807,349497.90135541157,10,27.964125805210546,17866.196927727775,3,0,0,0,High School,0.15214302079113542,2912.482511295096,0.6572762883240089,1
20,Female,White,42078.320678414624,755,0.4172496146696384,4667.526914481306,10,5.082712205922317,8168.211336037371,7,4,0,1,High School,9.015121165742803,38.89605762067755,0.01109247431748306,0
61,Male,White,42440.205080295644,811,0.5416513318668564,166003.14951408957,30,15.463404214383411,21985.869733548017,0,1,1,0,Master,0.255659035413021,461.1198597613599,0.1303819881800103,0
50,Male,White,9695.561891352467,642,0.3274208604366079,273337.51863632834,10,4.73254916634936,15519.507234642942,9,4,0,1,Master,0.03547102475987672,2277.8126553027364,2.819202452620305,0
70,Female,White,61866.73199262727,815,0.47333258638340925,314266.2282915742,15,13.315480217224568,21657.15523645558,9,1,0,0,Master,0.19686089825479977,1745.9234905087458,0.33864859531616626,1
78,Female,White,55237.144144914506,741,0.17300518355533714,277387.250491273,20,6.004049238927687,24793.67242013215,8,4,0,1,Master,0.19913368061107892,1155.7802103803042,0.25108761032571514,0
26,Female,White,46118.3973533381,848,0.5474831893219323,104692.22117004689,30,25.085586249456338,7754.711961261195,5,0,0,0,High School,0.44051407867667697,290.81172547235246,0.07566916688217568,1
78,Male,Hispanic,75569.70414903344,561,0.17629736910754615,151879.77544427977,10,7.6420883291253885,11359.003236704117,4,0,0,0,High School,0.4975626539345111,1265.664795368998,0.2009797142314502,1
26,Male,Asian,22322.819620083086,762,0.19605059029969465,-23575.996394726943,10,12.513141487320727,8983.810643510578,8,4,1,0,PhD,-0.9468452253867775,-196.4666366227245,-0.10561388209899977,1
21,Female,Hispanic,38064.550472647694,526,0.15323190179383825,204542.67869617778,15,12.233629574764057,9425.960662297835,8,0,1,1,Bachelor,0.1860958833397687,1136.3482149787656,0.358238266587276,1
52,Male,White,32999.83490479228,822,0.2548397507602682,316328.13090750226,10,25.988848800652757,10580.325196504875,8,0,1,0,PhD,0.10432153096887165,2636.0677575625186,0.9585748892991117,1
34,Male,White,44424.10040456894,488,0.3762052233577631,200702.587134297,10,22.73392394196781,15644.749475207318,2,3,0,0,PhD,0.22134293851849177,1672.521559452475,0.45178762272393724,1
51,Female,Black,51349.40050514446,508,0.5939970557031634,257668.80217815592,15,1.7272646704525207,10882.590044520342,7,2,0,1,Bachelor,0.1992845081401851,1431.4933454341995,0.33453010115452886,0
41,Male,Hispanic,58600.270476227095,312,0.496684017328772,255004.66343170658,10,2.01262371504493,22398.322327873007,9,2,0,0,Bachelor,0.22980077967052934,2125.0388619308883,0.4351595331546408,0
49,Female,Asian,43060.53093789765,461,0.290217901445991,168314.3586857931,20,16.535917353921125,15295.442402303961,3,4,1,1,Bachelor,0.2558339720634438,701.3098278574712,0.1954392514673563,1
18,Male,White,32452.885296902125,792,0.3879230289517852,-43185.19399599184,15,12.831570820733804,9401.3978871837,3,2,1,0,High School,-0.7514817532118574,-239.91774442217687,-0.08871361996712651,0
25,Male,White,83720.13899540888,734,0.4116540154696039,334089.96019688924,30,8.267526616105261,-8882.936148977802,6,1,1,0,Bachelor,0.25059160396819496,928.0276672135813,0.13301855611077856,1
62,Male,Black,98232.80383577137,304,0.5113636106236735,243200.0230527851,20,23.77862814622216,6453.190705655015,7,4,0,0,Master,0.4039177406428556,1013.3334293866046,0.12378758090798997,0
40,Female,Hispanic,52865.733437640505,501,0.4682258927099002,74926.77115989599,10,3.8590551569699825,14532.082830323832,3,4,1,1,Bachelor,0.7055653489301366,624.3897596657999,0.14173031619485296,0
64,Male,Hispanic,34864.392659582656,715,0.3846455634855702,237087.7903455671,15,29.221707386104555,34363.9109677275,9,1,0,0,High School,0.1470526702735982,1317.1543908087062,0.4533523025636345,1
57,Male,Black,79509.08262084587,311,0.4345915135198284,220006.18330662552,15,0.723075202564829,18950.625998592477,5,2,1,1,High School,0.3613947636645876,1222.2565739256972,0.1844704831654405,1
29,Female,Asian,21064.857873430698,696,0.47295880548144986,331108.8344152325,10,3.546921738325308,-2699.868698092778,0,1,0,1,High School,0.06361913571600439,2759.240286793604,1.5718541107882962,1
71,Female,Black,43304.53350590345,640,0.16657202956670217,247207.90805763306,30,9.33949962827556,21469.628255961365,1,0,0,1,Bachelor,0.17517454779726385,686.6886334934252,0.1902863957834289,0
29,Female,Asian,36077.658973073965,672,0.20022773065268998,247566.05614182475,20,15.274472857665094,13212.112160641995,4,4,0,1,Bachelor,0.14572942484653845,1031.5252339242697,0.34310160801535383,1
63,Male,Asian,26809.288990990226,677,0.4442921444537584,219932.8855694813,10,6.484084754379716,28564.636870182734,3,3,1,1,Bachelor,0.12189759126549823,1832.7740464123442,0.820360754973375,1
64,Male,Hispanic,44399.515341564605,524,0.5252127809938161,123027.77691281143,30,22.086454465620793,-1936.5989762315876,2,1,0,0,Bachelor,0.3608901701363758,341.74382475780953,0.09236420410325138,0
32,Female,White,32716.558416520704,481,0.3046311413498839,267274.5194286869,15,10.726257102779694,38167.65453049171,5,4,1,0,High School,0.1224080712462005,1484.8584412704827,0.54462639585734,0
58,Female,White,50253.08928297309,596,0.589945161235603,197458.1715379251,15,1.1561500019081272,26705.124045367254,9,4,0,0,Master,0.2544999221433647,1096.9898418773616,0.26195161910152587,0
36,Male,Black,50543.54335344928,606,0.20803586633668644,104721.36447665219,15,26.331659023219327,16867.497102330562,5,1,1,1,Bachelor,0.4826478685227411,581.7853582036233,0.13812692651210892,1
43,Male,White,37573.36552956041,730,0.30834964102171947,134096.09787232865,10,28.31597019258189,-3157.678033712942,9,3,1,1,Bachelor,0.28019730719780955,1117.4674822694055,0.3568913670158988,0
69,Female,Hispanic,42589.732868122606,417,0.28926152173162656,86384.29907533032,30,18.556908673111327,-1914.0569593045911,7,4,0,1,Bachelor,0.4930263175601249,239.956386320362,0.0676096430273589,0
46,Male,White,45383.02064192579,651,0.5651479703632145,305968.1933804517,10,24.196091657112152,30280.65708171935,1,0,1,0,High School,0.14832594244688346,2549.7349448370974,0.6741908957417256,1
39,Female,White,66196.92122238854,345,0.24268925878626976,397878.6092416383,10,3.6333461607990545,32047.8787205436,6,0,0,0,High School,0.16637466725984773,3315.6550770136523,0.6010530427917715,0
57,Male,Hispanic,47031.411978716285,526,0.33539538902110777,315516.1698227009,20,8.064608453599938,35623.87877641859,6,0,1,1,PhD,0.14906181196718005,1314.6507075945872,0.33543131765370493,1
38,Male,White,66494.03481572194,655,0.19361691980766474,237623.02712479437,20,9.756950630345514,45009.05327496842,1,3,0,0,High School,0.27982992902788306,990.0959463533098,0.17867995812205584,1
68,Female,White,61716.25967109311,593,0.3606331192812219,193454.6379720779,20,28.822595008454886,31237.256357870632,5,2,0,1,High School,0.319021866407777,806.0609915503246,0.1567290686466284,1
55,Male,White,61430.61393801484,539,0.5287020847317956,170906.49386511857,30,15.366679197221025,26112.440461991784,4,0,0,0,High School,0.3594399051126554,474.74026073644046,0.09273687439597454,1
37,Male,Black,77756.91940691946,647,0.25201973094528207,101370.40391304957,15,0.22240676441879992,55826.89352239801,1,1,0,0,Master,0.7670574093165835,563.1689106280531,0.08691222567821084,1
74,Male,White,27612.182405081803,440,0.5053960360814141,394678.88259913446,20,11.405574686102865,11818.10367066454,8,2,0,1,Bachelor,0.06996113453864926,1644.4953441630603,0.7146825209413671,1
46,Male,Hispanic,40536.33787385773,503,0.555655791087813,96597.66906758705,15,0.2325180259672932,18489.663552942326,7,1,0,0,Bachelor,0.4196409526765644,536.6537170421502,0.15886596920880017,0
68,Female,White,85265.9760059914,568,0.13647894485728182,115052.99857895049,30,7.134172214173375,-3118.991868467401,6,3,1,1,Bachelor,0.7411017275441201,319.5916627193069,0.04497808073365865,0
21,Female,Asian,44853.66998821465,612,0.4782122681596255,180449.85240675064,20,13.641002014235323,29367.22192393809,5,0,0,0,PhD,0.2485658446930194,751.8743850281277,0.2011539439851455,1
72,Female,White,-6302.473798116989,717,0.22767171807524542,188708.0227825328,20,9.701791662625098,16948.218771189935,4,4,0,0,PhD,-0.033398017239468204,786.2834282605533,-1.497094861694734,1
24,Male,White,45940.63313704229,436,0.18766383126831457,260203.93299459317,15,0.9820263685551212,10697.601618276563,8,0,1,1,Bachelor,0.17655625957812446,1445.5774055255176,0.3775944666360997,0
45,Male,White,52698.790603265,650,0.40056119601251805,132657.13681269134,10,3.490071672263383,11008.986102175031,4,3,1,1,Master,0.39725560093818707,1105.4761401057613,0.2517270990360687,1
45,Male,White,-2342.2623486242155,460,0.4528013081143498,1140.6892723662604,30,16.52659683668199,8075.195574356245,5,0,1,1,High School,-2.0533745739235334,3.1685813121285014,-0.016233440189941033,1
21,Female,Black,76678.71279775897,472,0.2973804928676069,176857.61642283932,30,20.86814713153456,17465.985369163842,2,0,0,1,Bachelor,0.43356183549614274,491.2711567301092,0.0768825357868241,1
39,Female,White,35725.75072268796,429,0.1195868535410953,183594.27917904945,20,12.136470366987078,-1627.456032182421,8,0,0,1,Bachelor,0.19459076220913502,764.9761632460394,0.2569495048601683,1
29,Female,White,56571.26230375031,378,0.5543522620983966,175472.5331234582,30,21.94445239274721,-276.35986042404693,7,3,0,1,High School,0.3223938316542575,487.4237031207173,0.10339321060298934,1
62,Male,Black,45480.36909311875,356,0.46537345842374755,174142.47929291794,15,4.8999866554543114,3392.646247375662,8,0,0,0,High School,0.26116757541172986,967.4582182939886,0.2552639490624626,1
20,Male,White,24232.97161591917,699,0.23583340334150735,164937.5989448275,10,3.6617384342305828,10698.390003263317,0,4,0,0,PhD,0.14692205883283913,1374.4799912068959,0.6806329886363436,0
39,Male,White,28589.8373072916,662,0.34843192787237,67562.17808995096,10,25.183611478298275,13040.487571931997,0,4,1,0,High School,0.42316334546271805,563.0181507495913,0.23631536396578162,0
61,Male,Hispanic,31298.34327144906,634,0.11389639498353901,346220.0084046457,30,10.17640045476599,-10733.010440140799,1,2,0,1,High School,0.09040015744806124,961.7222455684604,0.3687309212097862,1
19,Male,Asian,71713.43818367276,433,0.2696413909029709,340560.60244573315,10,12.967437658332729,12272.63446325037,3,2,1,0,Master,0.2105746750172019,2838.0050203811097,0.4748909145500568,0
41,Female,White,47049.23623799696,313,0.3612676177925591,339542.5506200065,15,28.427448069518896,7381.128468822861,9,2,0,0,High School,0.1385665394575284,1886.3475034444807,0.48111663124199233,1
51,Male,White,39562.68966896507,582,0.35861180755812505,81444.48828617796,20,12.723369838113278,31741.47034881104,4,2,0,0,Bachelor,0.4857626403145969,339.3520345257415,0.10293092932716737,1
44,Male,Asian,31307.821748195376,720,0.20409243900427057,240380.85256984914,20,0.10470317555712705,6500.221109304199,6,4,1,0,High School,0.13024257719985433,1001.5868857077047,0.3838990372808434,1
72,Male,White,73923.00443052253,426,0.4883736830919454,157715.43016172346,30,28.13915818649507,35059.62500676187,3,2,1,1,High School,0.4687113008202236,438.0984171158985,0.07111698240473721,1
58,Female,Asian,79284.02545047174,517,0.24943107926332173,152279.3977815422,30,0.4235590045748394,46128.24522538528,0,1,0,1,Bachelor,0.520648404219535,422.9983271709506,0.0640227321608732,0
18,Male,White,73694.87797413362,788,0.39020501158898635,107135.58445348253,30,19.86858851187594,37502.26639888105,7,3,1,1,Bachelor,0.6878655523285205,297.59884570411816,0.04845908218618503,0
25,Female,Hispanic,59848.746783083334,559,0.2357611127689874,456556.2220204355,20,9.686727285975106,5273.828516970569,2,3,0,1,Bachelor,0.131087353312654,1902.3175917518145,0.38142504777517267,0
40,Female,White,55796.60083741423,517,0.3125839364933851,175126.06345522465,30,14.11172269680615,27791.76624455279,8,4,0,0,PhD,0.3186082056351368,486.461287375624,0.10462170384747072,1
55,Male,Asian,25681.24364048197,788,0.20375731262511512,107800.60978400525,10,16.41855503088552,5531.91816542241,1,3,0,1,Bachelor,0.23822911291446502,898.3384148667104,0.4197639775282398,1
23,Female,White,45083.61746577885,742,0.41650389626601914,213817.72648120602,20,12.253801718866628,7617.39302560836,0,3,0,0,Bachelor,0.21085070077078746,890.9071936716917,0.23713461618680712,0
39,Male,Black,36322.79593307127,398,0.31279218007067533,276313.58416507277,15,23.231063615465047,8624.331714343336,9,0,1,1,High School,0.1314549772962723,1535.0754675837377,0.5071444842777905,1
42,Male,White,13489.757820305807,481,0.10805865224388214,185866.50742016983,30,27.92119228993338,22042.1172073726,7,2,0,0,Master,0.07257766882018642,516.2958539449162,0.45927809304426365,1
35,Female,White,71140.86838330732,468,0.11408249700838305,224425.76674754304,20,2.592361563566048,6891.00204287254,2,2,0,0,Master,0.3169906442308552,935.107361448096,0.15773336188302906,0
34,Female,Hispanic,36083.40107215449,532,0.3355671592357111,300187.6384273055,30,24.00758643704919,20580.132492483073,0,0,0,0,Bachelor,0.12020282134599815,833.8545511869597,0.2773090761104925,0
78,Male,Black,73918.83814870614,392,0.1916129334526772,104540.38243007314,20,3.860134227019354,38937.03477891923,2,4,0,1,High School,0.7070840610148936,435.5849267919714,0.07071295020882506,1
29,Male,Asian,67634.92801520025,771,0.3925210240723712,217779.12717711652,20,2.408315497488233,3473.081478593729,7,1,0,0,Bachelor,0.3105666226690025,907.4130299046521,0.1609960515727709,0
23,Male,White,61134.35953266838,815,0.30409589088601063,136097.97783374414,20,28.674943581663864,-4122.515893912398,3,4,0,0,High School,0.4491937389940464,567.0749076406006,0.11131054522703998,0
43,Male,Hispanic,62257.68143526367,384,0.4272099177698614,122566.27105648445,15,14.67893344473822,10397.921175585003,9,1,0,0,PhD,0.5079511752998697,680.9237280915803,0.1312462100856641,1
44,Male,White,37693.72235852585,818,0.5761975870319758,375197.3390464926,20,4.578098730278658,41419.81880447657,6,1,1,0,Bachelor,0.10046372518077755,1563.3222460270524,0.4976920765184493,1
25,Male,Asian,87157.00302581329,680,0.36436806739762684,191061.0638060517,10,17.09871339651269,30328.584016975758,7,0,0,1,Bachelor,0.4561735462453374,1592.1755317170976,0.2192148159907072,1
36,Male,Asian,50862.50861906098,706,0.4936893017950498,93807.68333631553,30,7.897114163086591,7181.81566032212,6,4,0,0,High School,0.5421998157305598,260.57689815643204,0.061477950316932546,0
77,Female,White,56038.63370237408,531,0.4765204981579686,188846.6676619646,30,13.929270504239826,4318.175499392641,0,2,0,0,High School,0.2967414484786313,524.5740768387906,0.1123312348316373,1
59,Male,Hispanic,37018.47332866722,550,0.5608955521619327,79051.55145103522,30,18.73978781639731,24854.92233239896,3,4,1,0,Master,0.468282692106259,219.58764291954228,0.07118207419412716,1
18,Male,Hispanic,31376.6947844608,384,0.2070089336190031,178256.12835366456,20,26.078094866099843,21464.06280339716,9,4,0,0,Bachelor,0.1760202865071133,742.733868140269,0.2840581673407253,0
74,Male,White,59545.92017618846,618,0.5136634853924704,132151.61790221336,30,0.09244194807924933,29341.616944539197,8,1,0,0,Bachelor,0.45058790139255,367.08782750614824,0.07397742644735038,1
46,Female,Black,54350.26991877571,492,0.5527601892523434,251094.4091225475,10,6.4242198274784625,2671.3551294560384,6,1,0,0,High School,0.21645352482639257,2092.4534093545626,0.4619929385774864,1
62,Male,White,34212.95268194845,599,0.2963814904737888,393707.6736982157,10,2.888116287563387,18742.835691707565,0,2,0,1,High School,0.08689937983828408,3280.897280818464,1.1507561985608596,1
66,Male,Hispanic,21231.465624491917,657,0.25690809729948405,182507.4337710344,10,2.9129310467718748,33439.56770707694,7,2,1,1,High School,0.11633205938958056,1520.8952814252868,0.8596082672714779,1
52,Male,White,24601.538253449056,752,0.5760179548391439,135908.6051605806,15,28.373322394197146,36929.4586789575,3,1,0,0,PhD,0.18101530969567017,755.04780644767,0.36829297355427676,0
57,Female,White,73922.67434182214,805,0.413816411069434,209100.43955427507,10,28.082488035451572,1418.419691142768,6,4,0,1,Master,0.3535271111787139,1742.5036629522922,0.28286373756904976,0
31,Male,White,37734.92370699857,364,0.29033824262073415,349129.7637591502,10,22.479242391036994,18719.815436632012,5,1,0,0,PhD,0.10808280365643728,2909.4146979929187,0.9252165619044258,1
52,Female,Black,43221.829086483325,521,0.4959138604658151,251633.1065099468,30,19.291891272027463,15710.410971178182,6,3,0,0,Bachelor,0.17176527240772593,698.9808514165189,0.19406328686865584,0
65,Female,Hispanic,79006.80517518125,765,0.2522369508078576,185895.1553815888,20,25.43911339073109,7447.9363912311965,9,3,0,1,Master,0.4250073382117098,774.5631474232866,0.11764502751972107,1
62,Female,Asian,27556.988770271706,371,0.18820379303493104,-6639.425672388432,30,1.752262142717027,8968.174177061532,9,1,0,0,High School,-4.150507909874455,-18.442849089967865,-0.008031145598838673,0
37,Female,White,35460.10348565887,773,0.37198481789885274,194767.40522513038,15,3.584573793036853,28505.31109686372,0,2,0,1,Bachelor,0.18206384915725896,1082.0411401396132,0.3661719060387592,0
73,Male,White,34624.66342878614,318,0.3831060224553017,277654.85469286656,15,9.51338769889002,8510.465047225542,5,1,1,0,High School,0.12470397273293456,1542.5269705159253,0.534599381283864,0
66,Male,Hispanic,82361.36962332079,821,0.5128732411336691,295752.2128412558,15,24.974771396895406,18151.438186023068,2,4,0,0,Master,0.2784809920172196,1643.067849118088,0.23939395713781572,1
30,Female,Black,89867.67001164827,714,0.328513677510215,331084.1780533013,10,14.166976282995305,27300.91829064541,9,3,1,0,Bachelor,0.2714345050858349,2759.034817110844,0.3684129988130187,0
78,Male,White,65031.264508043416,663,0.5072932697526708,132550.62940019462,10,15.10724290312855,46286.63248338269,3,0,1,1,Bachelor,0.4906145282170039,1104.5885783349552,0.20382600646462912,1
55,Male,White,65667.6944830848,827,0.25566133967416926,159695.24261963315,10,6.877962889614228,24490.442591248804,0,2,1,0,Master,0.4112063290419618,1330.7936884969429,0.2431869184333382,1
66,Female,Black,38392.899942945376,379,0.38768410108889595,187979.18465917037,20,19.451624435205783,30812.038287504998,9,0,1,1,Master,0.20424016633839792,783.2466027465432,0.24480982803919607,0
63,Male,White,88946.56973808566,489,0.2042363894503579,270962.71420368575,30,26.635264621867925,23944.2613909101,7,2,1,1,PhD,0.32826128864070764,752.6742061213494,0.10154512422516479,0
66,Male,Hispanic,55353.92508717324,447,0.2927229754582982,173686.72933222918,10,9.885426595754026,16916.08798850249,1,0,1,0,Bachelor,0.31869979531534537,1447.38941110191,0.31377491127991636,1
79,Male,Black,67062.2052889948,742,0.5287698489164255,252483.17447143473,15,18.575578193096522,16648.358743955185,2,0,0,1,Bachelor,0.26561059139638643,1402.6843026190818,0.25099400711463365,0
25,Male,Hispanic,47889.50122458092,564,0.20799409671787752,161563.1325371707,20,9.958468923354662,18255.62426174984,6,1,0,1,Bachelor,0.2964135472773346,673.1797189048779,0.16868324831731898,1
60,Female,Black,44639.34825344779,808,0.5051197314496338,129415.86904583049,20,23.781573355029902,-12093.473060665816,1,2,0,0,Bachelor,0.3449294787615227,539.2327876909604,0.14495716683748275,0
37,Male,White,83260.84519192234,600,0.2414358289237031,310972.8475434536,15,14.248792109769516,15094.5869640835,3,3,0,0,Bachelor,0.26774313529186156,1727.6269307969646,0.2489948681373087,1
77,Male,Hispanic,60794.47359476614,765,0.11724485983972685,231236.08726250532,10,10.18407066659114,26574.28256905863,6,0,0,1,Bachelor,0.26291083850485086,1926.967393854211,0.38035708443474814,0
50,Male,Black,79027.50922140764,664,0.15496728502842314,274664.30775166576,20,12.601465626338758,8945.475118151027,2,1,1,0,Master,0.28772398521055514,1144.4346156319407,0.17377765695623262,1
43,Female,White,55106.56343490089,698,0.4729397726603941,179370.67040101325,15,2.7368256418868473,41792.13144047852,1,4,1,0,Bachelor,0.307221706378757,996.5037244500736,0.2169985560345692,1
56,Female,Black,33032.66927153819,792,0.23103546325107413,280412.697345391,10,25.983514599673217,21877.930124566297,7,2,0,1,Bachelor,0.11780019087670293,2336.772477878258,0.8488950591316636,0
38,Male,White,38333.141342430245,841,0.4270727961206361,93732.99091631135,20,28.742071660143147,18032.354942505986,1,2,0,1,High School,0.40896103887963675,390.55412881796394,0.1222610352736211,0
70,Female,Hispanic,52059.30484929221,779,0.44959945137861657,109656.89055406512,20,14.322425392062497,32537.9570521821,9,3,0,0,High School,0.4747472282521539,456.903710641938,0.10531920361932762,1
66,Male,White,37469.99567913347,467,0.27255923221734246,294210.54703690606,30,6.640116242344182,28461.091133997452,6,0,0,0,Bachelor,0.12735775809707187,817.2515195469613,0.2617299003326261,1
79,Female,Hispanic,27850.771827446188,390,0.33745949360557015,192975.99490219148,30,19.939685972668162,36992.299740413815,2,1,0,1,Bachelor,0.14432246788810263,536.0444302838653,0.2309642692583225,1
59,Male,White,74028.34063574049,599,0.3018835452279053,175345.0545069729,20,13.571444386234282,39913.976981021195,3,0,1,1,High School,0.4221866470308498,730.6043937790538,0.11843103127879463,1
60,Female,White,39102.59858352976,473,0.573674498177267,108046.58155122041,20,7.569002425152592,41979.58943015001,5,1,1,1,Master,0.3619050045094933,450.1940897967517,0.13815780212204395,1
71,Male,Asian,52763.854955826406,672,0.25997443117579366,280447.05829791265,20,1.152994304704471,26852.8521903321,2,3,0,0,PhD,0.18814194477938342,1168.529409574636,0.2657567936731512,1
79,Male,Hispanic,55922.67179771209,323,0.1916615211124804,386539.9201692716,30,26.691133553655362,4445.645288806187,0,0,0,1,Bachelor,0.14467502288825104,1073.722000470199,0.23040143811886907,1
58,Male,White,38236.93749358862,500,0.28279642143778916,260762.05485586205,10,23.902030561351427,16425.015864786157,7,4,1,0,Bachelor,0.14663535887046275,2173.01712379885,0.6819637553336622,0
26,Female,White,79015.98932617478,306,0.43475785380100607,155086.7185734433,30,24.870181729181382,44584.969435177874,3,3,0,0,Bachelor,0.5094955264577072,430.79644048178693,0.06542419236746783,0
41,Male,White,27657.164775907742,305,0.44868134518073266,338679.364082651,15,13.195191927941664,23890.842100960752,0,3,0,1,Master,0.0816617949275419,1881.5520226813944,0.8163752306181817,0
54,Female,Black,55232.50527161542,460,0.5620286576800034,235939.3420467794,20,22.597661758602825,13487.303539328295,1,2,1,0,High School,0.23409620791713717,983.0805918615808,0.21358739829608198,0
66,Male,Hispanic,54922.354127531675,547,0.5408772424379046,156701.12436126856,15,17.43675791639987,11826.60169441469,5,1,0,1,Bachelor,0.35049112985884034,870.5618020070476,0.19020928345181387,0
58,Male,Hispanic,48914.90794271704,465,0.24416026020863776,327568.22450250434,15,11.243258892404791,3838.250744548177,0,0,0,0,PhD,0.14932738978881963,1819.8234694583575,0.4464463402256436,1
34,Male,Black,24061.747734560347,727,0.32758162448379824,181959.01448112782,15,25.2822626436654,33790.03230875658,8,1,1,0,Bachelor,0.13223718430864523,1010.8834137840435,0.5041446323529154,1
41,Female,Hispanic,67416.35103726928,444,0.473634494091717,55731.71119273442,30,29.96272644133255,13224.61009514688,6,3,0,0,Bachelor,1.2096587309893716,154.81030886870673,0.027555981269254532,0
38,Male,White,64870.21340669193,810,0.5582686403010125,168238.30866246705,30,26.978469218230796,5257.970910785523,7,0,0,0,PhD,0.3855852684351438,467.3286351735196,0.08644866923628351,1
68,Female,White,36488.62942817567,842,0.26858250642844594,253208.2392665639,10,23.285759150589172,6951.782429701101,7,4,0,0,Bachelor,0.14410522159100211,2110.0686605546994,0.6939373805886018,1
76,Female,Black,64149.74414410724,808,0.322220717088498,128234.18444373767,15,22.425239165771305,-19139.00051336903,5,1,0,0,Master,0.5002546272850725,712.4121357985426,0.1332654672850759,0
56,Female,Asian,57498.15372601552,519,0.5497391352268044,12767.067316565954,15,19.507465290505646,30591.785285883438,7,1,0,1,Master,4.50363049714703,70.92815175869974,0.014802872195864831,1
72,Male,Hispanic,24387.757092777832,375,0.27924193657921137,346982.56189245405,30,25.608524905187313,16439.17964230673,6,4,0,0,PhD,0.07028525283739397,963.8404497012613,0.47425785620278726,0
58,Female,Black,32921.42170857285,618,0.3402564930958679,499390.5067934666,15,14.79243743473998,1569.5645215307122,0,3,0,0,Master,0.06592320290579372,2774.3917044081477,1.011277725111982,0
56,Female,Black,72765.62889779158,337,0.5522520706090395,152452.9678980815,30,5.45188530593979,40807.26383709552,2,1,1,1,Master,0.4772988673230499,423.4804663835597,0.06983744487030671,0
30,Male,Asian,56188.32370284101,813,0.5011216089949241,137017.46004706676,20,23.041491728076195,20697.702562936556,8,2,0,0,Bachelor,0.41008148657506716,570.9060835294448,0.12192698679862808,1
28,Female,White,38713.941083787475,545,0.2217154625049014,65290.82402936497,20,27.58519122527656,-13622.131666200861,7,2,0,0,High School,0.5929461246556733,272.04510012235403,0.08432469312289584,0
63,Male,White,32830.48217654716,439,0.26239753270596666,117880.85893081913,15,10.240568757914986,30827.155634849325,4,0,0,0,Bachelor,0.2785056240200491,654.893660726773,0.23937278430638612,0
36,Male,Asian,39692.12403769158,557,0.2764793637296695,47216.52715402108,10,23.489498938714068,4838.637932814354,0,4,1,1,High School,0.8406404797247207,393.47105961684235,0.11895691726949241,1
28,Male,Hispanic,41110.409402445905,680,0.5563692367155298,69502.61691147632,30,8.211681092472423,28931.56188012654,1,3,1,0,Bachelor,0.591494410272453,193.0628247541009,0.05635443506216635,1
30,Male,White,33080.73934741497,777,0.5994668685522696,200224.6107031253,20,28.27800820076046,27576.745846088594,9,2,1,0,Master,0.1652181479152134,834.2692112630222,0.30263019305638866,1
63,Male,White,15164.717752333956,484,0.48700215107771994,42096.91094439142,20,20.5038297604136,22060.474890020763,9,0,1,1,Bachelor,0.3602335043624942,175.40379560163092,0.13879886072364392,1
62,Male,White,72800.26572801571,602,0.34216315124675334,53157.33985990743,15,17.078279615471914,1224.3666340946256,8,0,0,1,Bachelor,1.369524244815032,295.3185547772635,0.04867870497295992,1
18,Female,White,69412.67345222886,793,0.10508690903373949,220702.05093908292,30,23.396104737107247,1510.5486924776887,9,1,0,1,High School,0.31450851116643136,613.0612526085637,0.10598547304716352,1
57,Male,Asian,24534.89096386281,463,0.44874402829897875,138253.13270025386,15,24.39693511672625,19266.484106253483,7,3,1,1,Bachelor,0.1774635444757467,768.0729594458547,0.37566400954973467,0
61,Male,White,52726.22591127335,502,0.2946805822488924,235667.3442051928,30,26.771096946760412,5879.366139898097,8,2,0,0,High School,0.22373157421999562,654.6315116810912,0.14898806057904287,1
36,Male,Hispanic,31955.235945704666,707,0.4164932351143027,165799.44084353413,10,27.033585985422917,38289.892540037516,1,4,0,0,High School,0.1927342805447758,1381.6620070294512,0.51884905849309,1
29,Male,White,44768.6555354693,509,0.4033469817312144,181444.15965339533,30,1.5807247666063962,18477.97037165739,2,1,0,0,Bachelor,0.2467351697678716,504.0115545927648,0.1350976164634062,0
25,Female,Black,43104.66840252687,400,0.34041602828719364,278010.63150990824,20,3.687228240383863,4927.047917968208,2,2,0,1,Master,0.15504683460636154,1158.3776312912844,0.32248320403922975,0
25,Male,White,41443.31568564255,745,0.5721936988631615,145130.9590200084,15,24.78182634561625,34978.3573147435,0,0,0,0,Bachelor,0.285558064009823,806.2831056667133,0.23346098418839745,1
78,Female,Hispanic,90058.94168152573,667,0.11157317267767083,270970.10363359505,30,28.381549601405347,-8661.026396318102,1,4,1,1,Bachelor,0.33235748325691,752.6947323155418,0.10029361459440017,1
70,Male,Black,41193.48630647619,538,0.4560662422362941,158015.22849270122,20,9.230155443718216,18022.4903224192,9,0,0,0,PhD,0.260693141410601,658.3967853862551,0.19179637687992804,0
62,Female,Black,33834.72349866151,590,0.30491993414977303,117925.81362987868,15,0.2580545529814604,28342.56786340202,4,1,0,0,Master,0.2869153280116853,655.1434090548815,0.23235658801732445,1
29,Male,White,34748.371410059044,671,0.4568952252458056,92598.12150159363,15,9.681155671055938,4565.368887852019,6,4,0,0,Bachelor,0.37526000362179074,514.4340083421869,0.17765460220444193,0
78,Male,White,70875.5391280351,730,0.43760982376981594,34332.60352461814,10,11.485924079177149,13513.637578109225,5,4,1,1,Bachelor,2.064379972733903,286.10502937181786,0.048440694698063676,1
65,Female,White,16957.9533661413,579,0.1051190012879977,75957.74825357481,20,22.83100094170207,9884.039619961612,1,1,0,0,Master,0.22325508267477118,316.4906177232284,0.22395906691556916,1
50,Male,White,34747.5416712896,766,0.24266924758733563,22650.814616138116,30,1.4275399691351742,3133.2309608013347,7,0,0,1,High School,1.5340526272522172,62.91892948927254,0.021728937287529525,1
62,Female,Black,78936.45680223068,615,0.19454576025189022,100549.0384826322,20,6.379207082779807,21146.959900889782,3,4,0,0,Bachelor,0.7850543177085214,418.95432701096746,0.0636898605257582,0
43,Female,Black,54879.72375995293,376,0.18349317647124616,282100.585993255,15,26.81905758583919,32765.35224040679,1,3,1,0,High School,0.194539559592638,1567.2254777403057,0.34268951161535144,0
56,Male,Black,53838.44010072226,450,0.46423834206056636,199168.57875320016,10,4.6446122835430215,50056.16024486002,3,3,0,0,High School,0.27031593255197245,1659.738156276668,0.3699374988959389,1
45,Male,Black,92642.92920287403,695,0.2197756745465623,161212.41616704137,30,22.777429559050283,31429.33117186166,7,0,0,1,PhD,0.5746637349996753,447.8122671306705,0.05800493628391597,1
75,Male,White,54926.95905896997,795,0.3373688074936504,130871.02565909286,10,10.839312467372276,15959.876109865301,0,4,0,1,Bachelor,0.4197029768991779,1090.5918804924406,0.23826373770044107,1
22,Female,White,35836.27677280835,596,0.22349449764283977,191874.76974999096,10,19.879806447641585,36719.75746379694,8,0,1,1,Bachelor,0.18676909329716623,1598.956414583258,0.5354204929446817,1
25,Female,White,44358.458862473024,706,0.39011691171766494,203020.86090780955,20,2.2153950990897577,3063.044132721301,7,3,0,1,Master,0.21849212275095176,845.9202537825398,0.2288412020097974,1
42,Male,Hispanic,27291.353819388627,586,0.46028688402998397,88494.42859388023,15,8.596738352581301,11955.652533278864,7,4,0,0,PhD,0.30839629401568835,491.63571441044576,0.2161720745686888,1
44,Male,Black,75118.74080031394,792,0.2655373693490882,246355.8320829564,15,12.7436921249016,34289.43688873492,9,4,1,1,High School,0.30491967722127605,1368.6435115719798,0.218636813715002,1
63,Male,White,61491.2343507343,835,0.401510424143561,167436.69285736178,30,25.716378782333667,10129.21817948647,8,0,1,1,High School,0.36725065038831295,465.1019246037827,0.09076453179344486,1
40,Female,White,72488.28299941777,755,0.5124273872068695,229681.4226915065,10,16.90487572938353,20866.512268898558,6,4,0,1,Master,0.3156035962768283,1914.0118557625542,0.31685317017834636,0
47,Male,Hispanic,74259.67857098741,791,0.14711214258224584,196798.642490365,10,1.3567587923306756,9483.07005210557,8,0,0,0,Bachelor,0.3773383679443981,1639.9886874197082,0.26501413186462736,1
62,Male,Hispanic,41715.784381449346,308,0.45533529952063556,58159.567792239046,10,24.055997199783782,16765.436915968192,0,2,0,0,Master,0.7172643464351192,484.6630649353254,0.13941861253387364,1
64,Female,Black,31104.942959822205,431,0.2615724722176901,330084.9539797611,20,1.635644668544477,18961.493160797287,0,2,0,1,Bachelor,0.09423314387643789,1375.3539749156712,0.5305988736358188,0
40,Male,White,48965.737773839086,376,0.16132497826247214,198854.47032783183,15,28.03099691975702,27070.0418629682,3,3,0,1,Bachelor,0.24623905961537643,1104.7470573768435,0.27073960878018094,1
66,Male,White,32544.778584229236,430,0.37282710380717443,163230.25527195024,10,6.3515233812116865,22485.560959726357,1,3,0,1,High School,0.1993795729229726,1360.252127266252,0.5015558942872926,0
64,Female,Asian,53299.137508180494,711,0.2131311596338659,258255.59601380932,10,14.637784339711642,30724.879430487046,7,1,1,0,Bachelor,0.2063813459644472,2152.1299667817443,0.484539915817909,1
37,Female,Hispanic,72641.93761669379,389,0.5106808963345788,84267.17309338442,15,2.168429062989272,25881.818552589906,0,2,0,0,Master,0.8620431296086364,468.15096162991347,0.07733565105603593,1
35,Male,White,46637.207079016654,797,0.12144795476553807,42571.29693497348,30,16.851371588932995,17002.096116974775,3,2,0,0,High School,1.095508251727772,118.25360259714854,0.030427277275878052,1
35,Male,Hispanic,52999.90179815478,653,0.14932644813544874,255658.7999702725,20,14.916861021854452,10860.697996900166,8,1,0,0,Master,0.20730716800797588,1065.2449998761354,0.24118799403056004,1
19,Male,Hispanic,48123.08767553267,570,0.36049806299290843,314656.68363030395,20,12.307456046440288,6281.207602685328,1,0,1,1,High School,0.15293839342714674,1311.0695151262664,0.3269290259925337,0
21,Male,White,66054.55144875395,691,0.3944708920384784,228641.56044608387,20,1.0671875110211926,-20914.23197737727,5,2,1,0,Bachelor,0.28890002027575523,952.6731685253494,0.17307025438168874,0
47,Female,White,36644.3521142342,731,0.4649433322613734,280578.3830224868,15,26.36809135954509,18273.68575588351,3,2,1,0,High School,0.1306029057530685,1558.7687945693713,0.5104531655115977,1
50,Male,White,6071.074767138016,771,0.22963036412609691,73383.06354932753,20,24.079097964385877,2854.2473731997925,3,3,0,1,Bachelor,0.08273127985529094,305.76276478886473,0.6043663302134004,1
53,Female,White,59417.37718750762,607,0.5208802041066459,164072.5886635932,10,18.990900609869723,6857.839515939804,5,1,0,1,Bachelor,0.3621407918987263,1367.27157219661,0.27613569704670354,1
35,Female,Hispanic,69756.68842615988,807,0.5765711698868916,134195.60762465757,20,17.166899479017914,15491.944834220365,9,1,0,0,Bachelor,0.5198134995689869,559.1483651027398,0.09618834455330312,0
54,Male,White,58927.48489517071,354,0.34951965179743183,302759.6785948759,15,20.848392941094936,12183.934976225964,3,3,1,0,Bachelor,0.19463452058297975,1681.9982144159771,0.34252231550180867,0
36,Male,Hispanic,37195.39009063972,336,0.48026568248490065,249406.73364796565,20,4.319700477431017,28214.130329418993,8,2,0,0,Bachelor,0.14913546858418236,1039.1947235331902,0.3352656512543597,0
64,Male,Asian,27299.75803627862,354,0.36242417727189635,303115.61801619374,30,27.97932738949452,17500.63905845188,7,4,0,1,High School,0.09006384499402519,841.9878278227604,0.37010782001972775,1
45,Female,White,59889.95063560643,823,0.1347335147061053,138212.62235778838,30,8.540198745139229,44401.9746616328,7,1,0,1,Master,0.43331751915227,383.92395099385664,0.07692588427660556,1
57,Female,White,52829.579058693475,762,0.2630557564213105,86852.1236124939,15,19.694708173290067,52910.84803063729,4,2,0,0,Master,0.6082704355555194,482.51179784718835,0.10960037307383112,1
37,Male,Hispanic,47484.147446833405,777,0.1437433448135075,332907.86739890196,15,18.20267043425714,15408.416051537468,5,0,1,0,Bachelor,0.1426345007038726,1849.488152216122,0.4673950996265284,1
66,Female,Hispanic,86449.26685987582,510,0.5944395596275067,202611.03529551858,30,19.09841939146826,7295.144541203841,0,1,0,1,Bachelor,0.4266760037713895,562.8084313764405,0.0781232903624764,0
50,Male,Hispanic,31063.998116373365,525,0.2145129560366886,306488.0981242138,20,26.36856369246337,-6448.600251986623,0,3,0,0,Bachelor,0.10135466370959605,1277.0337421842241,0.49331721077247387,1
29,Female,White,85500.74042254931,306,0.41795020970785934,193505.5091622023,10,8.877336199518593,47417.07110021109,8,1,0,0,Bachelor,0.4418517115751983,1612.5459096850193,0.22632027302440608,0
75,Male,White,50635.6780974128,839,0.24217255097246868,420385.20971122035,15,22.46844564757972,9140.99552878734,3,3,1,1,Bachelor,0.12045066507500704,2335.4733872845577,0.5534769494643471,1
68,Male,Black,13288.590462582506,511,0.42662310767796296,317799.6494959481,30,17.951731918175074,11895.730894749517,2,0,1,0,Bachelor,0.04181436475357703,882.7768041554114,0.7971742134497407,0
32,Female,Asian,46415.94691361718,488,0.20520084543524122,183994.45767235986,20,2.2818099286392046,9505.274253278549,4,2,0,1,Master,0.2522681797093604,766.6435736348327,0.19820177105810682,0
58,Male,White,69189.92153198882,374,0.4926350329550373,202052.8901765271,15,12.424640426459256,15100.020420145307,8,3,0,0,Bachelor,0.3424347034657105,1122.5160565362617,0.19468431789169494,0
56,Male,Asian,42698.899343900586,413,0.15540580141831775,202398.75261755296,20,25.138547197972333,12845.835980601529,8,3,0,1,Bachelor,0.2109642415859313,843.3281359064707,0.23700699049338028,1
19,Male,White,20504.4291752321,450,0.5475752000451402,86394.06112293497,10,9.460421667917577,32401.93497799814,2,0,0,1,High School,0.2373360958926933,719.9505093577915,0.42134341017058347,1
46,Male,Asian,46709.7093640766,735,0.5202108462703973,151805.5080300483,15,14.467916499386279,-21187.37480537389,6,4,0,0,Master,0.30769443065814783,843.3639335002683,0.2166651717552019,1
58,Male,Black,32856.55252216589,383,0.4394036718191928,144202.3110580196,10,14.659157044609797,17185.546065657134,2,1,0,0,Bachelor,0.22785038797988544,1201.6859254834967,0.4388844841854207,0
27,Female,White,59836.288021759254,511,0.13370731357142393,223251.33563860683,10,18.540296004175875,30769.900727696426,2,4,0,0,High School,0.2680220830509189,1860.4277969883904,0.37310358483036626,1
19,Male,Black,65467.99632135223,760,0.20428451416446416,118486.17180300402,10,26.5205357937055,9644.094068389913,3,1,0,1,Master,0.5525370203554201,987.3847650250335,0.1809833482934318,1
68,Male,White,28874.591845037874,476,0.529680797845538,184992.81258117093,30,5.206175963554694,28824.827426160125,1,0,0,0,Master,0.15608493888035954,513.868923836586,0.21355893510573512,0
28,Female,White,35883.91889768701,611,0.16098721715129757,163383.01884837213,10,15.138506479203768,21342.524176085713,5,0,1,0,Bachelor,0.2196306516467855,1361.5251570697678,0.4553098542949372,0
30,Male,White,65132.849302138755,458,0.17796604815401004,207582.95327857876,10,12.728017778628363,9233.033507669472,4,4,1,0,PhD,0.31376781317264385,1729.8579439881564,0.3187070049947322,1
27,Male,White,32823.11443402081,485,0.3720016618777604,346810.6268066198,20,8.877602703017892,-7183.089553169204,9,0,1,0,Bachelor,0.09464275860359621,1445.0442783609158,0.5283024368448629,1
31,Female,White,28356.837283440098,770,0.23708871983717186,309543.6282679029,30,27.588245308613168,26097.964769646485,9,2,0,0,High School,0.0916085317023483,859.8434118552858,0.3638671280273218,1
35,Female,Hispanic,26426.177364074905,608,0.21103784997196476,68950.0984067544,30,0.24513277223141894,24774.572589464886,1,4,0,1,Master,0.38326525958208313,191.52805112987335,0.08697196654265085,0
68,Female,Black,57040.772259162404,545,0.3879067159240903,194816.14360206234,30,3.663143778911313,8890.580331525545,9,3,0,1,Master,0.29279284151972385,541.1559544501731,0.11384613489974224,0
71,Female,White,56183.154390349286,683,0.28628833822901456,169713.18054282127,30,22.000333497483286,31398.302366333966,1,3,1,0,High School,0.331047678269004,471.4255015078369,0.1006904307791194,1
26,Male,Hispanic,36319.07939241917,341,0.17027994838483437,135340.03724607118,10,7.903248140607404,12724.067022676607,1,0,0,1,Master,0.2683542884385713,1127.8336437172597,0.3726417065359881,1
74,Female,Black,50101.70792256468,584,0.36742688377273225,415302.1388967867,20,21.695377832767303,35516.50397692387,3,0,0,0,Master,0.12063917622879435,1730.4255787366114,0.41445906349007317,1
56,Male,Asian,80542.64768310261,599,0.2935062016393114,147323.21943159183,10,24.967608321466884,24545.025585512303,2,1,0,1,PhD,0.546707083878939,1227.6934952632653,0.18291330576968282,1
45,Female,Black,30518.796861635565,735,0.4672583871368847,154256.31218015292,10,7.638480505035905,42199.95677036718,8,4,0,1,High School,0.19784471980630045,1285.469268167941,0.5054468984459369,0
20,Male,White,10965.147819791011,668,0.1513777211602946,375438.9360272837,30,5.7583286358907255,25445.208932471745,4,4,0,1,Bachelor,0.029206208433837446,1042.8859334091214,1.1413098488578313,1
37,Female,White,59101.51151440741,785,0.41030662197298695,296903.6033175824,30,4.359018980434733,20420.369698013285,0,2,0,1,High School,0.19905959663005365,824.7322314377288,0.1674540383766694,1
23,Female,Black,47791.97672196823,735,0.3182466634716239,155670.1723839608,15,6.002658326473387,-8268.652238083007,1,3,0,1,Bachelor,0.3070079257321642,864.8342910220044,0.21714965992385202,0
44,Female,White,35799.49826369797,727,0.303030937526202,276060.4507659037,20,8.015561673515748,20805.139832527653,6,3,0,1,High School,0.12967992396004438,1150.2518781912654,0.38556469246084285,0
70,Male,White,63041.60474709816,480,0.2161438440041706,176056.48967450106,30,26.062494496215262,16411.584747602963,7,2,0,1,Bachelor,0.3580760065343318,489.04580465139185,0.09309010580170606,1
19,Male,White,66784.5028933758,639,0.11521301410135557,182718.36213666547,30,23.100132397572974,44227.43857240835,5,1,1,0,High School,0.3655051529162891,507.5510059351819,0.0911979846723737,1
46,Female,White,5834.439602398146,790,0.5238445971823228,119461.71497026226,10,0.05532950754724819,23202.015567362698,6,2,0,0,Bachelor,0.048839409377728425,995.5142914188522,2.0475268082500944,0
55,Female,White,36948.04181337023,794,0.2632050430172129,-43305.314850660856,10,26.223574262942936,31737.62813526655,1,1,0,0,High School,-0.8531987803526243,-360.87762375550716,-0.11720598095401674,1
20,Male,White,96350.32462393711,462,0.4405455198649235,57512.667949357885,10,2.3643689910593304,41058.32250864916,5,1,0,0,Bachelor,1.6752887330627275,479.2722329113157,0.059691203090217235,0
33,Female,White,61668.09831596382,755,0.5737936998883537,89539.43949839036,30,19.657968526406183,40092.830541080795,5,1,0,1,High School,0.6887255343727321,248.72066527330657,0.04839857340804448,1
47,Female,Black,63522.072765943,391,0.38249514904106585,241900.3773866448,20,4.544243046504791,18694.9727526976,3,0,0,1,Bachelor,0.26259600523240034,1007.9182391110201,0.19040655228456144,1
57,Male,Black,73457.88557262957,404,0.2985734512599332,215343.83043691376,30,1.8682743153286863,51933.88491402415,3,0,0,1,Bachelor,0.3411190625874443,598.1773067692048,0.09771759185926024,0
19,Female,White,50341.37650399452,738,0.23413678317435185,308623.32842069934,30,22.793120925635332,12408.661390129917,1,1,0,1,High School,0.1631159146704936,857.2870233908315,0.20435365488811538,0
34,Male,White,65933.6832018324,797,0.5670218963237467,79666.31564140579,20,14.01609341567529,39957.31173668707,2,2,0,0,High School,0.827623101068377,331.9429818391908,0.060413973384086425,1
58,Male,White,64361.24087674405,627,0.44103840902557145,378679.0485439672,30,17.971875399334774,8801.43187897918,9,2,0,1,Master,0.16996250815622105,1051.8862459554643,0.19612168409926617,1
79,Male,White,60780.82993505518,840,0.43264069662827975,369435.3893545601,30,12.760590563923767,32900.447344478765,5,2,1,0,Bachelor,0.1645235721495043,1026.209414873778,0.2026052127232138,0
29,Male,White,43559.76058765191,808,0.31307916257263846,203543.66500479096,20,2.015155875235264,5542.95946781358,3,0,0,1,High School,0.21400695809730363,848.098604186629,0.2336372632205082,1
52,Female,White,53441.178447325176,550,0.5225243564337153,131374.9622936403,30,22.188544988609237,29281.039624990335,2,1,0,1,PhD,0.4067835873313297,364.9304508156675,0.0819436535087709,1
60,Male,Black,38232.76871386444,490,0.4568360935047435,136549.69256967714,15,24.610533635064797,7191.081447948622,0,3,0,1,Bachelor,0.2799916132682278,758.609403164873,0.23810236988349004,1
18,Female,Black,50256.2860913299,346,0.24159163589050806,219813.56081892998,15,1.2426162926610074,4448.818959958453,2,2,0,1,High School,0.22863141793480246,1221.1864489940554,0.2915901378247045,0
72,Female,White,26630.18215801466,550,0.39978933001252404,388259.53030555847,10,11.27151590951818,5505.350448751216,0,0,0,0,Master,0.06858861168728254,3235.496085879654,1.4579679853549454,0
62,Female,White,34187.52017454095,363,0.3150969773006328,190507.9760569144,30,16.7194961121048,27469.680765122863,3,4,0,0,Master,0.1794545345667176,529.1888223803178,0.18574806935815086,1
32,Male,Black,44353.75916150141,619,0.10329508141485652,41796.742243184446,20,18.15550268300752,27417.325117309687,3,1,1,1,Bachelor,1.0611774215186334,174.15309267993518,0.04711747440729169,1
43,Female,Hispanic,31125.891371398477,823,0.5038117157508987,389536.7654099805,20,17.344588234238962,27352.943899182777,0,2,0,0,Master,0.07990488738242468,1623.0698558749186,0.6257439518148629,1
54,Male,Hispanic,39899.65458509647,591,0.1614151744598504,159961.38900198106,15,20.788219617063884,23319.986391350227,6,0,1,1,High School,0.24943303402174338,888.6743833443393,0.267272805016096,1
38,Male,Black,46721.48046488968,328,0.3549772530013071,345379.605207225,10,29.00448607258569,12739.392529006178,4,4,0,0,PhD,0.13527573649537633,2878.163376726875,0.739230867195596,0
79,Male,White,58045.24689328755,736,0.2681130965424078,262577.6514830617,30,11.717595633861333,9178.70242286951,0,1,0,0,High School,0.2210593573575012,729.382365230727,0.15078906286435123,1
66,Male,White,68985.14603705818,346,0.2710445206003388,185157.1123549352,20,16.69870700866768,4474.223141708393,4,3,1,0,Bachelor,0.37257626865997856,771.4879681455634,0.13420071058157254,1
48,Female,Hispanic,40724.31257243784,716,0.338682441706904,296593.9554859702,20,20.97235888391997,3575.4138441012146,6,1,1,1,Bachelor,0.13730661673705022,1235.8081478582092,0.3641485107433153,1
42,Male,White,76702.09234537248,750,0.5985115520098725,126525.41225460848,30,17.77271466233415,38195.45142716277,5,1,0,0,High School,0.606218869226239,351.45947848502357,0.05498564136724922,1
40,Female,Asian,68772.22157250986,373,0.3041898403157379,170904.3135659539,10,11.60253090027545,4117.310015648096,9,2,0,1,PhD,0.4024019062922592,1424.2026130496158,0.24850776906452157,1
41,Male,Black,60081.876638878835,352,0.1911646149082862,146926.46456671876,15,18.722378638494792,6017.898477620702,4,1,0,0,High School,0.4089248102175349,816.2581364817709,0.16302915597418052,0
74,Male,Black,53072.982585932376,532,0.4068031690246845,179931.8868787115,30,19.50334591320484,5027.4888979512725,7,4,0,0,Master,0.29496151853121966,499.8107968853097,0.11300909182770304,0
55,Female,White,56382.41683737082,499,0.21814385401976064,254775.05892989138,30,17.549054259790104,99.50771815595726,8,4,1,1,Bachelor,0.22130273298410286,707.708497027476,0.1506232339919987,0
45,Female,Black,73741.02301332763,848,0.1527745683564752,254028.21640258873,30,6.153319822571125,24569.78751524754,0,1,0,0,Master,0.29028674081016836,705.6339344516354,0.11482899026081081,1
38,Male,White,74471.59319518547,396,0.12508708603296456,44468.30002070169,15,15.179440744572958,11961.251245829248,5,1,1,0,High School,1.6747119444754153,247.0461112261205,0.039807840916516096,0
71,Male,White,76698.93456767287,348,0.11144063700984194,146446.02290644965,20,26.530704292821017,17543.011484317667,1,4,0,1,Bachelor,0.5237351827346549,610.1917621102069,0.09546809465602007,1
60,Male,White,50826.53663754006,821,0.3155823241555319,163710.8801281628,30,26.058056340967305,18251.999883214743,7,4,0,1,Master,0.31046523357366335,454.7524448004522,0.10736575219596824,1
35,Male,Hispanic,61099.34329997226,339,0.3133628899366968,258615.15903256682,30,22.523637749880333,24329.970658757928,4,2,0,0,Bachelor,0.23625584644200287,718.37544175713,0.14108998289494667,1
53,Female,Black,76870.93013244102,452,0.19277270003897648,59968.27027643373,30,20.91586543311675,21519.083271845604,0,3,1,1,Bachelor,1.2818600532930442,166.57852854564925,0.026003878697757537,0
52,Female,White,37525.67930167215,405,0.4920095268856046,270646.77488979767,30,4.598374132813526,37756.97447581816,4,4,0,1,High School,0.13865186206985805,751.7965969161046,0.24041028252861643,1
62,Male,White,43631.66292563392,510,0.16463531395993938,87329.10416515265,10,13.783939935133477,9981.35470844779,9,3,0,1,High School,0.49962338836225545,727.7425347096054,0.2001507582096903,0
72,Female,Hispanic,50320.73326026957,501,0.5576585963196512,224834.7684001961,10,3.3285392924248236,11118.098824985513,4,3,0,1,Master,0.22381206260190528,1873.6230700016342,0.44680344230538677,0
26,Male,Hispanic,67991.97475958813,732,0.39378798882163624,311443.96650004224,10,24.51853348908059,18666.08414004996,1,4,0,1,Bachelor,0.2183120627561713,2595.366387500352,0.45805989251124507,0
70,Male,Black,68303.44301437246,446,0.11380818805246481,77311.96154282865,20,8.731296193192534,18900.72374078116,3,2,0,1,Bachelor,0.8834783344170394,322.1331730951194,0.05659448347761958,0
55,Male,Black,45382.717776041296,798,0.5814863128713583,224174.96755471613,30,23.005975927472814,-2243.966716559087,5,1,1,1,High School,0.20244328914629767,622.7082432075448,0.16465516576963274,1
75,Female,White,19827.810912405803,581,0.25397062977292684,181451.87542684563,30,24.43736674526708,-3649.7912997539133,0,0,0,0,Bachelor,0.10927311093237838,504.0329872967934,0.3050460726240424,1
47,Male,Black,54923.67888591935,609,0.3249874797889267,102255.23333649807,30,26.774882922346222,17888.35628227,8,1,0,0,Bachelor,0.5371234028206494,284.04231482360575,0.062058985250478184,1
77,Male,White,31633.677253431975,350,0.24213434649727608,77503.7243469721,30,22.614902354632903,40786.965682229245,6,0,0,0,High School,0.4081568662663607,215.2881231860336,0.08166794702794537,1
61,Male,Asian,20201.27590719555,794,0.4642106490168888,129246.60831175833,15,16.94187001522144,42271.32916632079,5,4,0,0,Bachelor,0.15630024006871923,718.0367128431019,0.4265295218827296,0
51,Male,Black,24722.568785325668,708,0.34284011035976936,118950.02590814592,15,17.945547441800887,3241.8847375051446,0,1,0,0,High School,0.2078399613331452,660.8334772674773,0.3207596183094315,0
49,Female,White,56527.62015691121,572,0.1661864797012513,179440.45689546625,15,9.617468304678576,13542.452365009714,7,1,1,0,Bachelor,0.3150216017887293,996.8914271970348,0.21162569896199368,1
20,Male,White,77220.74721865614,757,0.1521019761797269,157337.56196221028,30,5.30988574171336,22437.832031466853,7,0,1,0,Bachelor,0.49079664293516384,437.0487832283619,0.0679167916348947,1
20,Male,Hispanic,50777.890324724875,419,0.4626877066622874,242361.62120725046,15,3.919086144713404,24558.756339050873,3,2,0,0,High School,0.2095129173991753,1346.4534511513914,0.3181983597681939,0
45,Female,White,54227.613092919295,345,0.21854070246563576,280849.22744288517,15,5.460705633503143,5395.94028731051,3,4,1,0,High School,0.19308443034242379,1560.2734857938065,0.34527209961174643,0
61,Female,White,73657.8987775585,542,0.16889668731923627,47099.436340285756,20,28.018556622085423,45537.2793247848,0,4,1,0,High School,1.5638806852250242,196.24765141785733,0.031971748530678724,0
32,Female,Black,19110.901818328915,610,0.34971379849892137,174934.94255631557,20,4.932997626020513,11446.102872534371,8,4,0,0,High School,0.10924576610631509,728.8955939846481,0.4576836410423569,1
58,Male,White,60403.528432005434,630,0.501382643768152,105007.53562037459,15,21.712123347856497,25533.387172389965,7,1,0,1,Bachelor,0.5752304163234295,583.37519789097,0.11589558683764492,1
40,Male,Hispanic,49768.20431362357,310,0.23939137293656523,91483.36788961076,15,5.53885629944174,15061.050111052424,9,3,1,1,High School,0.5440136875336381,508.2409327200598,0.12254593624088632,0
57,Male,White,61321.149176641346,723,0.2382158058504039,43119.83649153524,20,29.25869310647321,15134.724477420903,6,0,0,1,Bachelor,1.4221099652982023,179.66598538139684,0.03515902512469596,1
28,Male,Hispanic,40330.32183192368,347,0.5169406301301884,35731.051780463924,15,10.997536064270925,31350.538538519824,1,1,0,1,Bachelor,1.1287191342622167,198.50584322479958,0.05906399975246552,1
65,Female,White,33641.254191470354,676,0.17391689728439133,148087.4000279506,30,12.364092870872096,34774.686142109684,6,2,0,0,Master,0.2271716174713093,411.3538889665295,0.14673194523318117,1
49,Male,White,52810.178085712105,307,0.40836379589327365,239290.7833334636,15,12.135347363464614,30211.130645070378,3,2,0,1,High School,0.2206945764898872,1329.3932407414645,0.30207659710985924,1
75,Male,Hispanic,82983.82646668924,825,0.5775067414912928,238934.70228067902,30,24.493775521806256,6752.421746873513,2,1,0,1,High School,0.3473075517059355,663.7075063352195,0.09597641390060124,0
76,Male,Black,67218.20209082926,669,0.5206515747886538,94732.07160969169,15,6.548715742263286,-183.85699327087787,9,0,1,0,High School,0.7095611966322968,526.2892867205094,0.09395478076179826,0
74,Male,White,39846.14459639817,739,0.1309076168898646,84617.91133564021,10,24.93074207716888,59904.729609249895,3,4,0,1,Bachelor,0.47089492008786293,705.149261130335,0.2123616028419701,0
71,Female,White,23180.559280374404,783,0.2599554382808127,223924.48538001344,15,19.711765633262434,24604.59105061806,9,4,1,0,Bachelor,0.10351953803102679,1244.0249187778525,0.6440008131284878,0
53,Male,Black,16358.654326044292,572,0.17118723279630818,156825.73426964963,10,6.608405033907748,6532.055629941367,5,3,0,0,Bachelor,0.10431103289410946,1306.881118913747,0.958671362227946,1
77,Male,Black,76321.98903700963,430,0.5746203188435699,288971.0181603402,15,1.9622263752273206,34133.24843784488,6,1,0,0,High School,0.26411641389816176,1605.3945453352233,0.25241394763284974,1
50,Male,Asian,30898.35423728345,820,0.5929707831110406,88927.88552817024,15,23.24977624316876,6411.589154971112,1,3,0,1,High School,0.3474540528403274,494.0438084898347,0.19187189247524294,1
41,Male,Asian,43489.73174010127,413,0.21749651027001896,14228.90485682807,30,6.568891374485602,49526.31558299286,6,2,1,0,Bachelor,3.0564356271756017,39.52473571341131,0.010905949739938112,1
56,Male,Black,76424.22252155152,831,0.43484952241437624,261248.42102978152,20,26.672004891684896,13884.236852239934,9,4,1,0,High School,0.292534677225243,1088.5350876240896,0.1709199075961223,1
51,Female,White,17721.970890420165,798,0.5208158660235592,10996.073639497976,20,3.893558320942173,32883.29183176245,1,4,1,0,Master,1.6116635329507722,45.81697349790823,0.031023845224353804,1
73,Male,White,79845.29018950117,638,0.21684014220723827,55420.00977536573,30,18.490936944225066,19326.65542803821,1,3,0,1,High School,1.4407303519638228,153.94447159823815,0.023136413616814223,1
45,Female,Black,44927.19092214996,320,0.19384031716048875,133077.1610302453,20,20.765051811645336,-2861.782757703946,0,1,0,0,Master,0.3376025651158809,554.4881709593554,0.1481031401015501,1
54,Female,White,27028.333695225225,332,0.10560551162364015,171500.6558249124,10,19.731072436716573,5240.832168328165,6,3,0,1,High School,0.15759901071643048,1429.17213187427,0.6345217495047036,0
24,Female,White,45052.981457021735,432,0.3059812284707629,260147.7327566638,10,9.480894434887633,8486.594494046722,0,2,0,0,Master,0.17318229522747083,2167.8977729721983,0.5774262309472938,1
21,Female,White,35548.064371970446,325,0.5497187311973583,98578.18229604834,15,26.265705696614045,9727.697156645427,2,1,0,0,Bachelor,0.36060782968398725,547.6565683113797,0.1848730426210904,0
54,Male,White,58816.39597811431,663,0.5514898245281744,331771.1726208887,10,23.094159502462414,22812.024824006767,7,2,0,0,Bachelor,0.17728000752290546,2764.759771840739,0.564079398445871,0
73,Male,White,37037.351322244445,391,0.16387156375450815,48390.14181998634,20,15.306190248638423,-16477.185739988076,0,1,0,0,Bachelor,0.7653904272491115,201.62559091660975,0.06532613711894061,0
18,Male,White,11767.155781619142,844,0.20217624026419748,162806.10599325312,10,18.098790838153462,22914.109322014832,5,3,0,1,Bachelor,0.07227711583561114,1356.717549943776,1.3835637856308831,0
18,Female,Hispanic,45588.74931182021,537,0.3040236654672668,283015.49592649,15,16.99113680842121,-9636.695856694765,1,0,0,1,High School,0.1610821667646826,1572.308310702722,0.4138674566257659,0
64,Female,White,22869.09895426922,317,0.49031227258185095,288309.3649198477,10,28.400957320362757,25369.03697411115,8,3,0,0,Master,0.07932138784540353,2402.5780409987306,1.2606940286382637,1
37,Female,White,54086.39767976639,573,0.40592574176586427,-95502.59487769305,20,26.89239710337868,7991.768881414866,1,1,0,0,Bachelor,-0.5663343257744254,-397.92747865705434,-0.08828707306700549,1
36,Male,White,26257.393354333515,588,0.35692487176010823,470794.4141783535,30,7.064918554682102,22019.29057249558,5,2,0,0,Master,0.05577252525427434,1307.7622616065375,0.597665843197206,0
46,Female,Black,40239.74393655828,326,0.39596594211130154,167777.18272185838,15,7.882793331451353,-9.382827417357475,3,3,0,1,Bachelor,0.239840384036415,932.0954595658799,0.27796264142299176,0
27,Male,White,53651.756084286724,733,0.14809984690114833,227844.53374190064,30,29.443142163972972,10560.115356347267,8,1,0,0,Bachelor,0.23547528309396593,632.9014826163907,0.1415576738898398,1
77,Male,Black,45750.82549931461,407,0.33883182112745347,166636.11200280985,10,7.096821058586062,-10696.347517564755,0,2,0,0,Bachelor,0.2745552866628522,1388.634266690082,0.36422536683038914,0
35,Male,Asian,55008.6056600209,623,0.5960316447695642,413515.3887995252,15,28.604379734477856,1306.8374658188477,0,2,0,1,Bachelor,0.13302674374396598,2297.3077155529177,0.5011523607236356,1
45,Male,White,63605.74331435514,830,0.1442230734695439,328934.37409279577,15,19.492611152902352,41021.47782876756,9,2,0,1,Master,0.1933690982883148,1827.413189404421,0.3447638079548065,1
52,Male,White,26841.326005373878,403,0.35962333881744324,410750.693823832,10,1.5032831712320271,41417.54499471297,2,1,1,0,Master,0.06534700101294516,3422.9224485319337,1.530292109047057,0
60,Male,White,48712.04918750584,631,0.2478246308286873,247323.30748923653,15,10.071815983825008,1337.2146401183818,5,2,0,1,Master,0.19695696973333493,1374.0183749402029,0.33848340963474594,0
64,Male,Asian,-16590.075950162587,661,0.36995664843097953,291214.7027016459,10,14.284622157386748,14921.568076104171,2,2,0,0,High School,-0.056968538319850506,2426.7891891803824,-1.7553548493477025,0
48,Female,Hispanic,54946.66603365048,588,0.38690938001687336,95538.12069097956,30,24.992786743513552,26874.888073406008,6,3,0,0,Master,0.5751281858618179,265.38366858605434,0.05795809378283906,1
44,Female,Hispanic,43983.71739250315,743,0.3887364490597379,173540.36342828244,30,9.857562398260548,21207.135288749687,8,2,0,1,High School,0.2534494945360647,482.0565650785623,0.1315186419856527,0
79,Female,White,30331.004730440574,336,0.5261043926554433,291295.4620306918,20,9.317349363736394,11361.39384246575,9,0,0,0,High School,0.10412453568275913,1213.7310917945492,0.48019421812681345,1
28,Male,Asian,56314.38844593048,647,0.2948737073368305,231824.56379874668,20,27.60789777085992,-3356.350607509001,1,1,0,0,High School,0.24291812534075796,965.9356824947778,0.20583066796626048,1
66,Female,White,73453.95154370135,342,0.358177081333248,210570.43387164432,10,2.3710303620352047,33155.42778053869,3,2,0,1,High School,0.34883316804331643,1754.753615597036,0.28666998772198893,0
66,Female,White,40479.645048021135,425,0.10546419948387428,122433.12008653738,10,16.54563644144986,12382.431260454214,2,2,1,0,Master,0.33062659041450204,1020.2760007211449,0.30245601200626776,0
55,Male,Hispanic,31103.710195165597,308,0.4947753007898834,316547.1420769292,30,15.1271780954431,-4681.995324864805,5,4,1,1,Master,0.0982593303199262,879.297616880359,0.3392383524781015,0
22,Male,Asian,53300.505248774236,825,0.22974385368792646,315128.0275071432,15,1.7200428066753115,19322.13526951229,4,3,0,0,High School,0.1691392088174894,1750.7112639285733,0.3941526458161673,1
25,Male,White,23287.866667072787,430,0.5082775120202582,304220.88065347174,10,2.632776615579319,14846.401629108645,2,2,0,0,Bachelor,0.07654920535714066,2535.1740054455977,1.3063492891069155,1
51,Male,White,36792.37258928922,624,0.2328193331901586,229203.79770000774,15,11.459022989340138,12370.445774096946,8,3,0,0,High School,0.1605225260597328,1273.3544316667096,0.4153103511581858,1
65,Female,White,74448.04323301004,483,0.10539424813124612,201010.455105593,20,4.024836580343429,21898.426262691297,7,3,0,0,Bachelor,0.3703690098801163,837.5435629399708,0.1350004959005192,0
69,Female,White,51243.58459624575,581,0.17741565909672338,312413.23862320854,30,14.342157133435675,16807.238831810973,2,0,1,0,Bachelor,0.16402501002221925,867.8145517311349,0.20322104128399637,1
73,Male,White,12410.660721076674,352,0.592841451286084,293680.0483020896,10,18.26666656221538,36819.529837210444,9,1,1,1,Bachelor,0.04225912108374019,2447.333735850747,2.366353048418616,1
29,Female,Asian,14060.167054411977,832,0.2599006229739943,110729.3684614569,20,20.741900535089304,6301.508581524657,4,0,0,0,PhD,0.1269777589249603,461.3723685894038,0.3937697469487421,1
55,Female,Black,53241.713852935514,676,0.1544119510063736,231634.7705846509,10,16.394101977622935,8437.801768095936,4,1,1,0,Bachelor,0.22985199380279714,1930.2897548720907,0.4350625737264458,0
18,Female,Hispanic,67247.81151835376,594,0.15937940181287527,265805.1425805278,20,11.389800476799373,31573.47573752732,4,4,0,0,Bachelor,0.25299665335850485,1107.5214274188659,0.19763107272865107,0
48,Male,Hispanic,17647.570827476997,507,0.25517135702861193,132689.6838150868,30,3.8927587981390666,57429.96311225598,7,0,0,1,PhD,0.13299881588436244,368.5824550419078,0.2506287977955792,0
21,Female,Black,58994.252149930166,776,0.11882252055838152,290344.02784012316,10,7.4245624442123255,55082.89802992892,2,3,0,1,Bachelor,0.20318741387170922,2419.5335653343595,0.49215646823055254,1
66,Male,Hispanic,76606.87014979438,368,0.35574429406097685,271765.6290329648,10,12.582650310475605,30978.45601266184,2,2,0,1,Bachelor,0.2818857941027637,2264.7135752747067,0.35475359912441773,0
62,Male,Black,87757.17975917278,736,0.2068704577446601,158369.47254214474,15,27.723434502069015,14741.685724812702,7,4,0,1,Bachelor,0.5541293934398824,879.8304030119152,0.12030884384749631,0
67,Male,White,56624.45519719752,600,0.3596553206984361,64321.09716237223,15,6.0780174358318515,11989.400407768015,8,1,0,1,Master,0.8803403190442275,357.3394286798457,0.07572828964490197,0
22,Male,Black,60136.05189104949,326,0.1703821093496101,258624.08439925322,10,12.40032692797966,14193.754303678697,4,0,1,1,Master,0.2325230151350248,2155.20070332711,0.43006495482578605,1
47,Female,Black,7336.311447437118,405,0.3149286145087462,396461.2249891538,30,21.969265721221625,-6118.363980423572,9,4,0,1,Master,0.018504486656009855,1101.2811805254273,1.8013649312723514,0
73,Male,Hispanic,91995.05095991978,310,0.3989584292006223,225539.91080549278,15,21.156100560056835,30244.155284244007,7,0,0,0,Master,0.40788812335417196,1252.9995044749598,0.1634435102411147,1
41,Male,Asian,38490.19573807757,515,0.13099996916905401,264138.31774032034,10,28.967777834218293,39820.27733995807,4,3,1,0,PhD,0.14571984885554565,2201.152647836003,0.6862483099274387,1
76,Male,White,31330.576831499173,620,0.29937465462552926,83466.48364066482,10,5.727038900390231,17974.35513976933,3,0,0,1,Master,0.37536715894707867,695.5540303388735,0.2664058312413488,1
20,Female,Hispanic,44895.87731120751,759,0.2512619104948439,195221.03672133174,20,0.4955883479988554,51393.562317488075,1,1,0,0,Master,0.2299745870896799,813.4209863388822,0.21741532676609268,1
28,Male,White,80233.46828370861,825,0.22017990824431702,188853.8992418219,30,9.669697829616084,60891.168302387465,3,1,0,0,Bachelor,0.424844118155972,524.5941645606164,0.0784601502264314,1
62,Female,Hispanic,94160.92095087096,459,0.4022673130422483,111358.51283265711,15,4.490778374481481,33276.29404163579,1,2,0,0,Bachelor,0.8455655392270759,618.6584046258729,0.07884269589274663,0
21,Male,White,52508.17358951689,763,0.3942709928827036,243978.55131384422,15,16.454071571505185,9944.492018884454,6,2,1,1,PhD,0.21521635121922042,1355.4363961880235,0.30976580677533966,1
43,Male,White,69961.6834520731,821,0.4153499033388468,240139.33961161395,20,26.963371657507007,7126.983083589304,6,1,0,0,Master,0.291337868944025,1000.5805817150581,0.17162204206829884,1
44,Male,White,50864.08097371008,572,0.17944133521626068,170585.74304247237,10,20.646804989176285,31611.041401736904,8,1,0,0,Master,0.2981731067703938,1421.5478586872698,0.33537565169149985,1
63,Male,Black,29244.09053963632,540,0.24285462243116387,198726.58439029835,15,4.073965690503747,35799.1451229019,3,1,0,1,Bachelor,0.1471574154477542,1104.036579946102,0.45302961093615807,0
71,Male,White,79534.87341576582,466,0.20483938899753937,405294.8439459977,10,3.482700731864623,10147.273261632836,4,4,0,0,Bachelor,0.19623953919917916,3377.4570328833142,0.5095813025656467,1
60,Male,Asian,37557.45039287222,626,0.370251802498921,137939.11578679824,15,27.343494398262816,2606.8595912727906,3,0,0,1,Bachelor,0.2722755628716792,766.328421037768,0.24484998199447672,1
44,Female,White,80710.61546743764,828,0.33053284460480814,86864.41223480909,15,14.628286496772011,-5660.767254674098,3,4,0,1,High School,0.9291562953222235,482.5800679711616,0.07174967979262006,1
59,Female,Asian,75970.82659538167,572,0.26514686879637506,84462.345050703,10,27.71018975967892,4345.3632302304795,4,3,0,0,Bachelor,0.8994638563465903,703.852875422525,0.11117734113983897,1
68,Male,Hispanic,62280.725279144164,675,0.49300740443421653,224915.2458473026,10,22.08653146629049,13727.007439316618,2,2,0,1,High School,0.2769075304100426,1874.2937153941884,0.36113138509422527,1
67,Male,White,86579.49512508707,674,0.1469868722041914,-54451.718230178114,15,29.800453819062028,36357.09751967497,8,0,0,0,Master,-1.5900231974149746,-302.5095457232118,-0.0419281094609512,1
23,Female,White,94646.92066371476,633,0.5874483443778211,148967.65373006923,20,26.1368322798292,11409.152829984758,6,2,0,1,Master,0.6353521606456651,620.6985572086218,0.0786965136770581,1
76,Male,Hispanic,46495.13274071377,302,0.15827203890765937,103133.04983167343,20,12.426365767854154,-26013.518578219533,0,3,0,0,High School,0.4508267021735504,429.721040965306,0.11090736142943011,0
78,Male,Black,33824.117631671375,542,0.4865354062841847,194274.84322538134,20,22.746834826547715,10171.62250215415,0,1,1,0,High School,0.17410446494316034,809.4785134390889,0.28718390430896434,0
32,Female,Black,12714.603254870555,350,0.28411509458041595,194690.07003946273,20,14.13684501959835,15002.76504440312,0,2,0,0,Master,0.0653068913699264,811.2086251644281,0.7656159855592948,0
70,Female,White,94893.64510860512,649,0.5326311145659028,234474.12877670443,20,6.9921687929734375,14673.904244759151,2,1,0,1,Bachelor,0.4047083812772142,976.9755365696018,0.12354574877398292,1
47,Male,White,41206.359821631006,473,0.13708497439208103,261551.90234254586,10,7.230877762690785,-18751.895837541626,8,2,0,1,Bachelor,0.15754563225338122,2179.599186187882,0.6347367335399666,0
59,Male,Asian,72700.73714203479,415,0.28736085509616893,314179.7099614418,15,11.919664333854406,14882.771837892216,7,3,0,1,Bachelor,0.2313985748823726,1745.4428331191211,0.2881031860310959,0
54,Male,White,35174.89264981034,660,0.2677217032501181,164634.8716860156,20,3.3439867803652614,39800.5258630758,8,2,1,1,High School,0.2136539621866645,685.9786320250649,0.23402327524502523,1
75,Female,White,80765.3128182407,654,0.5965785191127677,133367.62184554758,30,5.332988546659316,13007.614164641687,4,3,0,1,High School,0.6055841118001987,370.46561623763216,0.05504327587829956,0
78,Male,White,35997.64816369173,375,0.5927744974448128,285263.2226707153,15,15.018260511602971,9878.001747925005,6,0,0,0,PhD,0.1261909888932458,1584.7956815039738,0.5282997403488524,0
54,Male,Hispanic,26165.617327653137,380,0.194901979333194,34103.10421073536,30,28.61767432085418,8417.651024344954,9,4,0,1,Master,0.7672503114662633,94.73084502982043,0.04344518709888986,0
59,Male,Hispanic,45829.871380925,528,0.4149734803491695,275736.3531208882,10,17.330590260516754,22298.31670852417,8,3,0,0,High School,0.16620902852382433,2297.802942674068,0.6016520335155322,1
77,Male,White,39364.485980767255,371,0.36775970995547014,214302.29087468903,15,12.254902475640671,-2849.788205026154,4,2,0,1,High School,0.18368672504665484,1190.5682826371612,0.36293676992571944,0
54,Female,White,61925.99570922425,702,0.17718674562036937,244903.94858353763,10,7.281009596079052,2997.5976869744336,7,0,1,1,Bachelor,0.25285829839571194,2040.866238196147,0.39547841868137734,0
52,Female,White,48972.101456149525,517,0.18388985305221153,236496.73802584514,30,5.877039141193219,36831.41196201157,7,3,0,1,High School,0.2070730525289431,656.9353834051254,0.160973786430633,0
40,Female,White,62554.047891038426,751,0.5946258642397774,213642.9970899365,15,19.752210881366867,30065.976138398633,2,2,0,1,High School,0.29279709020701145,1186.9055393885362,0.2276889658279474,1
23,Male,White,44179.57053829412,666,0.3263649968104664,217716.37608623962,15,25.449759522649764,11863.6469026275,4,3,1,0,High School,0.20292258824294485,1209.5354227013313,0.3285325071196677,0
21,Male,Asian,36697.8525796239,611,0.16290064600003676,88941.15876789046,10,11.965677793174907,27294.909281134685,7,3,1,0,High School,0.412608212980384,741.1763230657539,0.2423606628614398,0
35,Male,White,38328.789042078526,597,0.20739501936962715,134874.18153001755,15,16.519771391198482,6205.019754535677,9,1,0,1,Bachelor,0.28418181009349136,749.3010085000975,0.23459160403241286,1
77,Male,White,90898.77596062052,323,0.23417403362427483,377730.57017925923,30,21.20180283747117,6018.292283179295,2,2,0,0,PhD,0.24064447819905807,1049.2515838312756,0.13851692581020048,1
26,Female,Hispanic,54503.41864453872,409,0.3554586316593097,267285.76876858686,10,1.7488672516672743,5713.561425926486,2,4,1,0,Bachelor,0.20391440552799198,2227.3814064048906,0.4904018416014885,0
66,Male,White,10324.75581093911,351,0.2677740647531547,306060.30025775696,30,10.526911423085503,-3546.6764921892864,5,3,1,0,High School,0.033734384375379095,850.1675007159915,0.9881115055314759,0
46,Male,Black,39595.81973091838,589,0.32750589294496046,165462.81823208663,15,21.89258669286327,18579.217371580606,6,0,0,0,High School,0.2393034287339362,919.237879067148,0.27858634127966636,0
30,Male,White,51937.32064951751,743,0.18324977555068137,207935.9467650286,30,20.538570795578156,49852.47086324848,6,2,0,0,PhD,0.24977557491878796,577.5998521250795,0.1334531342553063,1
76,Female,White,86907.99362500757,766,0.2633643452937531,252669.41014666914,15,1.600431732482741,-9963.729616254426,5,4,1,1,Bachelor,0.34395930071059794,1403.718945259273,0.1938213809858829,0
64,Male,Asian,70573.97431779798,558,0.13515829635887702,320570.74728833354,30,7.134554951202149,45290.09028394705,6,2,0,0,Bachelor,0.22015101164025133,890.4742980231488,0.15141122034816412,1
79,Male,Black,31565.6432703617,623,0.5448551367379244,184736.2958879746,30,20.39871643335004,-20725.86325118676,6,4,1,0,Master,0.17086865966774245,513.156377466596,0.1950816106250887,0
69,Male,White,98367.11507144902,637,0.19937623858428913,247706.7343709395,20,8.142481270677136,27486.26769637392,3,4,0,1,Bachelor,0.3971111860210663,1032.1113932122478,0.1259093215202141,0
34,Female,Black,49376.792703970445,721,0.4784500677143694,271069.68339888024,15,24.43230881812163,-7857.888481666021,7,3,1,0,Bachelor,0.18215534870903388,1505.9426855493346,0.3659879720202823,0
62,Male,Asian,74926.59622149888,558,0.274775894101673,293490.95836332435,20,0.8851457759747805,27667.545113100878,7,1,0,1,PhD,0.2552943935286218,1222.8789931805181,0.19585232291595292,1
49,Female,White,26899.830052001947,364,0.3371986594698967,179836.89597814108,20,5.710410878803351,7806.3382089167335,1,2,0,0,Bachelor,0.14957903886014348,749.3203999089212,0.334271435229304,0
65,Female,Black,2036.7380949820435,462,0.24563051973061342,328172.3539594864,10,8.439389401516745,30772.18960407916,9,0,0,0,Bachelor,0.006206306138857399,2734.7696163290534,16.112643779188492,0
39,Male,Asian,21831.370192632785,463,0.44822063555368497,57754.193069631176,10,27.758695044302648,7928.772533931653,4,0,0,0,Bachelor,0.3780049383827743,481.28494224692645,0.2645468083772447,1
21,Female,White,-15006.669523914119,338,0.5222732096373537,87051.18571576229,30,23.88956869111997,27398.961347480003,1,1,1,1,PhD,-0.1723890306665504,241.8088492104508,-0.19336110426776237,0
22,Male,Hispanic,92241.78654505816,619,0.24313509236979405,248066.05034151004,15,26.52435259587953,16753.569165264427,2,0,1,0,PhD,0.3718436538094182,1378.1447241195003,0.1792868211779015,1
54,Female,Black,54290.65837772832,659,0.22110882183179623,245429.00533101032,10,13.214374415318623,38121.887174883304,2,2,0,1,Master,0.2212071808892615,2045.2417110917527,0.45206489047053583,0
58,Male,Black,31507.11963103937,568,0.44072013273194843,176505.26688013552,20,24.676862738292595,17086.59039492804,4,0,0,1,Bachelor,0.17850526609178077,735.4386120005646,0.28010378122005575,1
66,Male,White,59052.48059960242,623,0.19757653028386044,155771.61040383423,15,25.604807155402458,23101.594263825795,7,2,0,1,Master,0.37909655325839064,865.3978355768569,0.17585669427394385,1
30,Male,White,53786.68072360332,625,0.4199198828048861,157104.89403110166,30,11.99870471624999,20832.67789328383,2,4,0,0,Bachelor,0.3423615862212116,436.4024834197268,0.09736294804930458,1
51,Male,Black,62418.66791227982,556,0.14721403984681777,110095.13261587684,30,29.83385543232758,33095.0767897114,6,3,0,0,Bachelor,0.5669521115893403,305.8198128218801,0.05879391336931403,1
62,Female,White,74190.62802272537,499,0.41006857998034363,195505.9923896884,10,25.537158876476077,33958.83479837041,4,1,0,0,High School,0.3794800717660172,1629.2166032474036,0.263518449162882,0
39,Male,White,44201.5769394997,737,0.35670336700521654,44395.20311503683,10,29.22290906234366,20538.370850551906,9,1,0,0,Bachelor,0.9956385789015222,369.96002595864024,0.10043805264188234,1
70,Female,White,32403.213877980263,403,0.15695285778815418,313201.30234217545,10,25.994913259354966,-6048.51601197894,9,0,1,1,High School,0.10345810708851855,2610.010852851462,0.966574808047089,1
76,Male,White,66555.50428743835,671,0.42455181743229986,238187.51771815284,30,23.28610920766824,5311.497429865103,9,2,0,0,Master,0.27942482009570896,661.6319936615357,0.11929267171726533,0
40,Female,Asian,66046.65555768932,463,0.3232785785170379,329376.7923401251,20,28.315316203936373,31709.351202635993,3,3,0,0,Bachelor,0.2005200642353922,1372.4033014171878,0.24935160573908743,0
68,Male,White,52014.7161624269,412,0.20855752540854286,216104.3840763664,10,12.594577337537702,-3293.081357629573,1,0,1,1,Bachelor,0.24069255413183138,1800.8698673030533,0.4154677753148454,1
20,Male,Asian,93551.08377361545,848,0.2766920778510886,196282.5765015165,30,23.500003004905878,8894.751829663108,5,3,0,0,Master,0.4766143049528019,545.2293791708792,0.06993775257466153,1
59,Male,White,41243.557542766954,405,0.3460510528194648,212544.45192762578,15,6.386736177483287,10784.432278469707,3,2,0,0,Bachelor,0.1940467378410373,1180.802510709032,0.3435598423781793,1
51,Female,Black,32002.840567294636,663,0.145777113632191,130046.88117455147,30,21.983815641632308,16428.168818323007,3,0,0,1,Master,0.24608695170736003,361.2413365959763,0.13545347732606494,1
49,Male,White,58361.828550132035,320,0.5788047415641772,75654.91980755219,15,23.560598491571785,14286.305946383163,4,0,0,0,Master,0.7714214580967161,420.3051100419566,0.08642054996907853,0
62,Male,Hispanic,36501.24286173003,428,0.4327810781060606,101549.23112743028,15,21.495732296507693,20479.564513067173,8,3,0,1,High School,0.35944381317792556,564.1623951523904,0.18547173222221106,0
68,Male,Hispanic,59910.330482897916,782,0.151267490643848,157369.7481820747,20,25.49439196071485,3880.4176641496397,0,0,0,0,Bachelor,0.38069788618828104,655.7072840919778,0.13133774001380086,1
75,Female,White,33339.8348832112,498,0.5114310921642298,111665.1395342054,10,12.40006340548817,6868.94076526063,4,3,0,1,PhD,0.2985697687056443,930.5428294517117,0.3349300916617201,0
66,Male,Asian,41995.154341362286,820,0.26127746547307273,334871.820331014,15,16.343043962264744,46556.14742065601,4,2,0,0,Master,0.1254066535065594,1860.3990018389666,0.5316039045980895,1
38,Male,White,87816.80840078331,719,0.39839976835659197,129463.03950548744,10,0.32002232085812987,40946.85874005807,1,3,1,1,PhD,0.6783156701419875,1078.8586625457287,0.1474239862084679,0
63,Male,Black,41888.25286504642,525,0.23857142078978663,239362.5109185794,30,4.38159489018072,27610.349895258685,2,2,0,0,Master,0.17499922065613258,664.8958636627206,0.1904770387454021,0
61,Female,Asian,34022.96911965407,508,0.46670297245730363,258436.0831620589,10,19.32581776883465,29138.314532880075,3,2,0,0,Bachelor,0.13164945352588053,2153.634026350491,0.759592974537804,0
38,Female,Hispanic,73413.57577413,544,0.46150448750005113,323743.85525646806,30,16.86951598935135,23834.97297868323,0,4,0,0,High School,0.22676438357717146,899.2884868235224,0.14699545319906676,0
61,Male,Asian,28979.160994266127,587,0.37602172843620896,268166.18422576785,15,5.919975406242121,18935.88346055366,9,3,0,0,High School,0.10806418817470553,1489.812134587599,0.6169172951069396,1
28,Male,White,36141.135397058635,365,0.22046279623578904,182653.7710765648,20,7.303943824808447,6682.1464969632325,2,1,1,1,High School,0.19786689967604884,761.0573794856866,0.25269512021394624,1
56,Male,White,61531.22241017989,452,0.22685190375607275,370597.0978277782,15,10.322466057703743,41459.126527791224,0,4,0,1,High School,0.16603266126701924,2058.872765709879,0.40152742332697494,0
21,Male,White,68768.22847746583,790,0.29143139834747145,75598.84158265106,30,21.492441388305277,47740.08978418434,0,4,1,0,PhD,0.9096465903155748,209.99678217403073,0.03664426788184775,1
68,Male,Black,74409.5278216215,734,0.17250608369814266,105992.34380640277,15,18.29149807989903,11409.488042352517,8,3,0,0,Bachelor,0.7020273837658695,588.8463544800154,0.09496305729421578,0
18,Female,Hispanic,35055.563355590304,517,0.2688278565954618,221992.11148959122,20,2.087137925258694,36164.60274404428,3,4,0,1,High School,0.15791355431669918,924.96713120663,0.3166289316731094,1
45,Male,White,61920.1734597224,728,0.4421773006241563,208587.78541698543,10,22.798174470370817,13124.397728716376,3,4,0,1,Master,0.29685426371414075,1738.2315451415452,0.3368656348365478,0
41,Female,Black,40677.83600911641,801,0.5154226400297106,281712.61395614117,30,7.879786890660886,7712.4118958106865,3,0,0,0,Bachelor,0.14439479808117286,782.5350387670588,0.23084857471523795,0
78,Male,White,37886.88732978735,520,0.26629114524668074,216055.19383122772,10,20.152790352132605,12966.043708078088,8,2,1,1,High School,0.1753574475945384,1800.4599485935644,0.5702637747740266,0
52,Female,White,74064.25564584571,734,0.216795129127182,236903.47090314864,20,3.7008853398465136,13846.597347630657,7,1,1,1,High School,0.31263474259575036,987.0977954297861,0.1599310415242367,1
30,Male,Black,39008.912082808274,579,0.5163212891675671,299616.6354398644,15,29.937638301575042,28455.87990755599,3,3,0,0,Bachelor,0.13019608215525033,1664.5368635548023,0.5120481781254448,0
64,Male,White,55564.091920419596,391,0.5453520136929606,214077.35995816666,20,2.410055120631424,12740.109962128743,5,0,0,0,Master,0.2595514627575634,891.9889998256945,0.19264002394277774,1
51,Male,Hispanic,53111.58938461277,823,0.30501076165603214,267959.39870318223,30,22.252020852029855,32236.52292438608,1,1,0,1,High School,0.19820760026202444,744.3316630643951,0.16817384040403938,1
28,Male,White,28584.91247322995,438,0.11345207692481693,124435.90969231562,30,16.23991077759286,8454.551829551978,5,1,1,0,Bachelor,0.22971594408647758,345.65530470087674,0.1451067467950107,1
53,Male,Hispanic,69321.85710712642,322,0.447480810447076,131033.12982730569,15,2.578175738524149,18515.147188543728,0,0,1,1,High School,0.5290406876374604,727.9618323739205,0.12601425225795077,1
68,Female,White,61205.617873579075,716,0.4920166180915647,288103.47536387853,30,0.8043137265226652,2419.9025687455833,4,3,0,0,High School,0.21244317791125414,800.2874315663292,0.15690470111145663,0
78,Female,White,10274.18776259158,647,0.10901212658222012,212102.2475377251,20,10.879971525500359,-151.0492121100615,7,2,1,0,High School,0.04843978732834589,883.7593647405213,1.032209321256477,0
34,Male,Black,55548.422224746864,536,0.39751542667075657,216929.42247689248,30,24.06671796021432,24909.978968772117,0,0,0,0,High School,0.25606679624412837,602.5817291024791,0.1301743678690543,1
52,Male,Hispanic,34540.53131666758,482,0.3941843791220875,130649.21746578974,10,1.234537208441775,21027.951486739596,1,4,0,0,Bachelor,0.26437610562582936,1088.7434788815813,0.3782490091654867,0
77,Male,White,71941.50612825256,807,0.28935395437395706,159130.97856510425,20,21.131959899841625,12497.406554983958,2,1,1,1,Bachelor,0.45208988706632997,663.0457440212678,0.11059747503855151,1
35,Male,White,21092.00326438484,497,0.47488366292541884,228670.471288598,20,19.66128828792716,5498.129117843826,6,4,0,1,High School,0.09223754665623297,952.7936303691583,0.5420785982778656,0
57,Male,Black,42870.46062740912,422,0.3140895190571803,169890.04785304808,30,7.966130303183015,1986.5462702553668,7,3,0,1,High School,0.25234238949942095,471.9167995918002,0.13209565542855345,1
39,Female,White,57240.49101976932,845,0.438387975895682,113805.38135786951,15,2.3247610720467082,24775.15622850903,3,2,0,0,PhD,0.5029682281874908,632.2521186548306,0.1325464769552311,1
74,Female,Hispanic,51086.80588283751,680,0.358558652317576,114967.76351818816,15,27.45965881662186,9059.29359518785,7,2,0,0,High School,0.4443576557419546,638.7097973232676,0.15002929690803174,0
41,Female,Hispanic,65259.16513427943,814,0.22423230235142197,136266.84814507168,15,9.010494082101719,43928.85356981875,0,2,0,0,Master,0.47890712981637007,757.0380452503982,0.13920583452626614,0
75,Male,White,19631.560279814217,305,0.4032504315050659,166105.6382940308,30,3.341496953602834,22142.77973876572,2,4,0,1,Master,0.11818719991348843,461.4045508167522,0.28203843866114875,1
36,Female,White,83038.28673734756,603,0.46845424742292086,172348.46368073748,30,20.44551235082748,27417.628358656923,3,3,0,1,Bachelor,0.48180462398069135,478.745732446493,0.06918433670879254,1
54,Female,Hispanic,60502.89317576543,491,0.5869528367185018,356837.6755247668,30,6.50043686374884,40662.73599986882,4,4,0,1,High School,0.16955298536453486,991.2157653465745,0.19659537849874756,0
56,Male,White,77194.36426001792,675,0.2900544734012067,292417.43496437155,20,14.268922666878897,7109.459674247153,8,1,0,1,High School,0.2639868729763783,1218.4059790182148,0.18940335720584875,1
38,Male,Black,67484.80338466483,824,0.13223627233317556,229691.98069101336,20,1.5121663270809915,26267.546427708898,1,2,1,0,Bachelor,0.29380565739230946,957.049919545889,0.17018052151812912,1
25,Female,White,49767.79771089913,335,0.5939856106106759,386239.19682037865,30,29.78951846724315,27065.90026788791,6,3,0,0,Bachelor,0.12885227113301956,1072.8866578343852,0.2586941855213553,1
45,Male,Black,24316.035781776787,369,0.4119033297127681,188445.71627247744,15,13.428633803264772,11782.263083395099,2,4,0,0,Bachelor,0.12903469637175377,1046.920645958208,0.5166569034625967,0
22,Male,White,38728.93637502598,588,0.5732252290803846,247548.42677138315,10,29.97329943928603,-3483.7209977161438,9,4,1,0,Master,0.15644993943263097,2062.903556428193,0.6391820946857003,1
34,Male,Hispanic,81791.26665725154,404,0.15191354300555968,232881.36530422608,15,11.57024630802199,-12805.282586383233,1,4,0,0,Bachelor,0.3512143041174763,1293.785362801256,0.18981762953586198,0
54,Male,White,77708.75563312764,612,0.2710169199352288,247254.55175524112,20,10.435576678266582,5944.516910432243,8,4,1,1,PhD,0.3142864512765453,1030.2272989801713,0.1590905360282434,0
53,Male,White,37608.0003979262,354,0.16696834943636216,125157.80306530191,20,27.437169848012203,36288.556676266664,2,4,0,0,Bachelor,0.30048466397499785,521.4908461054246,0.16639784319961268,1
71,Female,Hispanic,-6366.085724043573,406,0.5177550772910298,169556.24232447255,15,9.883975615334643,7810.935410877048,7,1,1,0,High School,-0.03754556975767997,941.9791240248475,-1.7756200557598398,0
36,Female,White,45746.205313897626,606,0.540171370714658,118846.80787004043,15,12.960166419488122,33962.15115713824,0,2,0,0,Bachelor,0.38491740866882457,660.2600437224469,0.1731973279598413,1
44,Female,White,44245.94223741767,335,0.3506558499375102,240765.7602103817,20,2.3433131014247257,8120.922801935016,4,4,1,0,Master,0.18377173813566955,1003.1906675432571,0.27207665611285387,0
70,Male,White,45004.54775919233,432,0.19330310883101523,200332.7419583195,20,28.66387164106427,20233.67445395608,4,1,0,1,High School,0.2246489880748291,834.7197581596646,0.22256944234863557,1
51,Female,White,60570.78403662803,324,0.16355948451985428,11783.117092046974,30,2.554537225527066,27503.652905286155,5,3,0,1,Master,5.140472046866982,32.7308808112416,0.0064844887841865335,0
28,Male,Asian,67524.25158643327,336,0.3940820550401034,251355.21968628917,10,23.135548006059725,35022.423738860416,6,3,0,0,High School,0.2686407374818346,2094.626830719076,0.37224436225634605,1
71,Male,Hispanic,69805.99094199049,318,0.35318816229265027,221673.64541996428,30,16.158461814335308,12651.122023894102,2,1,1,0,PhD,0.3149043306873125,615.7601261665675,0.10585225443098785,1
62,Male,White,58914.182802707335,334,0.44739455118383376,370422.74944929616,30,1.8421543214260416,9948.364102698575,4,1,0,0,Bachelor,0.1590458007514238,1028.9520818036003,0.2095832343629791,0
64,Male,Hispanic,13984.58596154728,662,0.25260363130999564,292701.3444849836,15,0.051114841231685304,-10127.472271041188,7,1,0,1,High School,0.047777662197464654,1626.118580472131,1.3953522127376998,0
29,Male,Black,43176.00534613409,717,0.30118399751218117,311283.6743549456,15,28.066609155813882,13123.36601916324,5,3,0,1,Master,0.13870308308203158,1729.3537464163644,0.48064300508186075,1
71,Male,Asian,96081.79567098379,729,0.11068053692557869,87115.90859848294,10,22.265202127066317,69382.54096837509,1,4,0,0,High School,1.102919055965135,725.9659049873578,0.09066848510699878,1
38,Male,White,57484.33469604957,817,0.40507152253776446,311822.4319581091,30,20.593087306182447,16299.97150018126,6,2,0,0,Bachelor,0.18434958105827404,866.1734221058585,0.18081588871523643,1
71,Male,Black,57356.3913688773,766,0.3115717606732389,180510.36074915138,30,13.15669591797666,-1751.351620291749,2,4,0,0,Master,0.31774570241197053,501.4176687476427,0.1049056937050726,0
28,Female,Black,57189.71879547716,498,0.559882316906724,130808.28146575761,20,7.158413601329324,17300.996812895086,9,0,1,1,PhD,0.43720258499419257,545.0345061073234,0.11436345922031582,1
56,Male,White,58307.592450119795,845,0.4208931488524025,-34541.693456793175,20,20.395892241917217,30676.117456650845,8,1,0,0,Bachelor,-1.6880351428934552,-143.92372273663824,-0.029620236409471413,1
45,Female,White,2337.756378281534,510,0.29934724572484694,331337.02511779947,10,18.249032058512977,10587.607155481508,3,4,0,1,Master,0.00705552413724484,2761.141875981662,14.173291459966526,0
22,Male,White,45209.51366177863,800,0.2317945904366752,171542.6754721021,15,21.790265845450094,3263.1414497497863,3,2,0,0,High School,0.263546744490009,953.0148637339006,0.2529595529463806,0
34,Male,Hispanic,49242.14336410621,540,0.5526424713038194,187778.09709527175,20,10.973775555007862,57688.64170620927,3,4,0,0,High School,0.26223582050212463,782.4087378969656,0.19066807846563774,0
73,Female,White,75629.90798506825,469,0.10813253705872164,232103.6867864653,10,29.607712815395708,25579.458900633155,9,0,0,0,High School,0.3258453539975327,1934.1973898872106,0.30689404888908495,1
37,Male,Asian,50953.45789244592,593,0.2634562336261961,386229.9802347153,30,2.0102596628559857,42974.48350482402,9,0,0,1,Bachelor,0.1319251754135737,1072.8610562075423,0.2526684783919088,1
58,Male,White,17069.772267961176,614,0.5717527918940175,177416.4140292718,10,2.391048511086421,13995.468570835328,7,4,0,1,High School,0.09621303846861005,1478.4701169105983,1.03936016980303,1
63,Female,Black,58601.783123435045,426,0.427016503490787,198456.72803150243,10,27.50627542741845,46600.957050607205,0,2,1,0,High School,0.29528745991485245,1653.806066929187,0.3386530536340266,0
75,Male,Asian,33923.5070351451,767,0.3663595356416496,296864.9006453758,20,19.431193047571305,33611.427985244256,2,4,0,0,PhD,0.114272542700051,1236.9370860223992,0.4375504282882969,1
29,Female,Black,25664.287178371644,666,0.20176735896021372,172088.54688700603,20,9.790022045463132,27667.622340657017,7,1,1,0,High School,0.1491341965669738,717.0356120291918,0.33526851085120374,1
23,Male,Hispanic,33316.81906566839,320,0.5166873871271935,116877.59455360506,30,22.858582731018785,1568.8435571698392,6,2,1,1,Bachelor,0.2850573644411194,324.6599848711252,0.11693552769172036,0
34,Male,Hispanic,60850.08459329031,615,0.20209953129638805,-18837.229216845764,30,13.583201635591196,8964.266903492235,5,3,0,1,Bachelor,-3.23030971767723,-52.325636713460455,-0.010318927981092114,0
68,Male,White,75175.22479520137,389,0.22412676576062499,333628.4063500385,30,0.6336452642319634,26750.841895384638,6,2,1,1,High School,0.2253262113308437,926.7455731945513,0.14793366975132072,0
36,Male,Black,59658.598903551734,703,0.19592557143592762,223872.83283560764,10,19.53311008259872,14790.76534984163,0,4,1,0,Bachelor,0.2664843167788908,1865.6069402967303,0.3752566049992829,0
43,Female,White,62640.46447234043,817,0.17907473028476098,254605.7737563824,10,7.293358112745687,25588.106722814915,7,4,0,1,Bachelor,0.24602923786118644,2121.7147813031866,0.4064557565163111,1
65,Female,Black,59460.905456760025,750,0.5766562479894014,151382.68129361002,20,3.4600534983020337,12848.269484968128,3,3,0,0,Bachelor,0.39278538964067033,630.7611720567085,0.1272959771893278,0
61,Male,White,52026.54353720936,449,0.40101579807065424,267974.37943734776,30,6.758195474982126,26322.449872745114,0,0,1,0,Master,0.19414745412022918,744.3732762148549,0.17169080833113107,1
61,Male,Hispanic,63938.61269925515,745,0.41891856600504696,141620.36341459118,20,14.284736433877455,10171.237477442879,3,4,0,0,Bachelor,0.451478948066783,590.0848475607966,0.11074713497517047,0
69,Female,Black,1624.4906586115903,379,0.5771627328393918,216267.06066442846,30,1.4956929384972073,26753.929716951094,1,0,1,0,Master,0.007511502924304488,600.7418351789679,4.437638335396077,0
49,Male,White,52221.76702609666,316,0.21528752756278133,210780.39575286195,30,26.49457160338643,4872.318807461927,4,0,0,1,Bachelor,0.24775438360655797,585.5010993135054,0.13454185087706763,1
23,Male,White,29101.49930755497,437,0.10295876929884604,312933.76791865163,20,16.797540497080856,14858.023806051782,0,1,0,0,Bachelor,0.09299571440024337,1303.8906996610485,0.5376591848609871,1
72,Male,Asian,73258.05145088279,807,0.39944182478514556,264700.6649911307,20,8.789885403462472,16774.91356459457,0,0,0,0,High School,0.27675809372574656,1102.9194374630447,0.18066318974413628,0
75,Male,White,47056.89389566279,373,0.3539224266120793,137345.88855893823,20,20.61014544266049,6472.6832545062625,4,2,0,1,Bachelor,0.3426159631671072,572.2745356622426,0.1459359906578931,0
53,Female,White,50618.9617653566,373,0.338825188699147,260127.51811297552,30,24.127094909398238,10373.938166125423,1,0,1,1,Bachelor,0.19459287557332697,722.5764392027098,0.1712978095170426,0
55,Female,White,19898.56251492393,349,0.13094010562309957,163287.90065130315,10,18.41773883950441,24200.86460139354,8,1,0,0,Master,0.12186183076366919,1360.7325054275263,0.8206014908304917,0
28,Male,Asian,70336.61778025703,309,0.3272174332873923,118777.15032085273,20,6.074840457315707,30617.64841416583,9,4,0,0,Master,0.5921729692138321,494.90479300355304,0.0844347894946639,1
50,Male,Asian,62546.56240547619,402,0.24377978254534946,255097.9654303512,20,3.308652604393311,23760.75139862214,6,4,0,1,Bachelor,0.2451864416086577,1062.9081892931301,0.2039264474493457,0
79,Male,Black,61138.957646810064,687,0.23728233861215656,219399.13289490851,10,25.7969909110016,27601.398611207365,3,3,0,0,Bachelor,0.27866544794457065,1828.326107457571,0.35885324405159486,1
41,Male,Hispanic,33739.542956623554,684,0.21119079008954642,80407.00412026425,10,7.040622406552215,21287.077829250862,6,0,1,0,Master,0.4196095020050683,670.0583676688688,0.238316814853235,1
40,Male,White,34527.2031012374,598,0.26626417987728535,148479.63706423578,15,0.6024729203249313,9576.561837024186,7,2,0,0,Bachelor,0.23253830480674006,824.8868725790877,0.2866911183603604,1
32,Female,Asian,54471.989088918104,638,0.27656653757170624,274540.9758695577,20,19.28706324462756,-5902.874654838433,7,3,1,0,High School,0.19841114396999635,1143.9207327898237,0.25200197428205434,1
44,Male,White,36110.03179503897,688,0.2543878881809988,238911.49543445162,15,4.586559895929387,12056.779808767975,7,3,0,0,Master,0.1511439695665302,1327.2860857469534,0.4410805595344741,1
28,Male,White,58697.85925354677,773,0.5893763578597545,243104.56383253392,15,29.729094592937255,18175.676678511973,4,1,0,1,PhD,0.24145107902614957,1350.580910180744,0.27610838160489876,1
74,Male,White,6781.747944665556,441,0.5663655427547436,384533.9877174641,10,26.091924952182357,10583.069714607012,6,4,1,1,Bachelor,0.017636277055562737,3204.4498976455343,5.670130928707459,0
68,Male,Black,40249.10887186814,469,0.3872550497624311,299599.89643864735,30,18.25337178003653,43292.87747512503,6,0,0,1,PhD,0.13434286643724003,832.2219345517982,0.24812134962823224,1
67,Male,Hispanic,85935.06930852983,312,0.590527419205155,188321.36601338768,30,25.015969278256303,24145.942961486566,1,0,0,1,Bachelor,0.4563213995719463,523.1149055927435,0.07304792929852023,0
34,Female,White,58789.716559915294,748,0.5955990051595951,159605.30064808612,10,14.116071023060886,18627.195171530155,2,4,0,1,High School,0.36834438656608776,1330.0441720673844,0.27148506573496584,0
68,Male,Asian,53335.87329061986,473,0.27796985500865123,131986.99851102143,15,23.654587333873057,28206.061157782275,1,1,0,1,Bachelor,0.4040994483723039,733.261102839008,0.16497589129407944,1
70,Female,White,89704.53071342714,431,0.32259377286987223,154021.71882354104,15,19.396006571914533,50336.852075299736,2,1,0,1,Master,0.5824148139536052,855.6762156863391,0.11446595290753936,1
31,Male,White,3280.9276239712854,839,0.5795308884923328,40085.78948929606,15,0.859339439089678,15776.83470749795,8,1,0,0,Bachelor,0.08184764889930327,222.69883049608922,0.814521462292537,1
44,Male,White,33693.77770423785,568,0.40431309964934325,78390.40950258,15,28.462730026585273,5536.364754379407,6,2,1,0,High School,0.42982015170017596,435.50227501433335,0.15510363207253824,1
35,Male,Black,41976.536565052214,550,0.20646454141863627,265776.1203944672,20,25.82758734590061,24827.69368835564,3,0,1,1,High School,0.1579394586042955,1107.4005016436133,0.31657700008501954,1
45,Male,Hispanic,67167.0246601078,669,0.4446903341682502,353477.75976944226,15,28.602221717796656,2760.642743471257,7,1,0,0,Master,0.19001768231166183,1963.765332052457,0.3508445417059757,1
68,Male,White,67513.12726456473,825,0.20287309102304377,205523.24985130437,10,21.94097803682447,5699.620296912644,6,1,0,1,Master,0.32849386779067735,1712.6937487608698,0.304419685738919,1
64,Male,Black,32679.865820347477,805,0.2696788718359229,129737.82415860328,15,12.361827649848664,41360.0724728895,9,4,1,1,High School,0.25189158236842824,720.7656897700182,0.2646641306542627,0
64,Female,White,69959.086442851,477,0.21378008154767578,-140448.6485931853,15,6.209556698588466,39437.11808322579,5,3,0,0,Bachelor,-0.498111495864158,-780.2702699621406,-0.13383884375326202,0
21,Female,Black,41933.70465356585,846,0.22249010796692112,370386.2616975285,10,5.399890426976071,29753.626927108307,3,3,0,1,PhD,0.11321614484667498,3086.5521808127373,0.8832662526658791,1
24,Male,Asian,74232.79251298335,558,0.10232779078339113,66147.74779489831,15,4.347487451633149,25848.07754422525,4,3,0,0,Bachelor,1.1222270596899837,367.4874877494351,0.05940568451903432,1
62,Male,White,29347.146037558843,559,0.5403544160997259,52789.029367269395,30,6.6182892792455315,1684.8848116264853,9,0,0,1,High School,0.5559326698996829,146.63619268685943,0.05995929927872071,1
52,Male,Hispanic,47533.76801867679,434,0.2479952476378969,170254.87823422684,10,16.51908040042186,7870.287511093304,7,2,0,0,PhD,0.27919181236782287,1418.7906519518904,0.35817669276151415,0
65,Male,Black,40196.6536924688,760,0.14318718976139724,195767.40903570142,20,20.51235189863523,39845.38141060503,2,0,0,1,Bachelor,0.20532862896059617,815.6975376487559,0.2435120725887441,0
26,Male,White,71120.60743131427,788,0.14349370284054427,201036.31131098812,20,9.421696830488047,12396.168786712009,2,4,0,0,Bachelor,0.35376995811117934,837.6512971291172,0.14133478226064208,1
25,Female,Asian,39544.37566867658,380,0.3780091382304761,114505.8438247473,10,16.462409085235905,8001.157075130759,4,1,1,1,High School,0.3453481005668127,954.2153652062275,0.28956290721122274,0
69,Male,White,49151.02941976488,666,0.5964602752669685,241571.33236979487,20,10.237579783615505,17150.906879418126,8,0,0,0,Bachelor,0.20346383379847818,1006.5472182074786,0.24574391952882774,0
62,Male,White,60136.22795326098,358,0.17251123363509582,147823.40541442603,20,20.89529921021988,28655.575947477242,4,3,1,1,Master,0.40681127447083093,615.9308558934418,0.12290711476725577,0
34,Male,White,60905.16966052239,373,0.14981089047482973,150304.45184305124,20,29.654586609607534,16887.49074103577,0,2,0,0,Master,0.40521201410667407,626.2685493460468,0.12339219534304639,0
34,Male,White,67739.05214946343,538,0.3191519402010453,172128.6426565595,10,20.670509051486505,17330.2147656392,4,4,1,1,Bachelor,0.3935373631256716,1434.4053554713291,0.25410547858975757,1
66,Female,Hispanic,54222.49553689334,428,0.38166562692039774,132308.56398485298,15,1.7709173051296,-12671.075380196562,8,1,1,0,Master,0.40981848720768266,735.0475776936277,0.1626736439366196,0
50,Male,Black,41635.021694403375,711,0.24719017943897023,74571.0401089293,20,14.317048735019679,18937.812442534276,6,2,0,1,Bachelor,0.558326954184697,310.71266712053875,0.08955326198251173,0
49,Male,Asian,43006.02509282499,614,0.25126104625693324,81099.13197653358,30,23.111624779035925,34961.232896762514,8,0,0,1,Master,0.530289585655109,225.27536660148218,0.06285873649989564,1
25,Female,White,50513.44630415224,673,0.31223825092447477,89484.8767363962,15,16.267248187607468,18971.054281005727,9,0,0,0,High School,0.5644914330379459,497.13820409108996,0.11810040465607072,1
36,Male,White,54991.84952148767,736,0.25707280757530304,245607.76974721428,15,28.531890891686942,51049.05296534815,9,2,1,0,High School,0.22390109880516676,1364.487609706746,0.2977505113750173,1
55,Female,White,47056.567043031275,437,0.5576657917842583,239911.86820646893,20,1.6431503761263366,9165.28465402891,4,2,1,0,Master,0.19614105544180183,999.6327841936205,0.25491858340099427,1
20,Male,Black,50384.06841931095,754,0.12097728564531449,173124.36259617275,20,8.73466629887034,12657.228108161671,2,1,0,1,High School,0.2910281814976905,721.3515108173865,0.17180466765345467,0
76,Male,Asian,19654.922788557895,308,0.21728507993513732,178089.75158039405,15,6.621543229193659,9942.095124318668,1,3,0,1,High School,0.1103652659074275,989.3875087799669,0.6040547822589901,0
22,Female,Black,63347.105689093565,531,0.5042763981137106,316753.88736255816,20,23.028666052907663,9522.974207181476,8,2,0,1,High School,0.19998840808727356,1319.807864010659,0.25001449073078447,0
30,Male,White,53622.2457777886,696,0.5169790623324784,251420.81526487405,10,15.713792054520203,28053.86214081495,4,1,0,1,Bachelor,0.21327687495284386,2095.1734605406173,0.4688740868981238,1
64,Male,Hispanic,70037.40827082176,617,0.15577753948210057,356488.5380182647,10,4.150326340590174,15876.397013645725,0,2,0,0,High School,0.19646468483997484,2970.7378168188725,0.5089973298837518,0
63,Male,Hispanic,50003.2101481417,806,0.5868817250063584,142268.85392952163,20,8.56779790384284,49165.136372113826,1,2,0,1,Bachelor,0.3514698317097059,592.7868913730068,0.14225972043397786,1
78,Male,White,15232.048429564275,821,0.4466774249495544,83504.43395170484,15,15.679779689891246,23707.682251775554,1,3,0,1,PhD,0.18241005547530323,463.91352195391573,0.36547692775463664,1
48,Female,Hispanic,42831.0762138665,386,0.23629652799179782,299690.43313968595,20,29.883869437609476,6920.318530882192,3,1,1,1,Master,0.1429177293554209,1248.7101380820247,0.3498516260054441,0
72,Female,White,46001.40153763167,617,0.32801893240722724,197943.39410397605,30,10.928770722461154,5110.809492789391,5,0,0,0,High School,0.23239675032281185,549.8427613999335,0.143432871961555,1
33,Female,White,64858.06610867198,632,0.2485693097839836,119716.17662773325,10,4.70478292019086,45000.37422916829,7,1,0,0,High School,0.5417652646087519,997.6348052311104,0.18458178575220632,0
67,Female,White,8594.529109732095,659,0.1750111249272097,248879.8641403044,15,14.91199577374974,23310.79149666797,2,1,0,0,High School,0.03453284233909332,1382.66591189058,1.9305293787298787,0
49,Male,White,50823.5903389787,540,0.2455890323744576,129498.36242473232,30,9.305591316991972,39578.595184008525,9,1,1,0,High School,0.39246511992395766,359.7176734020342,0.08493323773534793,1
39,Male,White,60273.50431586612,355,0.39004596874480923,268899.59462443454,20,16.979004714856444,21042.60216862842,9,3,1,0,High School,0.22414873625989895,1120.4149776018105,0.22306616951890967,1
46,Male,White,36770.24229436961,409,0.5129848474177343,248595.16709579708,10,14.001309083556778,20238.157675278486,5,3,0,0,PhD,0.1479121365227509,2071.6263924649757,0.6760770437834805,0
39,Male,White,51492.56019633695,348,0.2817645374447886,177403.65423007152,30,20.684697651375682,40096.69282035352,3,4,1,0,Bachelor,0.2902564798894007,492.7879284168653,0.11484096184875756,1
60,Male,Hispanic,37459.26981700311,315,0.2739507702739209,31333.443129716296,15,27.428721266025487,25591.88895413709,7,0,1,1,Bachelor,1.1955044219662263,174.0746840539794,0.0557644668156234,1
20,Female,Asian,35408.54133559219,372,0.33400035054066135,107683.62202610998,10,6.0154305230625305,25426.768802590952,8,3,1,1,Bachelor,0.32882011831851926,897.3635168842499,0.304117644964572,1
71,Male,Hispanic,41831.60299737366,501,0.4222777999821732,351835.4317545723,20,24.635402111051945,13920.880367089987,8,3,1,0,Master,0.11889536761196318,1465.9809656440514,0.4205378309034223,0
27,Male,White,35786.16015065979,392,0.4758081312161546,374547.7743719638,20,28.47797146645606,33071.29480429725,5,1,0,1,Master,0.09554498143972553,1560.6157265498491,0.5233137235108728,1
59,Male,White,63672.36623872665,332,0.2633997523997369,459325.5146083299,10,11.208290445538864,18886.055543544964,1,1,0,1,PhD,0.13862144429973702,3827.712621736083,0.7213891076172383,1
79,Female,White,35300.962463292446,718,0.3931762339125695,240038.22334071193,30,3.409881017900964,11673.955662946908,1,2,1,0,High School,0.14706392162045798,666.7728426130888,0.22665880908139985,0
38,Female,White,31941.799859041454,502,0.2946804206404412,90990.93039183243,10,24.657335123486753,52287.29866391545,9,2,1,0,Bachelor,0.35104377679721616,758.2577532652703,0.2848647565051865,0
33,Female,Black,85358.57333679067,611,0.45819992518169295,333900.5997921176,10,21.032874283147166,15505.869524339154,8,2,0,0,Bachelor,0.25564067087610465,2782.504998267647,0.3911740634120956,1
29,Male,Black,69214.8002364807,768,0.18233746025851041,173583.18937440883,10,6.381366145021552,8144.553508913439,4,3,0,0,Bachelor,0.39874137862041703,1446.5265781200735,0.25078912137482295,1
19,Female,Hispanic,12769.732786815992,693,0.22846243252564805,131767.72214316862,30,13.356707795476503,37061.43383698828,6,2,0,1,Master,0.09691093220038659,366.0214503976906,0.3439584428350011,0
58,Male,Black,34704.63420294933,510,0.31303020992137487,233474.40268222956,10,17.33976619469663,30180.87042560338,5,0,0,0,High School,0.14864427879138464,1945.620022351913,0.6727470496213672,1
41,Female,White,54849.259434454216,455,0.5447073949606839,389692.904496929,15,5.095622599542726,10056.739973629514,8,2,0,1,Master,0.1407499567005497,2164.9605805384945,0.4736531948532122,1
52,Male,White,56475.10134462987,621,0.3866628946753451,189469.09006658543,20,21.447384798886794,18817.231569269494,4,4,0,0,High School,0.2980702621455707,789.4545419441059,0.16774568398769393,0
73,Male,Black,20190.14268526213,734,0.5826980594907059,201700.15829870146,30,20.696482241830697,30033.870080353117,7,4,1,0,Master,0.10009978601683682,560.2782174963929,0.3330010448546479,0
47,Male,White,73171.30985644643,339,0.15163884264054192,46785.19679505582,15,26.613798375348857,23169.533931486098,3,1,1,0,Master,1.5639842272541014,259.91775997253234,0.042626175830247234,1
74,Female,White,66504.48838363252,339,0.3300877068254674,210775.2503349406,10,17.018188932845852,31789.930131170695,6,3,1,0,Master,0.3155232328176623,1756.4604194578383,0.3169338723712589,1
47,Male,White,59638.03264080677,752,0.30953926502269213,266548.1051591574,15,17.229390920869108,19901.226471068938,8,4,0,1,Bachelor,0.2237420994052708,1480.8228064397636,0.2979621038860073,1
64,Female,White,77134.56981424242,489,0.40010308820298424,191235.55898645808,30,18.581620679079045,32271.19479670706,1,0,1,1,Bachelor,0.4033484683656795,531.2098860734947,0.08264152698632048,1
52,Male,White,59045.799851418364,314,0.5059823043537891,198650.4188313154,20,8.213497841457198,15366.156683781372,8,1,0,0,Master,0.2972347111009984,827.710078463814,0.16821723080320294,0
36,Male,Hispanic,58971.61758503695,423,0.5207240127915301,222513.75425754162,30,22.758175538340087,10310.873952660622,7,4,0,0,Bachelor,0.26502459491462305,618.0937618265045,0.12577449026597542,0
67,Male,Hispanic,81153.58543644485,579,0.4350973043527542,95082.27821768251,10,19.874977837878934,35795.07884718658,9,2,1,1,High School,0.8535090550801786,792.3523184806876,0.11716337325865396,0
25,Male,White,72024.39161455417,347,0.4207681821227768,-27772.140593546326,10,25.174368763827324,24366.260736311804,0,4,0,0,Master,-2.593404400065984,-231.4345049462194,-0.03855935464498159,1
43,Male,White,33169.850821769374,488,0.5745147710224038,189671.18165688447,20,23.05758014917812,30304.431593521156,9,4,0,1,Bachelor,0.17488081495571478,790.2965902370186,0.28590900615748815,0
66,Male,Hispanic,62663.90357343831,603,0.2918437008192123,177438.16284713536,30,19.157166915121874,38364.963982676054,6,1,1,0,Bachelor,0.3531591094494359,492.8837856864871,0.09438616318094971,1
57,Female,White,36714.64270082836,404,0.5163916570942442,257000.19412929035,30,4.826764527287969,11411.472467929845,4,3,1,1,PhD,0.14285842399931473,713.8894281369177,0.23333124081988493,1
24,Male,White,60083.09101900556,668,0.560751863546147,439710.35988673667,30,27.5744196962649,27985.66292428462,4,2,1,0,High School,0.13664242760730527,1221.4176663520464,0.24394570498359067,1
47,Female,White,59532.270140396286,800,0.34576962213259843,329602.3768716349,15,11.01636544149445,54799.88031878881,6,2,0,1,Bachelor,0.18061844913084893,1831.1243159535272,0.36910219851555714,0
24,Male,White,22330.65375088028,759,0.4645512893016501,-5699.613935034577,20,28.92895705550287,17598.01571525628,9,2,0,0,Bachelor,-3.917923916498532,-23.748391395977404,-0.012761860890010659,1
20,Female,Hispanic,47563.0877737793,546,0.2885099283354531,452078.3372894506,30,12.056124060016414,1904.1175482390645,3,2,0,0,Master,0.10520983610706887,1255.7731591373627,0.3168271576757425,0
18,Male,Hispanic,55305.14047160804,563,0.17943950709770204,266400.85992939945,20,4.378148780495125,32330.627313718083,0,3,0,0,Bachelor,0.20760120851811364,1110.0035830391644,0.2408463821425076,1
53,Male,White,41274.196180116865,505,0.3932519407362126,173532.11693016658,15,26.54519242499004,-4971.752194089549,5,2,1,1,Bachelor,0.23784759219370658,964.0673162787032,0.28029153480928387,0
42,Male,White,56294.19884781519,806,0.19823582542476595,347638.87095906003,30,23.851762203861153,3535.3166166968804,0,3,1,0,Bachelor,0.16193298146582902,965.6635304418335,0.2058464744587397,1
54,Male,White,66117.95554002137,829,0.32879956540193456,-55312.48047209912,15,23.588881683394188,20093.247940307367,0,1,1,1,High School,-1.195353290535809,-307.29155817832844,-0.0557715172530991,1
18,Female,White,49388.138715384885,663,0.5364396566641666,145546.94266607342,10,2.6823225219335445,19568.70332057019,7,0,0,0,Bachelor,0.3393279021236158,1212.8911888839452,0.2947001981687035,1
32,Male,Asian,54491.989534165186,639,0.14300909378184026,219708.16169821477,10,26.378394991559013,22823.285880364423,3,3,1,0,Bachelor,0.2480198692345982,1830.901347485123,0.403193503442305,1
54,Male,Black,77668.4815711195,706,0.11521426783232483,206732.2569572097,10,17.892019114885834,53103.23684662756,4,2,1,1,High School,0.3756959978780459,1722.7688079767474,0.26617265173120325,0
30,Female,Black,59463.93166450452,752,0.40323892369094383,351407.7794761675,20,14.110672088188611,21269.19591683442,9,1,0,1,Master,0.16921632114447074,1464.199081150698,0.2954797720564544,0
57,Male,Hispanic,54016.485793489475,449,0.26553066329744757,318049.03685806785,30,27.395148642394158,11339.496343805253,9,1,0,1,Bachelor,0.16983697333941244,883.4695468279663,0.19626664723186035,0
25,Female,Hispanic,30838.412407172786,492,0.30896885346295766,268212.363538293,30,19.98124057445821,10382.881437574213,0,4,1,0,Bachelor,0.11497759462072653,745.034343161925,0.28991155575387617,0
22,Male,Hispanic,63420.52022777697,446,0.3028552943291658,172303.61458797383,15,3.9909247155895775,13158.495996516802,9,4,0,1,High School,0.3680742297799915,957.2423032665213,0.18112288574648447,0
77,Female,White,56602.99898783877,705,0.1433101145047818,296133.2435706768,15,15.58611528170111,1794.4981266572577,6,0,1,0,High School,0.1911403066583762,1645.1846865037598,0.34878392648924417,0
26,Male,White,75674.78867402815,482,0.10178321633979728,140193.5442734612,10,19.098497665426883,28400.833016487333,1,0,0,0,PhD,0.5397879700253322,1168.2795356121765,0.18525792635820876,1
18,Male,Black,50937.57086606623,405,0.5492116214321322,277232.0381773479,20,26.956520931949026,24525.529278321053,5,4,0,0,PhD,0.18373623481958817,1155.1334924056164,0.2721292294309576,1
53,Male,White,13674.669997320088,535,0.2088992804518732,127102.24010539216,20,8.396823050247004,27001.465144114292,8,4,1,0,Master,0.10758795427980783,529.5926671058007,0.46473604163866916,0
52,Female,Asian,15997.582623434762,478,0.3130394959321442,229419.39231712618,15,23.827016569422458,32010.219310553897,1,1,1,0,Bachelor,0.06973073401450441,1274.5521795395898,0.9560585817553504,1
19,Male,Black,64713.615275194665,731,0.5859628983355393,54418.1714849408,15,23.994387115042382,29289.064516333514,5,3,1,0,Master,1.1891912849938908,302.3231749163378,0.05606050726062052,1
57,Male,Asian,38596.12804603693,700,0.5133812909918262,303551.88034609845,30,3.841484544710422,-722.0844702166141,4,4,1,1,Master,0.1271483741165796,843.1996676280512,0.26216090897686756,0
40,Female,White,58735.355022209944,824,0.1539654276313511,155542.6013962925,30,0.516995482676188,15781.582801669905,1,2,1,1,High School,0.37761587176084066,432.0627816563681,0.08827312575051051,1
26,Female,Hispanic,52284.652890047124,839,0.3542595158062929,63095.86606956972,15,17.442290876953695,16399.357712421253,8,3,1,0,Bachelor,0.8286541757331278,350.5325892753873,0.08045173562021245,0
51,Female,White,46663.20664612159,622,0.46503951324750803,103634.39724375005,30,23.68436658872957,40658.86635979891,1,3,0,1,PhD,0.45026755485795755,287.87332567708347,0.07403005829244957,1
63,Female,Asian,48072.77428823553,560,0.4491963924996062,169354.16731706497,15,16.632924729818914,41976.6592748461,0,2,1,0,High School,0.28385941160948025,940.8564850948054,0.23485804570885033,0
31,Male,White,32692.209899095462,698,0.4804209262022351,108779.00981957818,20,24.40042455599626,13609.714608333828,8,2,0,0,Bachelor,0.3005378514965254,453.2458742482424,0.1663683950325241,0
21,Male,Black,49684.44622200658,636,0.32872732744401767,272016.7438207368,10,18.669094214025424,5130.797095882765,8,2,0,0,Bachelor,0.18265216149616653,2266.8061985061404,0.5474887303871232,0
47,Female,Hispanic,38310.13134411203,599,0.18796146466514105,172226.46111335073,15,19.59877085016901,22377.919112534833,8,1,1,0,Bachelor,0.22244044902541568,956.8136728519485,0.2997056828412059,0
48,Female,White,42554.8695974859,418,0.33243622195968636,293497.0358025097,15,0.8446327728757674,15219.332495924122,7,4,1,0,Bachelor,0.14499250215978507,1630.5390877917205,0.4597938905364808,0
55,Male,White,43527.01910581678,712,0.42394362458664603,171709.6138397753,30,2.657946087582783,18746.607352269602,3,4,1,1,Bachelor,0.2534920330461663,476.9711495549314,0.13149657183609642,1
28,Male,Asian,45466.13460202562,683,0.40429604330258395,271707.90290656977,15,21.750888531476242,38234.02024224541,8,1,0,0,Bachelor,0.16733460497709457,1509.4883494809433,0.3984033468498179,1
52,Female,White,68443.46913014172,779,0.13526102689430372,200898.47246197792,20,22.88529847128867,24033.125183521526,1,3,0,1,High School,0.3406868568554962,837.0769685915747,0.14676233906260644,1
25,Male,Black,47404.18341590613,604,0.13247621704109588,174062.34933929582,10,16.265339341929778,12802.237072301363,0,1,0,1,Master,0.2723402481687882,1450.5195778274651,0.3671877391329358,0
20,Male,White,70474.04673180197,495,0.582628915577606,95936.86703114327,30,17.704953823531035,10117.45693675487,9,4,0,0,Bachelor,0.7345877441351562,266.4912973087313,0.04537692549251184,0
31,Male,Hispanic,80757.09902652963,632,0.17590272751988553,206785.22418095503,20,18.430975195352325,-1540.4597817773974,6,0,0,1,PhD,0.39053611952399536,861.6051007539793,0.12802913098266674,0
77,Male,Black,67098.89302112299,319,0.24723123200586097,273539.59926953365,10,3.149739565618482,28436.081868537483,5,1,1,0,High School,0.24529864487739764,2279.496660579447,0.40766633688490556,1
30,Female,White,60689.37070137022,732,0.48381724107808277,131248.7628639817,30,20.037258127527902,24232.775190840206,2,0,0,0,High School,0.4623995638287655,364.57989684439366,0.07208772659153553,1
62,Male,White,56536.644189670405,725,0.30483853791158744,198752.9593029934,20,14.354099302861512,28452.515686808983,1,0,0,1,Bachelor,0.2844568673993017,828.1373304291392,0.1757735731857488,1
49,Female,Black,67307.1741810014,528,0.19073242663001636,144842.25554441672,15,18.07568930061837,19748.20466689145,7,2,1,0,Bachelor,0.46469294425176405,804.6791974689818,0.1434639098599001,1
51,Male,White,51787.21477192479,823,0.3336161911548907,393621.72842059366,30,16.894254864315677,4156.65482638689,3,2,1,0,High School,0.1315659452533804,1093.3936900572046,0.25335836921277227,0
62,Male,White,69691.39691914397,516,0.3844749853816829,231199.24286908953,15,22.890007453621166,20835.356813588234,5,2,0,0,Bachelor,0.30143436481150104,1284.4402381616085,0.2211647856021857,1
78,Female,Black,62282.116105793684,674,0.32638330463903786,208994.3873248842,30,9.55704791147944,37092.343250752725,3,0,0,1,Bachelor,0.29800855852159996,580.539964791345,0.11185361084492915,1
36,Male,White,42803.190784392245,335,0.5594730377360545,151424.68303040552,10,11.205787352023561,20873.687478407493,8,4,0,0,High School,0.2826698390763514,1261.8723585867126,0.35376961449710664,1
76,Male,White,67917.01760205612,327,0.24234964754975216,288392.35012291424,30,11.748189195737389,44640.310988006604,4,2,1,0,Master,0.23550214689505305,801.0898614525396,0.1415415263631872,1
55,Male,Black,51829.60011955137,671,0.43066608034983545,199932.1403329659,30,22.873682975220373,23783.748443177632,5,2,0,1,PhD,0.2592359589270371,555.3670564804609,0.12858298467272097,1
33,Male,White,47877.35984775368,385,0.15614736070494886,193509.23147896858,20,12.933378654091056,49515.37303838714,8,3,0,0,High School,0.24741641254958527,806.2884644957024,0.2020884527617156,1
19,Male,White,40476.01679202026,487,0.2961427288320133,192671.1841664019,30,5.312243151001641,50734.997632249215,5,0,0,0,Master,0.21007820638639377,535.1977337955608,0.15867106782139895,1
57,Female,White,53320.37695749145,604,0.47049662579248686,89402.28212849515,10,29.49122911251086,6536.132523125589,1,0,0,0,Bachelor,0.5964095735370123,745.0190177374595,0.1676700114100267,1
34,Female,Black,69929.25230825967,721,0.21240847029473273,349583.8599884062,20,14.801455918936433,10299.406168393927,0,2,0,0,Bachelor,0.2000357004770725,1456.599416618359,0.2499553823680131,0
72,Female,Black,67778.80011186075,379,0.39488552282720635,291960.73816291505,15,3.2774424946818916,13144.205463905775,8,3,1,1,Master,0.2321503930231878,1622.0041009050835,0.28717016498872705,0
51,Male,Hispanic,57067.875949179135,485,0.17671851460453017,200891.9871847262,30,20.10824867978107,-5619.22377597302,1,3,1,0,High School,0.2840724348886226,558.0332977353505,0.11734096392141133,1
59,Male,White,61992.872814500704,304,0.15135084568068555,189689.73363727354,10,22.17487072585451,26959.46745564892,1,1,1,0,Master,0.32681195563827425,1580.7477803106128,0.3059863578267716,1
77,Male,White,75433.93583045116,796,0.3616163744625214,111840.58297941882,10,15.006685167266863,26549.05938859926,3,1,1,0,High School,0.6744773124468842,932.0048581618234,0.1482629558542417,1
33,Male,White,47000.674176582776,808,0.4375054980430143,52398.211064239236,30,19.39371654831964,22881.646461584496,9,2,1,0,PhD,0.8969900540871676,145.55058628955342,0.037161318769866836,1
55,Male,White,27691.599929395878,301,0.15668353311724173,111904.99876987057,30,5.180245934481898,1647.3805562727066,9,0,0,1,Bachelor,0.24745632665027648,310.847218805196,0.1347039042588006,1
77,Male,Asian,76022.59704357146,516,0.5588881261864576,314362.87364356377,15,11.037671558411366,43827.3455115816,2,3,0,1,High School,0.2418307103585288,1746.4604091309097,0.2756749404069866,1
19,Female,White,39404.43495938563,836,0.21288613134873344,161330.19117046206,15,4.854858101148486,-8206.329608168635,6,3,1,1,High School,0.24424712246048705,896.2788398359003,0.27294760321056244,1
19,Male,White,36193.23753312191,556,0.15998765407965002,308238.90583232045,15,11.617057690944252,155.3562472595113,6,3,0,0,Master,0.11741943294079413,1712.4383657351136,0.5677651901136475,0
43,Male,White,14076.044893308972,752,0.20134945417510527,196999.84787797445,15,16.884015665607574,33292.617693070235,2,0,0,0,Bachelor,0.0714520597093453,1094.4435993220802,0.9330265206889096,1
30,Female,Black,61425.66106328593,723,0.18478622826592098,113158.65304047467,15,13.2761822154574,24738.779003267722,2,1,0,0,PhD,0.542827785704688,628.6591835581926,0.12281365917944187,1
73,Male,Black,17570.94750895557,623,0.1453373253064745,126599.47332611009,15,17.79644522207222,10788.412793123543,8,2,1,1,Bachelor,0.13879163196591046,703.3304073672783,0.4803363554586714,0
64,Female,Black,34994.823846165265,798,0.49891961738935375,224659.95819092638,20,15.052775201056555,20824.70381417994,6,1,0,0,Bachelor,0.15576796207014804,936.08315912886,0.32099026870161634,0
48,Female,Hispanic,61764.73589030118,496,0.34776888737205547,38050.76476828073,20,9.53443120205269,21937.609756839654,2,3,0,1,Master,1.623219303644286,158.5448532011697,0.03080298508509917,0
77,Female,White,64438.42504816744,803,0.29425972018934143,123296.43643395652,10,4.302479943630364,37664.12329215548,2,3,1,0,High School,0.5226300687342553,1027.4703036163044,0.1913399285314515,1
51,Male,White,36965.91703563533,571,0.5753139634920665,154638.99274689407,20,7.580185842638317,1755.5872756578246,2,0,0,0,High School,0.23904654562862696,644.329136445392,0.20916428584447305,1
56,Female,White,47316.93346015189,317,0.2855041935323954,282054.8633400322,30,6.0213975568379965,24378.43095470308,8,0,0,1,High School,0.1677579067413874,783.4857315000895,0.19869902993436492,0
20,Male,Black,32548.10947187694,406,0.1834863630235947,228294.28868586992,30,21.222668810721316,36181.54635689631,7,0,1,0,High School,0.14257084423457797,634.1508019051943,0.23380189345367527,0
25,Female,Black,39032.064243776345,828,0.23702144596329813,218739.86149937572,30,24.599005332371426,5029.167282171804,6,2,0,0,High School,0.17844056394763577,607.6107263871547,0.18680356414427807,1
40,Male,Black,55324.30520305814,424,0.21948326679429822,246338.03043897817,10,21.61165815898277,19226.592907360195,7,4,1,0,High School,0.22458694300863483,2052.816920324818,0.4452618601080262,1
31,Male,Black,39967.06642407084,782,0.3493706397816524,303411.67309060064,20,19.31202440985475,19115.56519017275,0,4,0,0,Bachelor,0.13172553981512908,1264.2153045441694,0.37957711215435347,0
73,Male,Black,45115.69919648662,303,0.24575256197728698,205056.80132082928,30,9.235540614413088,-4203.623807776017,8,2,0,1,Bachelor,0.2200156196033662,569.6022258911925,0.15150439497625257,1
79,Male,Hispanic,20705.86636764866,650,0.35803058609318095,96571.81861780057,20,21.32956677319534,24382.539900567397,4,2,1,1,High School,0.2144089928511718,402.38257757416903,0.23319917385511257,1
72,Female,Black,72659.12329612275,650,0.4346467124733945,218789.20228742785,30,18.152503799674392,25278.109739849533,4,2,0,1,Bachelor,0.3320964770494888,607.747784131744,0.1003724388451312,1
44,Female,Hispanic,60201.331863421314,527,0.4886493928566289,115960.67358611575,15,1.4068010006287701,42444.05151294176,4,1,0,0,High School,0.5191530024936779,644.2259643673098,0.12841429471936555,0
71,Female,White,65858.10743674403,315,0.4550788906336154,-6906.970382492582,20,27.228363551802463,19680.15387818063,8,2,1,1,PhD,-9.535020970073598,-28.77904326038576,-0.005243826957164422,1
46,Male,Black,75808.50649233724,724,0.20279535822818048,218893.3410314267,20,2.3986152330491786,26566.35305640392,4,1,0,0,High School,0.3463262342067014,912.0555876309446,0.14437254548310652,1
56,Female,Asian,33495.74248908567,763,0.1579498596213769,251672.90191258024,30,15.081237124765165,42083.0399289374,1,0,0,0,PhD,0.13309236804811259,699.0913942016118,0.2504526279169021,1
70,Male,White,42832.110339439525,545,0.37122507955062545,234686.49663665667,20,15.392074581571942,10373.359509122609,5,3,1,0,Bachelor,0.1825077750670611,977.8604026527361,0.2739609311528119,0
56,Female,Hispanic,12103.312648355779,476,0.1994558956040726,250533.70849016984,15,25.11021566275145,2286.887692591601,6,4,0,0,Master,0.048310116516040294,1391.8539360564992,1.3799732121227961,0
18,Female,Hispanic,112808.45820204474,842,0.14246686088575664,311468.04812048055,30,27.39202503127099,21831.09190580648,6,3,0,1,High School,0.3621830838918306,865.1890225568904,0.09203448425904023,1
34,Male,White,47008.29369365248,808,0.3635471714897086,103092.98418078638,15,28.190273745293787,17041.52292527744,6,4,0,0,High School,0.45597956123975986,572.7388010043688,0.14620538360405258,0
58,Female,Black,70774.55799829825,532,0.26339709255389776,161199.61773718853,30,17.090164004369345,18637.909285394748,1,0,0,0,PhD,0.4390491676828006,447.7767159366348,0.07592164109832826,1
47,Male,White,25236.777113290824,337,0.47807450596925194,71290.71692007405,20,20.371266906348104,13655.008232368997,5,4,0,1,Bachelor,0.3539980828301174,297.04465383364186,0.14124370279144943,1
70,Male,Asian,69927.76851286019,790,0.257095815274209,244934.23099519993,30,2.6555958723768915,7402.367336213927,8,0,0,0,Bachelor,0.2854961032957071,680.3728638755554,0.11675582590634453,1
30,Male,Hispanic,87151.81753299331,743,0.5893585685279069,322881.3115353375,10,14.637480325320668,34013.810031386354,0,3,0,0,PhD,0.269919052046018,2690.677596127812,0.37048144338826133,1
38,Male,White,48794.38501944037,319,0.4792615956303541,145552.45451865406,30,26.935701127268537,19693.871419502404,2,1,0,1,Bachelor,0.33523574151191565,404.31237366292794,0.09943251630330273,0
36,Female,White,29782.370068207973,410,0.12884661074443107,272230.6195410411,20,13.670914531141833,53682.09581472201,5,4,0,1,High School,0.1094012500078744,1134.2942480876711,0.45703316914935743,1
70,Male,Black,47224.07198108928,786,0.3544363701781381,123064.58383355293,15,2.087818063002919,4400.2317442505755,6,2,0,0,Bachelor,0.38373405662315235,683.6921324086273,0.17373143070315739,0
36,Male,White,5464.769500855473,388,0.38131025060705515,264548.548389605,15,6.019234272493607,50095.281473824594,1,1,1,0,Bachelor,0.02065696271675404,1469.7141577200277,3.22732182754999,0
74,Male,White,49242.26597956316,618,0.4476513553407988,-23385.33636775968,10,12.885207673064837,24387.542957068385,9,1,0,1,Master,-2.105689873567578,-194.877803064664,-0.04749037417868871,1
42,Female,Black,66419.34278625992,417,0.3488983985168791,352263.9891673172,30,7.125849147271572,20278.15870757547,7,0,1,0,PhD,0.1885499081051747,978.5110810203256,0.17678785244880482,1
39,Female,White,49284.847112529715,733,0.3417217992072866,90972.63357224975,30,11.76877756025162,3489.98661587515,5,3,0,1,Bachelor,0.5417546483733273,252.70175992291595,0.06152846760691396,1
48,Female,White,44317.20890622065,538,0.2839693058388064,216894.31746404347,15,9.988856260081771,10061.454372360713,8,2,1,0,Master,0.20432627938059056,1204.9684303557972,0.3262755376780942,0
34,Female,Hispanic,60551.36232224066,371,0.23573069194958687,340480.4551935522,15,9.567871584478562,38879.50538904496,8,3,1,0,Bachelor,0.17784093447542873,1891.5580844086232,0.37486682615175765,0
72,Male,Asian,62080.496938991055,698,0.5731001059883672,83197.5808168259,20,2.7349382927050616,-19982.690321525115,8,3,1,1,Master,0.7461815154898817,346.65658673677456,0.06700782445297387,0
